{"type":"FeatureCollection","source_date":"2026-07-01","features":[{"type":"Feature","geometry":{"type":"Point","coordinates":[135.928731,33.643742]},"properties":{"code":2941,"type":"IC","name":"那智勝浦ＩＣ"}},{"type":"Feature","geometry":{"type":"Point","coordinates":[135.967741,33.690281]},"properties":{"code":2941,"type":"IC","name":"新宮南ＩＣ"}},{"type":"Feature","geometry":{"type":"Point","coordinates":[136.004648,33.721663]},"properties":{"code":2941,"type":"IC","name":"新宮北ＩＣ"}},{"type":"Feature","geometry":{"type":"Point","coordinates":[135.412245,33.702778]},"properties":{"code":2941,"type":"IC","name":"上富田ＩＣ"}},{"type":"Feature","geometry":{"type":"Point","coordinates":[135.40864,33.649243]},"properties":{"code":2941,"type":"IC","name":"南紀白浜ＩＣ"}},{"type":"Feature","geometry":{"type":"Point","coordinates":[135.455804,33.578766]},"properties":{"code":2941,"type":"IC","name":"日置川ＩＣ"}},{"type":"Feature","geometry":{"type":"Point","coordinates":[135.510049,33.555165]},"properties":{"code":2941,"type":"IC","name":"すさみＩＣ"}},{"type":"Feature","geometry":{"type":"Point","coordinates":[135.602188,33.517032]},"properties":{"code":2941,"type":"IC","name":"すさみ南ＩＣ"}},{"type":"Feature","geometry":{"type":"Point","coordinates":[135.371647,33.746074]},"properties":{"code":2941,"type":"IC","name":"南紀田辺ＩＣ"}},{"type":"Feature","geometry":{"type":"Point","coordinates":[135.219812,33.826541]},"properties":{"code":2941,"type":"IC","name":"印南ＩＣ"}},{"type":"Feature","geometry":{"type":"Point","coordinates":[135.23715,33.81096]},"properties":{"code":2943,"type":"SA","name":"印南ＳＡ"}},{"type":"Feature","geometry":{"type":"Point","coordinates":[135.327187,33.778327]},"properties":{"code":2941,"type":"IC","name":"みなべＩＣ"}},{"type":"Feature","geometry":{"type":"Point","coordinates":[135.191574,34.009376]},"properties":{"code":2941,"type":"IC","name":"広川ＩＣ"}},{"type":"Feature","geometry":{"type":"Point","coordinates":[135.196981,33.967851]},"properties":{"code":2941,"type":"IC","name":"広川南ＩＣ"}},{"type":"Feature","geometry":{"type":"Point","coordinates":[135.195394,33.935064]},"properties":{"code":2941,"type":"IC","name":"川辺ＩＣ"}},{"type":"Feature","geometry":{"type":"Point","coordinates":[135.18445,33.898098]},"properties":{"code":2941,"type":"IC","name":"御坊ＩＣ"}},{"type":"Feature","geometry":{"type":"Point","coordinates":[135.18209,33.889263]},"properties":{"code":2941,"type":"IC","name":"御坊南ＩＣ"}},{"type":"Feature","geometry":{"type":"Point","coordinates":[135.211787,34.143919]},"properties":{"code":2941,"type":"IC","name":"海南ＩＣ"}},{"type":"Feature","geometry":{"type":"Point","coordinates":[135.201316,34.126407]},"properties":{"code":2941,"type":"IC","name":"下津ＩＣ"}},{"type":"Feature","geometry":{"type":"Point","coordinates":[135.231314,34.155355]},"properties":{"code":2941,"type":"IC","name":"海南東ＩＣ"}},{"type":"Feature","geometry":{"type":"Point","coordinates":[135.200629,34.058988]},"properties":{"code":2941,"type":"IC","name":"有田ＩＣ"}},{"type":"Feature","geometry":{"type":"Point","coordinates":[135.20123,34.054046]},"properties":{"code":2941,"type":"IC","name":"有田南ＩＣ"}},{"type":"Feature","geometry":{"type":"Point","coordinates":[135.201745,34.037475]},"properties":{"code":2944,"type":"PA","name":"吉備湯浅ＰＡ"}},{"type":"Feature","geometry":{"type":"Point","coordinates":[135.201015,34.028051]},"properties":{"code":2941,"type":"IC","name":"湯浅ＩＣ"}},{"type":"Feature","geometry":{"type":"Point","coordinates":[135.213418,34.23955]},"properties":{"code":2941,"type":"IC","name":"和歌山ＩＣ"}},{"type":"Feature","geometry":{"type":"Point","coordinates":[135.24775,34.275411]},"properties":{"code":2943,"type":"SA","name":"紀ノ川ＳＡ"}},{"type":"Feature","geometry":{"type":"Point","coordinates":[135.219769,34.258387]},"properties":{"code":2941,"type":"IC","name":"和歌山北ＩＣ"}},{"type":"Feature","geometry":{"type":"Point","coordinates":[135.228782,34.20836]},"properties":{"code":2945,"type":"スマートIC","name":"和歌山南ＳＩＣ"}},{"type":"Feature","geometry":{"type":"Point","coordinates":[135.272427,34.284241]},"properties":{"code":2942,"type":"JCT","name":"和歌山ＪＣＴ"}},{"type":"Feature","geometry":{"type":"Point","coordinates":[135.306244,34.287822]},"properties":{"code":2941,"type":"IC","name":"岩出根来ＩＣ"}},{"type":"Feature","geometry":{"type":"Point","coordinates":[135.366626,34.288779]},"properties":{"code":2941,"type":"IC","name":"紀の川ＩＣ"}},{"type":"Feature","geometry":{"type":"Point","coordinates":[135.413532,34.291722]},"properties":{"code":2941,"type":"IC","name":"紀の川東ＩＣ"}},{"type":"Feature","geometry":{"type":"Point","coordinates":[135.47194,34.296544]},"properties":{"code":2941,"type":"IC","name":"かつらぎ西ＩＣ"}},{"type":"Feature","geometry":{"type":"Point","coordinates":[135.474215,34.297111]},"properties":{"code":2944,"type":"PA","name":"かつらぎ西ＰＡ"}},{"type":"Feature","geometry":{"type":"Point","coordinates":[135.502496,34.303103]},"properties":{"code":2941,"type":"IC","name":"紀北かつらぎＩＣ"}},{"type":"Feature","geometry":{"type":"Point","coordinates":[136.005936,33.74247]},"properties":{"code":2941,"type":"IC","name":"紀宝ＩＣ"}},{"type":"Feature","geometry":{"type":"Point","coordinates":[136.005292,33.736332]},"properties":{"code":2941,"type":"IC","name":"紀宝鵜殿ＩＣ"}},{"type":"Feature","geometry":{"type":"Point","coordinates":[136.138287,33.931183]},"properties":{"code":2941,"type":"IC","name":"熊野新鹿ＩＣ"}},{"type":"Feature","geometry":{"type":"Point","coordinates":[136.113954,33.902871]},"properties":{"code":2941,"type":"IC","name":"熊野大泊ＩＣ"}},{"type":"Feature","geometry":{"type":"Point","coordinates":[136.163049,33.970662]},"properties":{"code":2941,"type":"IC","name":"賀田ＩＣ"}},{"type":"Feature","geometry":{"type":"Point","coordinates":[136.188154,34.002439]},"properties":{"code":2941,"type":"IC","name":"三木里ＩＣ"}},{"type":"Feature","geometry":{"type":"Point","coordinates":[136.222186,34.117774]},"properties":{"code":2941,"type":"IC","name":"海山ＩＣ"}},{"type":"Feature","geometry":{"type":"Point","coordinates":[136.182189,34.079962]},"properties":{"code":2941,"type":"IC","name":"尾鷲北ＩＣ"}},{"type":"Feature","geometry":{"type":"Point","coordinates":[136.187682,34.042632]},"properties":{"code":2941,"type":"IC","name":"尾鷲南ＩＣ"}},{"type":"Feature","geometry":{"type":"Point","coordinates":[136.273084,34.16995]},"properties":{"code":2944,"type":"PA","name":"紀北ＰＡ"}},{"type":"Feature","geometry":{"type":"Point","coordinates":[136.385393,34.293849]},"properties":{"code":2941,"type":"IC","name":"紀勢大内山ＩＣ"}},{"type":"Feature","geometry":{"type":"Point","coordinates":[136.329989,34.216877]},"properties":{"code":2941,"type":"IC","name":"紀伊長島ＩＣ"}},{"type":"Feature","geometry":{"type":"Point","coordinates":[137.302666,34.867447]},"properties":{"code":2941,"type":"IC","name":"音羽蒲郡ＩＣ"}},{"type":"Feature","geometry":{"type":"Point","coordinates":[137.359872,34.849417]},"properties":{"code":2944,"type":"PA","name":"赤塚ＰＡ"}},{"type":"Feature","geometry":{"type":"Point","coordinates":[137.414246,34.838358]},"properties":{"code":2941,"type":"IC","name":"豊川ＩＣ"}},{"type":"Feature","geometry":{"type":"Point","coordinates":[137.448406,34.843993]},"properties":{"code":2944,"type":"PA","name":"豊橋ＰＡ"}},{"type":"Feature","geometry":{"type":"Point","coordinates":[137.49836,34.843535]},"properties":{"code":2944,"type":"PA","name":"新城ＰＡ"}},{"type":"Feature","geometry":{"type":"Point","coordinates":[137.544966,34.826029]},"properties":{"code":2942,"type":"JCT","name":"三ヶ日ＪＣＴ"}},{"type":"Feature","geometry":{"type":"Point","coordinates":[137.580585,34.797665]},"properties":{"code":2941,"type":"IC","name":"三ヶ日ＩＣ"}},{"type":"Feature","geometry":{"type":"Point","coordinates":[137.609596,34.783391]},"properties":{"code":2943,"type":"SA","name":"浜名湖ＳＡ"}},{"type":"Feature","geometry":{"type":"Point","coordinates":[137.489176,34.690957]},"properties":{"code":2941,"type":"IC","name":"豊橋東ＩＣ"}},{"type":"Feature","geometry":{"type":"Point","coordinates":[137.513037,34.678041]},"properties":{"code":2941,"type":"IC","name":"白須賀ＩＣ"}},{"type":"Feature","geometry":{"type":"Point","coordinates":[137.532907,34.679347]},"properties":{"code":2941,"type":"IC","name":"大倉戸ＩＣ"}},{"type":"Feature","geometry":{"type":"Point","coordinates":[137.580113,34.681111]},"properties":{"code":2941,"type":"IC","name":"新居弁天ＩＣ"}},{"type":"Feature","geometry":{"type":"Point","coordinates":[137.630024,34.676347]},"properties":{"code":2941,"type":"IC","name":"馬郡ＩＣ"}},{"type":"Feature","geometry":{"type":"Point","coordinates":[137.64792,34.675253]},"properties":{"code":2941,"type":"IC","name":"坪井ＩＣ"}},{"type":"Feature","geometry":{"type":"Point","coordinates":[137.663884,34.680335]},"properties":{"code":2941,"type":"IC","name":"篠原ＩＣ"}},{"type":"Feature","geometry":{"type":"Point","coordinates":[137.644014,34.8747]},"properties":{"code":2941,"type":"IC","name":"浜松いなさＩＣ"}},{"type":"Feature","geometry":{"type":"Point","coordinates":[137.660193,34.882129]},"properties":{"code":2942,"type":"JCT","name":"浜松いなさＪＣＴ"}},{"type":"Feature","geometry":{"type":"Point","coordinates":[137.638049,34.774261]},"properties":{"code":2945,"type":"スマートIC","name":"舘山寺ＳＩＣ"}},{"type":"Feature","geometry":{"type":"Point","coordinates":[137.679763,34.76499]},"properties":{"code":2941,"type":"IC","name":"浜松西ＩＣ"}},{"type":"Feature","geometry":{"type":"Point","coordinates":[137.749758,34.842091]},"properties":{"code":2943,"type":"SA","name":"浜松ＳＡ"}},{"type":"Feature","geometry":{"type":"Point","coordinates":[137.751861,34.841528]},"properties":{"code":2945,"type":"スマートIC","name":"浜松ＳＡＳＩＣ"}},{"type":"Feature","geometry":{"type":"Point","coordinates":[137.737398,34.757621]},"properties":{"code":2945,"type":"スマートIC","name":"三方原ＳＩＣ"}},{"type":"Feature","geometry":{"type":"Point","coordinates":[137.737956,34.75741]},"properties":{"code":2944,"type":"PA","name":"三方原ＰＡ"}},{"type":"Feature","geometry":{"type":"Point","coordinates":[137.787695,34.747925]},"properties":{"code":2941,"type":"IC","name":"浜松ＩＣ"}},{"type":"Feature","geometry":{"type":"Point","coordinates":[137.66706,34.999383]},"properties":{"code":2941,"type":"IC","name":"鳳来峡ＩＣ"}},{"type":"Feature","geometry":{"type":"Point","coordinates":[137.667189,34.939809]},"properties":{"code":2941,"type":"IC","name":"渋川寺野ＩＣ"}},{"type":"Feature","geometry":{"type":"Point","coordinates":[137.667232,34.887163]},"properties":{"code":2941,"type":"IC","name":"浜松いなさ北ＩＣ"}},{"type":"Feature","geometry":{"type":"Point","coordinates":[137.509432,34.925736]},"properties":{"code":2944,"type":"PA","name":"長篠設楽原ＰＡ"}},{"type":"Feature","geometry":{"type":"Point","coordinates":[137.537928,34.92549]},"properties":{"code":2941,"type":"IC","name":"新城ＩＣ"}},{"type":"Feature","geometry":{"type":"Point","coordinates":[137.721777,35.043665]},"properties":{"code":2941,"type":"IC","name":"東栄ＩＣ"}},{"type":"Feature","geometry":{"type":"Point","coordinates":[137.757697,35.061723]},"properties":{"code":2941,"type":"IC","name":"浦川ＩＣ"}},{"type":"Feature","geometry":{"type":"Point","coordinates":[137.790613,35.075702]},"properties":{"code":2941,"type":"IC","name":"佐久間川合ＩＣ"}},{"type":"Feature","geometry":{"type":"Point","coordinates":[137.672682,35.457734]},"properties":{"code":2941,"type":"IC","name":"園原ＩＣ"}},{"type":"Feature","geometry":{"type":"Point","coordinates":[137.74538,35.448819]},"properties":{"code":2944,"type":"PA","name":"阿智ＰＡ"}},{"type":"Feature","geometry":{"type":"Point","coordinates":[137.395191,35.453783]},"properties":{"code":2941,"type":"IC","name":"恵那ＩＣ"}},{"type":"Feature","geometry":{"type":"Point","coordinates":[137.427721,35.455112]},"properties":{"code":2943,"type":"SA","name":"恵那峡ＳＡ"}},{"type":"Feature","geometry":{"type":"Point","coordinates":[137.438235,35.454413]},"properties":{"code":2943,"type":"SA","name":"恵那峡ＳＡ"}},{"type":"Feature","geometry":{"type":"Point","coordinates":[137.127099,35.351746]},"properties":{"code":2944,"type":"PA","name":"虎溪山ＰＡ"}},{"type":"Feature","geometry":{"type":"Point","coordinates":[137.15714,35.37117]},"properties":{"code":2945,"type":"スマートIC","name":"五斗蒔ＳＩＣ"}},{"type":"Feature","geometry":{"type":"Point","coordinates":[137.158127,35.369875]},"properties":{"code":2944,"type":"PA","name":"五斗蒔ＰＡ"}},{"type":"Feature","geometry":{"type":"Point","coordinates":[137.163835,35.356296]},"properties":{"code":2942,"type":"JCT","name":"土岐ＪＣＴ"}},{"type":"Feature","geometry":{"type":"Point","coordinates":[137.193661,35.375369]},"properties":{"code":2941,"type":"IC","name":"土岐ＩＣ"}},{"type":"Feature","geometry":{"type":"Point","coordinates":[137.174692,35.332527]},"properties":{"code":2941,"type":"IC","name":"土岐南多治見ＩＣ"}},{"type":"Feature","geometry":{"type":"Point","coordinates":[137.273827,35.396712]},"properties":{"code":2944,"type":"PA","name":"屏風山ＰＡ"}},{"type":"Feature","geometry":{"type":"Point","coordinates":[137.284813,35.403603]},"properties":{"code":2944,"type":"PA","name":"屏風山ＰＡ"}},{"type":"Feature","geometry":{"type":"Point","coordinates":[137.236834,35.37152]},"properties":{"code":2941,"type":"IC","name":"瑞浪ＩＣ"}},{"type":"Feature","geometry":{"type":"Point","coordinates":[137.139888,35.246145]},"properties":{"code":2941,"type":"IC","name":"せと品野ＩＣ"}},{"type":"Feature","geometry":{"type":"Point","coordinates":[137.136583,35.221187]},"properties":{"code":2941,"type":"IC","name":"せと赤津ＩＣ"}},{"type":"Feature","geometry":{"type":"Point","coordinates":[137.136283,35.219434]},"properties":{"code":2944,"type":"PA","name":"せと赤津ＰＡ"}},{"type":"Feature","geometry":{"type":"Point","coordinates":[137.171559,35.161038]},"properties":{"code":2941,"type":"IC","name":"猿投ＩＣ"}},{"type":"Feature","geometry":{"type":"Point","coordinates":[137.175379,35.160407]},"properties":{"code":2941,"type":"IC","name":"猿投東ＩＣ"}},{"type":"Feature","geometry":{"type":"Point","coordinates":[137.178254,35.162091]},"properties":{"code":2941,"type":"IC","name":"豊田藤岡ＩＣ"}},{"type":"Feature","geometry":{"type":"Point","coordinates":[137.184606,35.159003]},"properties":{"code":2941,"type":"IC","name":"中山ＩＣ"}},{"type":"Feature","geometry":{"type":"Point","coordinates":[137.114525,35.071769]},"properties":{"code":2941,"type":"IC","name":"豊田ＩＣ"}},{"type":"Feature","geometry":{"type":"Point","coordinates":[137.133365,35.033089]},"properties":{"code":2945,"type":"スマートIC","name":"豊田上郷ＳＩＣ"}},{"type":"Feature","geometry":{"type":"Point","coordinates":[137.138,35.030594]},"properties":{"code":2943,"type":"SA","name":"豊田上郷ＳＡ"}},{"type":"Feature","geometry":{"type":"Point","coordinates":[137.162247,35.031683]},"properties":{"code":2941,"type":"IC","name":"豊田東ＩＣ"}},{"type":"Feature","geometry":{"type":"Point","coordinates":[137.193146,35.044262]},"properties":{"code":2942,"type":"JCT","name":"豊田東ＪＣＴ"}},{"type":"Feature","geometry":{"type":"Point","coordinates":[137.204089,35.153705]},"properties":{"code":2941,"type":"IC","name":"西広瀬ＩＣ"}},{"type":"Feature","geometry":{"type":"Point","coordinates":[137.206879,35.121348]},"properties":{"code":2941,"type":"IC","name":"豊田勘八ＩＣ"}},{"type":"Feature","geometry":{"type":"Point","coordinates":[137.210526,35.069907]},"properties":{"code":2941,"type":"IC","name":"豊田松平ＩＣ"}},{"type":"Feature","geometry":{"type":"Point","coordinates":[137.223401,35.099301]},"properties":{"code":2945,"type":"スマートIC","name":"鞍ヶ池ＳＩＣ"}},{"type":"Feature","geometry":{"type":"Point","coordinates":[137.223101,35.095649]},"properties":{"code":2944,"type":"PA","name":"鞍ヶ池ＰＡ"}},{"type":"Feature","geometry":{"type":"Point","coordinates":[137.220869,35.031999]},"properties":{"code":2943,"type":"SA","name":"岡崎ＳＡ"}},{"type":"Feature","geometry":{"type":"Point","coordinates":[137.147355,35.021105]},"properties":{"code":2942,"type":"JCT","name":"豊田ＪＣＴ"}},{"type":"Feature","geometry":{"type":"Point","coordinates":[137.199025,34.943257]},"properties":{"code":2941,"type":"IC","name":"岡崎ＩＣ"}},{"type":"Feature","geometry":{"type":"Point","coordinates":[137.224088,34.926334]},"properties":{"code":2944,"type":"PA","name":"美合ＰＡ"}},{"type":"Feature","geometry":{"type":"Point","coordinates":[137.234259,34.921725]},"properties":{"code":2944,"type":"PA","name":"美合ＰＡ"}},{"type":"Feature","geometry":{"type":"Point","coordinates":[137.27653,34.919543]},"properties":{"code":2941,"type":"IC","name":"岡崎東ＩＣ"}},{"type":"Feature","geometry":{"type":"Point","coordinates":[137.061267,35.004023]},"properties":{"code":2941,"type":"IC","name":"牛田ＩＣ"}},{"type":"Feature","geometry":{"type":"Point","coordinates":[137.050109,34.993406]},"properties":{"code":2941,"type":"IC","name":"新林ＩＣ"}},{"type":"Feature","geometry":{"type":"Point","coordinates":[137.074571,35.020683]},"properties":{"code":2941,"type":"IC","name":"豊田南ＩＣ"}},{"type":"Feature","geometry":{"type":"Point","coordinates":[136.922264,35.001703]},"properties":{"code":2941,"type":"IC","name":"大府東海ＩＣ"}},{"type":"Feature","geometry":{"type":"Point","coordinates":[136.92574,34.976248]},"properties":{"code":2941,"type":"IC","name":"東浦知多ＩＣ"}},{"type":"Feature","geometry":{"type":"Point","coordinates":[136.852484,34.898885]},"properties":{"code":2941,"type":"IC","name":"常滑ＩＣ"}},{"type":"Feature","geometry":{"type":"Point","coordinates":[136.909819,34.944136]},"properties":{"code":2941,"type":"IC","name":"阿久比ＩＣ"}},{"type":"Feature","geometry":{"type":"Point","coordinates":[136.902995,34.934743]},"properties":{"code":2944,"type":"PA","name":"阿久比ＰＡ"}},{"type":"Feature","geometry":{"type":"Point","coordinates":[136.898532,34.907402]},"properties":{"code":2941,"type":"IC","name":"半田中央ＩＣ"}},{"type":"Feature","geometry":{"type":"Point","coordinates":[136.899991,34.903425]},"properties":{"code":2942,"type":"JCT","name":"半田中央ＪＣＴ"}},{"type":"Feature","geometry":{"type":"Point","coordinates":[136.781116,35.147319]},"properties":{"code":2941,"type":"IC","name":"蟹江ＩＣ"}},{"type":"Feature","geometry":{"type":"Point","coordinates":[136.809654,35.156758]},"properties":{"code":2941,"type":"IC","name":"名古屋西ＩＣ"}},{"type":"Feature","geometry":{"type":"Point","coordinates":[136.817293,35.164126]},"properties":{"code":2941,"type":"IC","name":"大治南ＩＣ"}},{"type":"Feature","geometry":{"type":"Point","coordinates":[136.818452,35.158126]},"properties":{"code":2942,"type":"JCT","name":"名古屋西ＪＣＴ"}},{"type":"Feature","geometry":{"type":"Point","coordinates":[136.818194,35.152197]},"properties":{"code":2941,"type":"IC","name":"千音寺南ＩＣ"}},{"type":"Feature","geometry":{"type":"Point","coordinates":[136.817164,35.130404]},"properties":{"code":2941,"type":"IC","name":"富田ＩＣ"}},{"type":"Feature","geometry":{"type":"Point","coordinates":[136.816306,35.104532]},"properties":{"code":2941,"type":"IC","name":"南陽ＩＣ"}},{"type":"Feature","geometry":{"type":"Point","coordinates":[136.759229,35.046722]},"properties":{"code":2941,"type":"IC","name":"弥富木曽岬ＩＣ"}},{"type":"Feature","geometry":{"type":"Point","coordinates":[136.784077,35.049849]},"properties":{"code":2941,"type":"IC","name":"湾岸弥富ＩＣ"}},{"type":"Feature","geometry":{"type":"Point","coordinates":[136.815534,35.080338]},"properties":{"code":2941,"type":"IC","name":"飛島北ＩＣ"}},{"type":"Feature","geometry":{"type":"Point","coordinates":[136.818495,35.051992]},"properties":{"code":2942,"type":"JCT","name":"飛島ＪＣＴ"}},{"type":"Feature","geometry":{"type":"Point","coordinates":[136.821198,35.051851]},"properties":{"code":2941,"type":"IC","name":"飛島ＩＣ"}},{"type":"Feature","geometry":{"type":"Point","coordinates":[136.847334,35.051992]},"properties":{"code":2941,"type":"IC","name":"名港中央ＩＣ"}},{"type":"Feature","geometry":{"type":"Point","coordinates":[136.87068,35.054521]},"properties":{"code":2941,"type":"IC","name":"名港潮見ＩＣ"}},{"type":"Feature","geometry":{"type":"Point","coordinates":[136.896901,35.05157]},"properties":{"code":2941,"type":"IC","name":"東海ＩＣ"}},{"type":"Feature","geometry":{"type":"Point","coordinates":[136.901579,35.053608]},"properties":{"code":2942,"type":"JCT","name":"東海ＪＣＴ"}},{"type":"Feature","geometry":{"type":"Point","coordinates":[136.933293,35.058245]},"properties":{"code":2941,"type":"IC","name":"大高ＩＣ"}},{"type":"Feature","geometry":{"type":"Point","coordinates":[136.92677,35.044262]},"properties":{"code":2941,"type":"IC","name":"大府ＩＣ"}},{"type":"Feature","geometry":{"type":"Point","coordinates":[136.933551,35.042119]},"properties":{"code":2941,"type":"IC","name":"大府西ＩＣ"}},{"type":"Feature","geometry":{"type":"Point","coordinates":[137.004919,35.171037]},"properties":{"code":2942,"type":"JCT","name":"上社ＪＣＴ"}},{"type":"Feature","geometry":{"type":"Point","coordinates":[137.005734,35.169108]},"properties":{"code":2941,"type":"IC","name":"上社南ＩＣ"}},{"type":"Feature","geometry":{"type":"Point","coordinates":[137.01539,35.173703]},"properties":{"code":2941,"type":"IC","name":"本郷ＩＣ"}},{"type":"Feature","geometry":{"type":"Point","coordinates":[137.00037,35.1476]},"properties":{"code":2942,"type":"JCT","name":"高針ＪＣＴ"}},{"type":"Feature","geometry":{"type":"Point","coordinates":[137.001143,35.136124]},"properties":{"code":2941,"type":"IC","name":"植田ＩＣ"}},{"type":"Feature","geometry":{"type":"Point","coordinates":[136.965523,35.0678]},"properties":{"code":2941,"type":"IC","name":"有松ＩＣ"}},{"type":"Feature","geometry":{"type":"Point","coordinates":[136.942778,35.049989]},"properties":{"code":2942,"type":"JCT","name":"名古屋南ＪＣＴ"}},{"type":"Feature","geometry":{"type":"Point","coordinates":[136.946855,35.049638]},"properties":{"code":2941,"type":"IC","name":"名古屋南ＩＣ"}},{"type":"Feature","geometry":{"type":"Point","coordinates":[136.933722,35.031156]},"properties":{"code":2944,"type":"PA","name":"大府ＰＡ"}},{"type":"Feature","geometry":{"type":"Point","coordinates":[136.991186,35.097966]},"properties":{"code":2941,"type":"IC","name":"鳴海ＩＣ"}},{"type":"Feature","geometry":{"type":"Point","coordinates":[136.999683,35.040784]},"properties":{"code":2941,"type":"IC","name":"豊明ＩＣ"}},{"type":"Feature","geometry":{"type":"Point","coordinates":[137.023416,35.171774]},"properties":{"code":2941,"type":"IC","name":"名古屋ＩＣ"}},{"type":"Feature","geometry":{"type":"Point","coordinates":[137.050881,35.154969]},"properties":{"code":2942,"type":"JCT","name":"日進ＪＣＴ"}},{"type":"Feature","geometry":{"type":"Point","coordinates":[137.084527,35.131702]},"properties":{"code":2944,"type":"PA","name":"東郷ＰＡ"}},{"type":"Feature","geometry":{"type":"Point","coordinates":[137.09547,35.112396]},"properties":{"code":2941,"type":"IC","name":"東名三好ＩＣ"}},{"type":"Feature","geometry":{"type":"Point","coordinates":[137.044616,35.040995]},"properties":{"code":2945,"type":"スマートIC","name":"刈谷ＳＩＣ"}},{"type":"Feature","geometry":{"type":"Point","coordinates":[137.04792,35.039097]},"properties":{"code":2944,"type":"PA","name":"刈谷ＰＡ"}},{"type":"Feature","geometry":{"type":"Point","coordinates":[136.979084,35.285459]},"properties":{"code":2942,"type":"JCT","name":"小牧ＪＣＴ"}},{"type":"Feature","geometry":{"type":"Point","coordinates":[136.993804,35.270359]},"properties":{"code":2941,"type":"IC","name":"春日井ＩＣ"}},{"type":"Feature","geometry":{"type":"Point","coordinates":[136.954365,35.225148]},"properties":{"code":2941,"type":"IC","name":"勝川ＩＣ"}},{"type":"Feature","geometry":{"type":"Point","coordinates":[136.968141,35.224237]},"properties":{"code":2941,"type":"IC","name":"松河戸ＩＣ"}},{"type":"Feature","geometry":{"type":"Point","coordinates":[136.981487,35.210949]},"properties":{"code":2941,"type":"IC","name":"小幡ＩＣ"}},{"type":"Feature","geometry":{"type":"Point","coordinates":[137.01067,35.242289]},"properties":{"code":2944,"type":"PA","name":"守山ＰＡ"}},{"type":"Feature","geometry":{"type":"Point","coordinates":[137.010756,35.241483]},"properties":{"code":2945,"type":"スマートIC","name":"守山ＳＩＣ"}},{"type":"Feature","geometry":{"type":"Point","coordinates":[136.992774,35.202814]},"properties":{"code":2941,"type":"IC","name":"大森ＩＣ"}},{"type":"Feature","geometry":{"type":"Point","coordinates":[137.000241,35.188961]},"properties":{"code":2941,"type":"IC","name":"引山ＩＣ"}},{"type":"Feature","geometry":{"type":"Point","coordinates":[137.003717,35.174159]},"properties":{"code":2941,"type":"IC","name":"上社ＩＣ"}},{"type":"Feature","geometry":{"type":"Point","coordinates":[137.104998,35.178018]},"properties":{"code":2941,"type":"IC","name":"八草ＩＣ"}},{"type":"Feature","geometry":{"type":"Point","coordinates":[136.983891,35.385131]},"properties":{"code":2941,"type":"IC","name":"清水ＩＣ"}},{"type":"Feature","geometry":{"type":"Point","coordinates":[137.100191,35.431792]},"properties":{"code":2941,"type":"IC","name":"可児御嵩ＩＣ"}},{"type":"Feature","geometry":{"type":"Point","coordinates":[137.026978,35.330112]},"properties":{"code":2941,"type":"IC","name":"小牧東ＩＣ"}},{"type":"Feature","geometry":{"type":"Point","coordinates":[137.043414,35.333613]},"properties":{"code":2944,"type":"PA","name":"内津峠ＰＡ"}},{"type":"Feature","geometry":{"type":"Point","coordinates":[137.10916,35.348316]},"properties":{"code":2941,"type":"IC","name":"多治見ＩＣ"}},{"type":"Feature","geometry":{"type":"Point","coordinates":[136.793604,35.341315]},"properties":{"code":2941,"type":"IC","name":"一宮木曽川ＩＣ"}},{"type":"Feature","geometry":{"type":"Point","coordinates":[136.817122,35.385866]},"properties":{"code":2941,"type":"IC","name":"岐阜各務原ＩＣ"}},{"type":"Feature","geometry":{"type":"Point","coordinates":[136.809869,35.369805]},"properties":{"code":2944,"type":"PA","name":"川島ＰＡ"}},{"type":"Feature","geometry":{"type":"Point","coordinates":[136.775365,35.313059]},"properties":{"code":2941,"type":"IC","name":"尾西ＩＣ"}},{"type":"Feature","geometry":{"type":"Point","coordinates":[136.779099,35.294006]},"properties":{"code":2941,"type":"IC","name":"一宮西ＩＣ"}},{"type":"Feature","geometry":{"type":"Point","coordinates":[136.780987,35.282867]},"properties":{"code":2942,"type":"JCT","name":"一宮ＪＣＴ"}},{"type":"Feature","geometry":{"type":"Point","coordinates":[136.781116,35.28122]},"properties":{"code":2941,"type":"IC","name":"一宮稲沢北ＩＣ"}},{"type":"Feature","geometry":{"type":"Point","coordinates":[136.830511,35.273232]},"properties":{"code":2941,"type":"IC","name":"一宮ＩＣ"}},{"type":"Feature","geometry":{"type":"Point","coordinates":[136.824074,35.211194]},"properties":{"code":2941,"type":"IC","name":"清洲西ＩＣ"}},{"type":"Feature","geometry":{"type":"Point","coordinates":[136.819911,35.203129]},"properties":{"code":2941,"type":"IC","name":"甚目寺北ＩＣ"}},{"type":"Feature","geometry":{"type":"Point","coordinates":[136.816435,35.188751]},"properties":{"code":2941,"type":"IC","name":"甚目寺南ＩＣ"}},{"type":"Feature","geometry":{"type":"Point","coordinates":[136.816435,35.182122]},"properties":{"code":2941,"type":"IC","name":"大治北ＩＣ"}},{"type":"Feature","geometry":{"type":"Point","coordinates":[136.854587,35.282482]},"properties":{"code":2944,"type":"PA","name":"尾張一宮ＰＡ"}},{"type":"Feature","geometry":{"type":"Point","coordinates":[136.907415,35.303358]},"properties":{"code":2941,"type":"IC","name":"小牧ＩＣ"}},{"type":"Feature","geometry":{"type":"Point","coordinates":[136.853085,35.221572]},"properties":{"code":2941,"type":"IC","name":"清洲東ＩＣ"}},{"type":"Feature","geometry":{"type":"Point","coordinates":[136.856217,35.221046]},"properties":{"code":2942,"type":"JCT","name":"清洲ＪＣＴ"}},{"type":"Feature","geometry":{"type":"Point","coordinates":[136.869135,35.222799]},"properties":{"code":2941,"type":"IC","name":"平田ＩＣ"}},{"type":"Feature","geometry":{"type":"Point","coordinates":[136.887589,35.224693]},"properties":{"code":2941,"type":"IC","name":"山田西ＩＣ"}},{"type":"Feature","geometry":{"type":"Point","coordinates":[136.899734,35.228549]},"properties":{"code":2941,"type":"IC","name":"山田東ＩＣ"}},{"type":"Feature","geometry":{"type":"Point","coordinates":[136.910033,35.229706]},"properties":{"code":2942,"type":"JCT","name":"楠ＪＣＴ"}},{"type":"Feature","geometry":{"type":"Point","coordinates":[136.918788,35.229671]},"properties":{"code":2941,"type":"IC","name":"楠ＩＣ"}},{"type":"Feature","geometry":{"type":"Point","coordinates":[136.617608,35.316421]},"properties":{"code":2941,"type":"IC","name":"大垣ＩＣ"}},{"type":"Feature","geometry":{"type":"Point","coordinates":[136.653056,35.311553]},"properties":{"code":2945,"type":"スマートIC","name":"安八ＳＩＣ"}},{"type":"Feature","geometry":{"type":"Point","coordinates":[136.691637,35.307491]},"properties":{"code":2941,"type":"IC","name":"岐阜羽島ＩＣ"}},{"type":"Feature","geometry":{"type":"Point","coordinates":[136.713309,35.300521]},"properties":{"code":2944,"type":"PA","name":"羽島ＰＡ"}},{"type":"Feature","geometry":{"type":"Point","coordinates":[136.627178,35.425987]},"properties":{"code":2941,"type":"IC","name":"大野神戸ＩＣ"}},{"type":"Feature","geometry":{"type":"Point","coordinates":[136.659107,35.458957]},"properties":{"code":2944,"type":"PA","name":"本巣PA"}},{"type":"Feature","geometry":{"type":"Point","coordinates":[136.585894,35.36837]},"properties":{"code":2941,"type":"IC","name":"大垣西ＩＣ"}},{"type":"Feature","geometry":{"type":"Point","coordinates":[136.473327,35.353916]},"properties":{"code":2941,"type":"IC","name":"関ヶ原ＩＣ"}},{"type":"Feature","geometry":{"type":"Point","coordinates":[136.542077,35.321393]},"properties":{"code":2943,"type":"SA","name":"養老ＳＡ"}},{"type":"Feature","geometry":{"type":"Point","coordinates":[136.54285,35.321673]},"properties":{"code":2945,"type":"スマートIC","name":"養老ＳＡＳＩＣ"}},{"type":"Feature","geometry":{"type":"Point","coordinates":[136.570315,35.319047]},"properties":{"code":2942,"type":"JCT","name":"養老ＪＣＴ"}},{"type":"Feature","geometry":{"type":"Point","coordinates":[136.578083,35.287596]},"properties":{"code":2941,"type":"IC","name":"養老ＩＣ"}},{"type":"Feature","geometry":{"type":"Point","coordinates":[136.512208,35.156442]},"properties":{"code":2941,"type":"IC","name":"いなべＩＣ"}},{"type":"Feature","geometry":{"type":"Point","coordinates":[136.546798,35.105972]},"properties":{"code":2941,"type":"IC","name":"大安ＩＣ"}},{"type":"Feature","geometry":{"type":"Point","coordinates":[136.58319,35.05965]},"properties":{"code":2941,"type":"IC","name":"東員ＩＣ"}},{"type":"Feature","geometry":{"type":"Point","coordinates":[136.58452,35.048479]},"properties":{"code":2942,"type":"JCT","name":"新四日市ＪＣＴ"}},{"type":"Feature","geometry":{"type":"Point","coordinates":[136.646276,35.067448]},"properties":{"code":2941,"type":"IC","name":"桑名ＩＣ"}},{"type":"Feature","geometry":{"type":"Point","coordinates":[136.657262,35.084482]},"properties":{"code":2944,"type":"PA","name":"大山田ＰＡ"}},{"type":"Feature","geometry":{"type":"Point","coordinates":[136.668377,35.090347]},"properties":{"code":2941,"type":"IC","name":"桑名東ＩＣ"}},{"type":"Feature","geometry":{"type":"Point","coordinates":[136.628079,35.038184]},"properties":{"code":2942,"type":"JCT","name":"四日市ＪＣＴ"}},{"type":"Feature","geometry":{"type":"Point","coordinates":[136.644816,35.03098]},"properties":{"code":2941,"type":"IC","name":"みえ朝日ＩＣ"}},{"type":"Feature","geometry":{"type":"Point","coordinates":[136.694899,35.110816]},"properties":{"code":2941,"type":"IC","name":"長島ＩＣ"}},{"type":"Feature","geometry":{"type":"Point","coordinates":[136.72966,35.12735]},"properties":{"code":2941,"type":"IC","name":"弥富ＩＣ"}},{"type":"Feature","geometry":{"type":"Point","coordinates":[136.728115,35.033159]},"properties":{"code":2944,"type":"PA","name":"湾岸長島ＰＡ"}},{"type":"Feature","geometry":{"type":"Point","coordinates":[136.72996,35.033862]},"properties":{"code":2941,"type":"IC","name":"湾岸長島ＩＣ"}},{"type":"Feature","geometry":{"type":"Point","coordinates":[136.593404,35.019102]},"properties":{"code":2943,"type":"SA","name":"御在所ＳＡ"}},{"type":"Feature","geometry":{"type":"Point","coordinates":[136.605721,35.026377]},"properties":{"code":2941,"type":"IC","name":"四日市東ＩＣ"}},{"type":"Feature","geometry":{"type":"Point","coordinates":[136.686745,35.021808]},"properties":{"code":2941,"type":"IC","name":"みえ川越ＩＣ"}},{"type":"Feature","geometry":{"type":"Point","coordinates":[136.706443,35.024936]},"properties":{"code":2941,"type":"IC","name":"湾岸桑名ＩＣ"}},{"type":"Feature","geometry":{"type":"Point","coordinates":[136.464872,34.964115]},"properties":{"code":2944,"type":"PA","name":"鈴鹿ＰＡ"}},{"type":"Feature","geometry":{"type":"Point","coordinates":[136.462941,34.961126]},"properties":{"code":2945,"type":"スマートIC","name":"鈴鹿ＰＡＳＩＣ"}},{"type":"Feature","geometry":{"type":"Point","coordinates":[136.488647,34.932632]},"properties":{"code":2941,"type":"IC","name":"鈴鹿ＩＣ"}},{"type":"Feature","geometry":{"type":"Point","coordinates":[136.456461,34.895963]},"properties":{"code":2942,"type":"JCT","name":"亀山ＪＣＴ"}},{"type":"Feature","geometry":{"type":"Point","coordinates":[136.499162,35.023811]},"properties":{"code":2941,"type":"IC","name":"菰野ＩＣ"}},{"type":"Feature","geometry":{"type":"Point","coordinates":[136.549931,34.992316]},"properties":{"code":2941,"type":"IC","name":"四日市ＩＣ"}},{"type":"Feature","geometry":{"type":"Point","coordinates":[136.414061,34.865792]},"properties":{"code":2945,"type":"スマートIC","name":"亀山ＰＡＳＩＣ"}},{"type":"Feature","geometry":{"type":"Point","coordinates":[136.415777,34.867518]},"properties":{"code":2944,"type":"PA","name":"亀山ＰＡ"}},{"type":"Feature","geometry":{"type":"Point","coordinates":[136.412601,34.862341]},"properties":{"code":2941,"type":"IC","name":"亀山ＩＣ"}},{"type":"Feature","geometry":{"type":"Point","coordinates":[136.410713,34.845437]},"properties":{"code":2942,"type":"JCT","name":"関ＪＣＴ"}},{"type":"Feature","geometry":{"type":"Point","coordinates":[136.41964,34.839027]},"properties":{"code":2941,"type":"IC","name":"伊勢関ＩＣ"}},{"type":"Feature","geometry":{"type":"Point","coordinates":[136.448908,34.802704]},"properties":{"code":2941,"type":"IC","name":"芸濃ＩＣ"}},{"type":"Feature","geometry":{"type":"Point","coordinates":[136.470323,34.778703]},"properties":{"code":2943,"type":"SA","name":"安濃ＳＡ"}},{"type":"Feature","geometry":{"type":"Point","coordinates":[136.474314,34.737098]},"properties":{"code":2941,"type":"IC","name":"津ＩＣ"}},{"type":"Feature","geometry":{"type":"Point","coordinates":[136.459808,34.682946]},"properties":{"code":2941,"type":"IC","name":"久居ＩＣ"}},{"type":"Feature","geometry":{"type":"Point","coordinates":[136.451569,34.631513]},"properties":{"code":2941,"type":"IC","name":"一志嬉野ＩＣ"}},{"type":"Feature","geometry":{"type":"Point","coordinates":[136.461997,34.611701]},"properties":{"code":2944,"type":"PA","name":"嬉野ＰＡ"}},{"type":"Feature","geometry":{"type":"Point","coordinates":[136.816864,34.864877]},"properties":{"code":2941,"type":"IC","name":"セントレア東ＩＣ"}},{"type":"Feature","geometry":{"type":"Point","coordinates":[136.824803,34.88396]},"properties":{"code":2941,"type":"IC","name":"りんくうＩＣ"}},{"type":"Feature","geometry":{"type":"Point","coordinates":[136.901708,34.885579]},"properties":{"code":2941,"type":"IC","name":"半田ＩＣ"}},{"type":"Feature","geometry":{"type":"Point","coordinates":[136.89364,34.836949]},"properties":{"code":2941,"type":"IC","name":"武豊ＩＣ"}},{"type":"Feature","geometry":{"type":"Point","coordinates":[136.89218,34.834483]},"properties":{"code":2944,"type":"PA","name":"武豊ＰＡ"}},{"type":"Feature","geometry":{"type":"Point","coordinates":[136.887503,34.810139]},"properties":{"code":2944,"type":"PA","name":"美浜ＰＡ"}},{"type":"Feature","geometry":{"type":"Point","coordinates":[136.892867,34.796854]},"properties":{"code":2941,"type":"IC","name":"美浜ＩＣ"}},{"type":"Feature","geometry":{"type":"Point","coordinates":[136.903381,34.760019]},"properties":{"code":2941,"type":"IC","name":"南知多ＩＣ"}},{"type":"Feature","geometry":{"type":"Point","coordinates":[136.930332,34.732725]},"properties":{"code":2941,"type":"IC","name":"豊丘ＩＣ"}},{"type":"Feature","geometry":{"type":"Point","coordinates":[136.828623,34.430841]},"properties":{"code":2941,"type":"IC","name":"鳥羽南・白木ＩＣ"}},{"type":"Feature","geometry":{"type":"Point","coordinates":[136.619453,34.466832]},"properties":{"code":2941,"type":"IC","name":"玉城ＩＣ"}},{"type":"Feature","geometry":{"type":"Point","coordinates":[136.712451,34.473519]},"properties":{"code":2941,"type":"IC","name":"伊勢西ＩＣ"}},{"type":"Feature","geometry":{"type":"Point","coordinates":[136.729703,34.480241]},"properties":{"code":2941,"type":"IC","name":"伊勢ＩＣ"}},{"type":"Feature","geometry":{"type":"Point","coordinates":[136.467319,34.576444]},"properties":{"code":2941,"type":"IC","name":"松阪ＩＣ"}},{"type":"Feature","geometry":{"type":"Point","coordinates":[136.51032,34.464214]},"properties":{"code":2942,"type":"JCT","name":"勢和多気ＪＣＴ"}},{"type":"Feature","geometry":{"type":"Point","coordinates":[136.505899,34.460003]},"properties":{"code":2941,"type":"IC","name":"勢和多気ＩＣ"}},{"type":"Feature","geometry":{"type":"Point","coordinates":[136.524267,34.462728]},"properties":{"code":2945,"type":"スマートIC","name":"多気ヴィソンＳＩＣ"}},{"type":"Feature","geometry":{"type":"Point","coordinates":[136.572762,34.46432]},"properties":{"code":2944,"type":"PA","name":"多気ＰＡ"}},{"type":"Feature","geometry":{"type":"Point","coordinates":[136.407666,34.383361]},"properties":{"code":2941,"type":"IC","name":"大宮大台ＩＣ"}},{"type":"Feature","geometry":{"type":"Point","coordinates":[136.454616,34.41392]},"properties":{"code":2944,"type":"PA","name":"奥伊勢ＰＡ"}},{"type":"Feature","geometry":{"type":"Point","coordinates":[136.250296,34.836843]},"properties":{"code":2943,"type":"SA","name":"伊賀ＳＡ"}},{"type":"Feature","geometry":{"type":"Point","coordinates":[136.236734,34.830679]},"properties":{"code":2941,"type":"IC","name":"上柘植ＩＣ"}},{"type":"Feature","geometry":{"type":"Point","coordinates":[136.255746,34.838957]},"properties":{"code":2941,"type":"IC","name":"伊賀ＩＣ"}},{"type":"Feature","geometry":{"type":"Point","coordinates":[136.309905,34.836315]},"properties":{"code":2941,"type":"IC","name":"南在家ＩＣ"}},{"type":"Feature","geometry":{"type":"Point","coordinates":[136.32072,34.839872]},"properties":{"code":2941,"type":"IC","name":"板屋ＩＣ"}},{"type":"Feature","geometry":{"type":"Point","coordinates":[136.340976,34.837548]},"properties":{"code":2941,"type":"IC","name":"向井ＩＣ"}},{"type":"Feature","geometry":{"type":"Point","coordinates":[136.366339,34.841598]},"properties":{"code":2941,"type":"IC","name":"久我ＩＣ"}},{"type":"Feature","geometry":{"type":"Point","coordinates":[136.400714,34.841246]},"properties":{"code":2941,"type":"IC","name":"関ＩＣ"}},{"type":"Feature","geometry":{"type":"Point","coordinates":[136.122365,34.748101]},"properties":{"code":2941,"type":"IC","name":"上野ＩＣ"}},{"type":"Feature","geometry":{"type":"Point","coordinates":[136.132879,34.753143]},"properties":{"code":2941,"type":"IC","name":"上野東ＩＣ"}},{"type":"Feature","geometry":{"type":"Point","coordinates":[136.215835,34.818137]},"properties":{"code":2941,"type":"IC","name":"下柘植ＩＣ"}},{"type":"Feature","geometry":{"type":"Point","coordinates":[136.163478,34.791814]},"properties":{"code":2941,"type":"IC","name":"伊賀一之宮ＩＣ"}},{"type":"Feature","geometry":{"type":"Point","coordinates":[136.157169,34.77204]},"properties":{"code":2941,"type":"IC","name":"中瀬ＩＣ"}},{"type":"Feature","geometry":{"type":"Point","coordinates":[136.14717,34.754836]},"properties":{"code":2941,"type":"IC","name":"友生ＩＣ"}},{"type":"Feature","geometry":{"type":"Point","coordinates":[136.190772,34.804889]},"properties":{"code":2941,"type":"IC","name":"壬生野ＩＣ"}},{"type":"Feature","geometry":{"type":"Point","coordinates":[136.204376,34.812218]},"properties":{"code":2941,"type":"IC","name":"御代ＩＣ"}},{"type":"Feature","geometry":{"type":"Point","coordinates":[136.075888,34.705846]},"properties":{"code":2941,"type":"IC","name":"治田ＩＣ"}},{"type":"Feature","geometry":{"type":"Point","coordinates":[136.094384,34.728563]},"properties":{"code":2944,"type":"PA","name":"上野ＰＡ"}},{"type":"Feature","geometry":{"type":"Point","coordinates":[136.085458,34.723061]},"properties":{"code":2941,"type":"IC","name":"白樫ＩＣ"}},{"type":"Feature","geometry":{"type":"Point","coordinates":[136.059022,34.694591]},"properties":{"code":2941,"type":"IC","name":"五月橋ＩＣ"}},{"type":"Feature","geometry":{"type":"Point","coordinates":[136.110735,34.738791]},"properties":{"code":2941,"type":"IC","name":"大内ＩＣ"}},{"type":"Feature","geometry":{"type":"Point","coordinates":[135.87955,34.621378]},"properties":{"code":2941,"type":"IC","name":"五ヶ谷ＩＣ"}},{"type":"Feature","geometry":{"type":"Point","coordinates":[135.909162,34.608345]},"properties":{"code":2941,"type":"IC","name":"福住ＩＣ"}},{"type":"Feature","geometry":{"type":"Point","coordinates":[135.939031,34.612266]},"properties":{"code":2941,"type":"IC","name":"一本松ＩＣ"}},{"type":"Feature","geometry":{"type":"Point","coordinates":[135.958815,34.610147]},"properties":{"code":2941,"type":"IC","name":"針ＩＣ"}},{"type":"Feature","geometry":{"type":"Point","coordinates":[136.03941,34.680935]},"properties":{"code":2941,"type":"IC","name":"山添ＩＣ"}},{"type":"Feature","geometry":{"type":"Point","coordinates":[135.985723,34.627523]},"properties":{"code":2941,"type":"IC","name":"小倉ＩＣ"}},{"type":"Feature","geometry":{"type":"Point","coordinates":[136.017609,34.649732]},"properties":{"code":2941,"type":"IC","name":"神野口ＩＣ"}},{"type":"Feature","geometry":{"type":"Point","coordinates":[135.738873,34.866884]},"properties":{"code":2941,"type":"IC","name":"八幡東ＩＣ"}},{"type":"Feature","geometry":{"type":"Point","coordinates":[135.724154,34.843606]},"properties":{"code":2941,"type":"IC","name":"八幡京田辺ＪＣＴ・ＩＣ"}},{"type":"Feature","geometry":{"type":"Point","coordinates":[135.72351,34.84114]},"properties":{"code":2941,"type":"IC","name":"京田辺松井ＩＣ"}},{"type":"Feature","geometry":{"type":"Point","coordinates":[135.723596,34.834659]},"properties":{"code":2944,"type":"PA","name":"京田辺ＰＡ"}},{"type":"Feature","geometry":{"type":"Point","coordinates":[135.719733,34.817573]},"properties":{"code":2941,"type":"IC","name":"枚方東ＩＣ"}},{"type":"Feature","geometry":{"type":"Point","coordinates":[135.747328,34.875158]},"properties":{"code":2941,"type":"IC","name":"久御山南ＩＣ"}},{"type":"Feature","geometry":{"type":"Point","coordinates":[135.762134,34.85477]},"properties":{"code":2941,"type":"IC","name":"城陽ＩＣ"}},{"type":"Feature","geometry":{"type":"Point","coordinates":[135.753894,34.837759]},"properties":{"code":2941,"type":"IC","name":"田辺北ＩＣ"}},{"type":"Feature","geometry":{"type":"Point","coordinates":[135.761876,34.84667]},"properties":{"code":2941,"type":"IC","name":"城陽ＪＣＴ"}},{"type":"Feature","geometry":{"type":"Point","coordinates":[135.711451,34.807813]},"properties":{"code":2941,"type":"IC","name":"枚方学研ＩＣ"}},{"type":"Feature","geometry":{"type":"Point","coordinates":[135.75531,34.807109]},"properties":{"code":2941,"type":"IC","name":"田辺西ＩＣ"}},{"type":"Feature","geometry":{"type":"Point","coordinates":[135.773163,34.777258]},"properties":{"code":2941,"type":"IC","name":"精華下狛ＩＣ"}},{"type":"Feature","geometry":{"type":"Point","coordinates":[135.782733,34.74803]},"properties":{"code":2941,"type":"IC","name":"精華学研ＩＣ"}},{"type":"Feature","geometry":{"type":"Point","coordinates":[135.704198,34.673735]},"properties":{"code":2941,"type":"IC","name":"壱分ＩＣ"}},{"type":"Feature","geometry":{"type":"Point","coordinates":[135.767326,34.683229]},"properties":{"code":2941,"type":"IC","name":"宝来ＩＣ"}},{"type":"Feature","geometry":{"type":"Point","coordinates":[135.71454,34.668476]},"properties":{"code":2941,"type":"IC","name":"小瀬ＩＣ"}},{"type":"Feature","geometry":{"type":"Point","coordinates":[135.747585,34.669182]},"properties":{"code":2941,"type":"IC","name":"中町ＩＣ"}},{"type":"Feature","geometry":{"type":"Point","coordinates":[135.769429,34.607886]},"properties":{"code":2945,"type":"スマートIC","name":"大和まほろばＳＩＣ"}},{"type":"Feature","geometry":{"type":"Point","coordinates":[135.791574,34.735899]},"properties":{"code":2941,"type":"IC","name":"山田川ＩＣ"}},{"type":"Feature","geometry":{"type":"Point","coordinates":[135.81316,34.720416]},"properties":{"code":2941,"type":"IC","name":"木津ＩＣ"}},{"type":"Feature","geometry":{"type":"Point","coordinates":[135.808611,34.615939]},"properties":{"code":2944,"type":"PA","name":"天理ＰＡ"}},{"type":"Feature","geometry":{"type":"Point","coordinates":[135.791316,34.612407]},"properties":{"code":2942,"type":"JCT","name":"郡山下ツ道ＪＣＴ"}},{"type":"Feature","geometry":{"type":"Point","coordinates":[135.798225,34.612866]},"properties":{"code":2941,"type":"IC","name":"郡山ＩＣ"}},{"type":"Feature","geometry":{"type":"Point","coordinates":[135.791874,34.60121]},"properties":{"code":2941,"type":"IC","name":"郡山南ＩＣ"}},{"type":"Feature","geometry":{"type":"Point","coordinates":[135.831871,34.61714]},"properties":{"code":2941,"type":"IC","name":"天理ＩＣ"}},{"type":"Feature","geometry":{"type":"Point","coordinates":[135.854101,34.614279]},"properties":{"code":2941,"type":"IC","name":"天理東ＩＣ"}},{"type":"Feature","geometry":{"type":"Point","coordinates":[135.739775,34.590117]},"properties":{"code":2941,"type":"IC","name":"法隆寺ＩＣ"}},{"type":"Feature","geometry":{"type":"Point","coordinates":[135.786638,34.581072]},"properties":{"code":2941,"type":"IC","name":"三宅ＩＣ"}},{"type":"Feature","geometry":{"type":"Point","coordinates":[135.777712,34.53152]},"properties":{"code":2941,"type":"IC","name":"橿原北ＩＣ"}},{"type":"Feature","geometry":{"type":"Point","coordinates":[135.761104,34.496088]},"properties":{"code":2941,"type":"IC","name":"橿原高田ＩＣ"}},{"type":"Feature","geometry":{"type":"Point","coordinates":[135.753164,34.467399]},"properties":{"code":2941,"type":"IC","name":"御所ＩＣ"}},{"type":"Feature","geometry":{"type":"Point","coordinates":[135.739689,34.447229]},"properties":{"code":2944,"type":"PA","name":"御所南ＰＡ"}},{"type":"Feature","geometry":{"type":"Point","coordinates":[135.740719,34.446946]},"properties":{"code":2941,"type":"IC","name":"御所南ＩＣ"}},{"type":"Feature","geometry":{"type":"Point","coordinates":[135.711322,34.388142]},"properties":{"code":2941,"type":"IC","name":"五條北ＩＣ"}},{"type":"Feature","geometry":{"type":"Point","coordinates":[135.547342,34.312213]},"properties":{"code":2941,"type":"IC","name":"高野口ＩＣ"}},{"type":"Feature","geometry":{"type":"Point","coordinates":[135.601501,34.321322]},"properties":{"code":2941,"type":"IC","name":"橋本ＩＣ"}},{"type":"Feature","geometry":{"type":"Point","coordinates":[135.653644,34.334648]},"properties":{"code":2941,"type":"IC","name":"橋本東ＩＣ"}},{"type":"Feature","geometry":{"type":"Point","coordinates":[135.686345,34.358069]},"properties":{"code":2941,"type":"IC","name":"五條ＩＣ"}},{"type":"Feature","geometry":{"type":"Point","coordinates":[135.670938,34.342869]},"properties":{"code":2941,"type":"IC","name":"五條西ＩＣ"}},{"type":"Feature","geometry":{"type":"Point","coordinates":[135.5685,34.583122]},"properties":{"code":2941,"type":"IC","name":"松原ＩＣ"}},{"type":"Feature","geometry":{"type":"Point","coordinates":[135.56601,34.556159]},"properties":{"code":2941,"type":"IC","name":"美原北ＩＣ"}},{"type":"Feature","geometry":{"type":"Point","coordinates":[135.565796,34.552165]},"properties":{"code":2942,"type":"JCT","name":"美原ＪＣＴ"}},{"type":"Feature","geometry":{"type":"Point","coordinates":[135.571117,34.548383]},"properties":{"code":2941,"type":"IC","name":"美原ＩＣ"}},{"type":"Feature","geometry":{"type":"Point","coordinates":[135.552964,34.542444]},"properties":{"code":2941,"type":"IC","name":"美原南ＩＣ"}},{"type":"Feature","geometry":{"type":"Point","coordinates":[135.575409,34.589623]},"properties":{"code":2942,"type":"JCT","name":"松原ＪＣＴ"}},{"type":"Feature","geometry":{"type":"Point","coordinates":[135.602016,34.574712]},"properties":{"code":2941,"type":"IC","name":"藤井寺ＩＣ"}},{"type":"Feature","geometry":{"type":"Point","coordinates":[135.580645,34.537778]},"properties":{"code":2941,"type":"IC","name":"美原東ＩＣ"}},{"type":"Feature","geometry":{"type":"Point","coordinates":[135.604334,34.533925]},"properties":{"code":2941,"type":"IC","name":"羽曳野ＩＣ"}},{"type":"Feature","geometry":{"type":"Point","coordinates":[135.634031,34.533571]},"properties":{"code":2941,"type":"IC","name":"羽曳野東ＩＣ"}},{"type":"Feature","geometry":{"type":"Point","coordinates":[135.646091,34.556406]},"properties":{"code":2941,"type":"IC","name":"柏原ＩＣ"}},{"type":"Feature","geometry":{"type":"Point","coordinates":[135.651927,34.526146]},"properties":{"code":2941,"type":"IC","name":"太子ＩＣ"}},{"type":"Feature","geometry":{"type":"Point","coordinates":[135.695014,34.563015]},"properties":{"code":2941,"type":"IC","name":"香芝ＩＣ"}},{"type":"Feature","geometry":{"type":"Point","coordinates":[135.680637,34.558562]},"properties":{"code":2943,"type":"SA","name":"香芝ＳＡ"}},{"type":"Feature","geometry":{"type":"Point","coordinates":[135.698919,34.495345]},"properties":{"code":2941,"type":"IC","name":"葛城ＩＣ"}},{"type":"Feature","geometry":{"type":"Point","coordinates":[135.434089,34.540641]},"properties":{"code":2944,"type":"PA","name":"高石ＰＡ"}},{"type":"Feature","geometry":{"type":"Point","coordinates":[135.395851,34.508148]},"properties":{"code":2944,"type":"PA","name":"泉大津ＰＡ"}},{"type":"Feature","geometry":{"type":"Point","coordinates":[135.418425,34.519146]},"properties":{"code":2942,"type":"JCT","name":"助松ＪＣＴ"}},{"type":"Feature","geometry":{"type":"Point","coordinates":[135.42336,34.516883]},"properties":{"code":2941,"type":"IC","name":"助松ＩＣ"}},{"type":"Feature","geometry":{"type":"Point","coordinates":[135.435934,34.51416]},"properties":{"code":2941,"type":"IC","name":"綾園ＩＣ"}},{"type":"Feature","geometry":{"type":"Point","coordinates":[135.441985,34.512993]},"properties":{"code":2941,"type":"IC","name":"取石ＩＣ"}},{"type":"Feature","geometry":{"type":"Point","coordinates":[135.467906,34.511154]},"properties":{"code":2941,"type":"IC","name":"菱木ＩＣ"}},{"type":"Feature","geometry":{"type":"Point","coordinates":[135.487604,34.516458]},"properties":{"code":2941,"type":"IC","name":"平井ＩＣ"}},{"type":"Feature","geometry":{"type":"Point","coordinates":[135.490565,34.517802]},"properties":{"code":2942,"type":"JCT","name":"堺ＪＣＴ"}},{"type":"Feature","geometry":{"type":"Point","coordinates":[135.483742,34.513523]},"properties":{"code":2941,"type":"IC","name":"太平寺ＩＣ"}},{"type":"Feature","geometry":{"type":"Point","coordinates":[135.489879,34.51126]},"properties":{"code":2941,"type":"IC","name":"堺ＩＣ"}},{"type":"Feature","geometry":{"type":"Point","coordinates":[135.393062,34.389983]},"properties":{"code":2941,"type":"IC","name":"貝塚ＩＣ"}},{"type":"Feature","geometry":{"type":"Point","coordinates":[135.434217,34.404325]},"properties":{"code":2943,"type":"SA","name":"岸和田ＳＡ"}},{"type":"Feature","geometry":{"type":"Point","coordinates":[135.444174,34.438381]},"properties":{"code":2941,"type":"IC","name":"岸和田和泉ＩＣ"}},{"type":"Feature","geometry":{"type":"Point","coordinates":[135.260839,34.441141]},"properties":{"code":2941,"type":"IC","name":"関西国際空港ＩＣ"}},{"type":"Feature","geometry":{"type":"Point","coordinates":[135.295944,34.412929]},"properties":{"code":2941,"type":"IC","name":"りんくうＩＣ"}},{"type":"Feature","geometry":{"type":"Point","coordinates":[135.297618,34.413247]},"properties":{"code":2942,"type":"JCT","name":"りんくうＪＣＴ"}},{"type":"Feature","geometry":{"type":"Point","coordinates":[135.312252,34.400217]},"properties":{"code":2941,"type":"IC","name":"泉佐野ＩＣ"}},{"type":"Feature","geometry":{"type":"Point","coordinates":[135.278778,34.346448]},"properties":{"code":2941,"type":"IC","name":"泉南ＩＣ"}},{"type":"Feature","geometry":{"type":"Point","coordinates":[135.269294,34.334258]},"properties":{"code":2941,"type":"IC","name":"阪南ＩＣ"}},{"type":"Feature","geometry":{"type":"Point","coordinates":[135.335169,34.370078]},"properties":{"code":2941,"type":"IC","name":"上之郷ＩＣ"}},{"type":"Feature","geometry":{"type":"Point","coordinates":[135.335898,34.365331]},"properties":{"code":2942,"type":"JCT","name":"泉佐野ＪＣＴ"}},{"type":"Feature","geometry":{"type":"Point","coordinates":[135.01472,34.585418]},"properties":{"code":2943,"type":"SA","name":"淡路ＳＡ"}},{"type":"Feature","geometry":{"type":"Point","coordinates":[135.016179,34.582662]},"properties":{"code":2941,"type":"IC","name":"淡路ＩＣ"}},{"type":"Feature","geometry":{"type":"Point","coordinates":[135.016394,34.581991]},"properties":{"code":2945,"type":"スマートIC","name":"淡路北ＳＩＣ"}},{"type":"Feature","geometry":{"type":"Point","coordinates":[135.323668,34.715971]},"properties":{"code":2944,"type":"PA","name":"南芦屋浜ＰＡ"}},{"type":"Feature","geometry":{"type":"Point","coordinates":[135.021844,34.684675]},"properties":{"code":2942,"type":"JCT","name":"永井谷ＪＣＴ"}},{"type":"Feature","geometry":{"type":"Point","coordinates":[135.012918,34.677441]},"properties":{"code":2941,"type":"IC","name":"伊川谷ＩＣ"}},{"type":"Feature","geometry":{"type":"Point","coordinates":[135.014935,34.676664]},"properties":{"code":2942,"type":"JCT","name":"伊川谷ＪＣＴ"}},{"type":"Feature","geometry":{"type":"Point","coordinates":[135.085702,34.728563]},"properties":{"code":2941,"type":"IC","name":"神戸西ＩＣ"}},{"type":"Feature","geometry":{"type":"Point","coordinates":[135.051413,34.696673]},"properties":{"code":2944,"type":"PA","name":"前開ＰＡ"}},{"type":"Feature","geometry":{"type":"Point","coordinates":[135.046005,34.672147]},"properties":{"code":2941,"type":"IC","name":"長坂ＩＣ"}},{"type":"Feature","geometry":{"type":"Point","coordinates":[135.052657,34.671582]},"properties":{"code":2941,"type":"IC","name":"学園南ＩＣ"}},{"type":"Feature","geometry":{"type":"Point","coordinates":[135.073299,34.692192]},"properties":{"code":2942,"type":"JCT","name":"布施畑ＪＣＴ・ＩＣ"}},{"type":"Feature","geometry":{"type":"Point","coordinates":[135.02811,34.660852]},"properties":{"code":2941,"type":"IC","name":"大蔵谷ＩＣ"}},{"type":"Feature","geometry":{"type":"Point","coordinates":[135.053301,34.647331]},"properties":{"code":2941,"type":"IC","name":"高丸ＩＣ"}},{"type":"Feature","geometry":{"type":"Point","coordinates":[135.067849,34.659687]},"properties":{"code":2942,"type":"JCT","name":"垂水ＪＣＴ・ＩＣ"}},{"type":"Feature","geometry":{"type":"Point","coordinates":[135.073256,34.647578]},"properties":{"code":2941,"type":"IC","name":"名谷ＩＣ"}},{"type":"Feature","geometry":{"type":"Point","coordinates":[135.074544,34.647402]},"properties":{"code":2944,"type":"PA","name":"名谷ＰＡ"}},{"type":"Feature","geometry":{"type":"Point","coordinates":[135.07772,34.648743]},"properties":{"code":2942,"type":"JCT","name":"名谷ＪＣＴ"}},{"type":"Feature","geometry":{"type":"Point","coordinates":[135.098233,34.707822]},"properties":{"code":2942,"type":"JCT","name":"白川ＪＣＴ"}},{"type":"Feature","geometry":{"type":"Point","coordinates":[135.107203,34.713819]},"properties":{"code":2944,"type":"PA","name":"白川ＰＡ"}},{"type":"Feature","geometry":{"type":"Point","coordinates":[135.127802,34.730221]},"properties":{"code":2941,"type":"IC","name":"藍那ＩＣ"}},{"type":"Feature","geometry":{"type":"Point","coordinates":[135.124283,34.693003]},"properties":{"code":2941,"type":"IC","name":"鵯ＩＣ"}},{"type":"Feature","geometry":{"type":"Point","coordinates":[135.164752,34.699178]},"properties":{"code":2941,"type":"IC","name":"天王谷ＩＣ"}},{"type":"Feature","geometry":{"type":"Point","coordinates":[135.09038,34.651603]},"properties":{"code":2944,"type":"PA","name":"垂水ＰＡ"}},{"type":"Feature","geometry":{"type":"Point","coordinates":[135.113039,34.654992]},"properties":{"code":2941,"type":"IC","name":"須磨ＩＣ"}},{"type":"Feature","geometry":{"type":"Point","coordinates":[135.147672,34.665441]},"properties":{"code":2941,"type":"IC","name":"神戸長田ＩＣ"}},{"type":"Feature","geometry":{"type":"Point","coordinates":[135.152135,34.657993]},"properties":{"code":2942,"type":"JCT","name":"湊川ＪＣＴ・ＩＣ"}},{"type":"Feature","geometry":{"type":"Point","coordinates":[135.05403,34.798264]},"properties":{"code":2941,"type":"IC","name":"三木東ＩＣ"}},{"type":"Feature","geometry":{"type":"Point","coordinates":[135.075188,34.811548]},"properties":{"code":2942,"type":"JCT","name":"三木ＪＣＴ"}},{"type":"Feature","geometry":{"type":"Point","coordinates":[135.164623,34.88572]},"properties":{"code":2944,"type":"PA","name":"赤松ＰＡ"}},{"type":"Feature","geometry":{"type":"Point","coordinates":[135.169988,34.885403]},"properties":{"code":2944,"type":"PA","name":"赤松ＰＡ"}},{"type":"Feature","geometry":{"type":"Point","coordinates":[135.154452,34.831101]},"properties":{"code":2944,"type":"PA","name":"淡河ＰＡ"}},{"type":"Feature","geometry":{"type":"Point","coordinates":[135.186768,34.882023]},"properties":{"code":2941,"type":"IC","name":"神戸三田ＩＣ"}},{"type":"Feature","geometry":{"type":"Point","coordinates":[135.192003,34.853186]},"properties":{"code":2941,"type":"IC","name":"大沢ＩＣ"}},{"type":"Feature","geometry":{"type":"Point","coordinates":[135.198011,34.84026]},"properties":{"code":2941,"type":"IC","name":"神戸北ＩＣ"}},{"type":"Feature","geometry":{"type":"Point","coordinates":[135.222559,34.849593]},"properties":{"code":2942,"type":"JCT","name":"神戸ＪＣＴ"}},{"type":"Feature","geometry":{"type":"Point","coordinates":[135.234919,34.838534]},"properties":{"code":2941,"type":"IC","name":"西宮北ＩＣ"}},{"type":"Feature","geometry":{"type":"Point","coordinates":[135.261312,34.835152]},"properties":{"code":2942,"type":"JCT","name":"西宮山口ＪＣＴ"}},{"type":"Feature","geometry":{"type":"Point","coordinates":[135.201058,34.806369]},"properties":{"code":2942,"type":"JCT","name":"柳谷ＪＣＴ"}},{"type":"Feature","geometry":{"type":"Point","coordinates":[135.208054,34.787797]},"properties":{"code":2941,"type":"IC","name":"唐櫃ＩＣ"}},{"type":"Feature","geometry":{"type":"Point","coordinates":[135.226679,34.794352]},"properties":{"code":2942,"type":"JCT","name":"有馬口ＪＣＴ"}},{"type":"Feature","geometry":{"type":"Point","coordinates":[135.30324,34.864947]},"properties":{"code":2943,"type":"SA","name":"宝塚北ＳＡ"}},{"type":"Feature","geometry":{"type":"Point","coordinates":[135.305471,34.865616]},"properties":{"code":2945,"type":"スマートIC","name":"宝塚北ＳＩＣ"}},{"type":"Feature","geometry":{"type":"Point","coordinates":[135.295429,34.828283]},"properties":{"code":2943,"type":"SA","name":"西宮名塩ＳＡ"}},{"type":"Feature","geometry":{"type":"Point","coordinates":[135.39422,34.88579]},"properties":{"code":2941,"type":"IC","name":"川西ＩＣ"}},{"type":"Feature","geometry":{"type":"Point","coordinates":[135.369201,34.806122]},"properties":{"code":2941,"type":"IC","name":"宝塚ＩＣ"}},{"type":"Feature","geometry":{"type":"Point","coordinates":[135.432372,34.8051]},"properties":{"code":2941,"type":"IC","name":"中国池田ＩＣ"}},{"type":"Feature","geometry":{"type":"Point","coordinates":[135.453787,34.876144]},"properties":{"code":2941,"type":"IC","name":"箕面とどろみＩＣ"}},{"type":"Feature","geometry":{"type":"Point","coordinates":[135.439582,34.799744]},"properties":{"code":2941,"type":"IC","name":"池田ＩＣ"}},{"type":"Feature","geometry":{"type":"Point","coordinates":[135.452843,34.801048]},"properties":{"code":2941,"type":"IC","name":"中国豊中ＩＣ"}},{"type":"Feature","geometry":{"type":"Point","coordinates":[135.445032,34.792273]},"properties":{"code":2942,"type":"JCT","name":"蛍池ＪＣＴ"}},{"type":"Feature","geometry":{"type":"Point","coordinates":[135.463271,34.752121]},"properties":{"code":2941,"type":"IC","name":"豊中ＩＣ"}},{"type":"Feature","geometry":{"type":"Point","coordinates":[135.493312,34.806615]},"properties":{"code":2941,"type":"IC","name":"千里ＩＣ"}},{"type":"Feature","geometry":{"type":"Point","coordinates":[135.525756,34.782016]},"properties":{"code":2943,"type":"SA","name":"吹田ＳＡ"}},{"type":"Feature","geometry":{"type":"Point","coordinates":[135.355124,34.726165]},"properties":{"code":2941,"type":"IC","name":"西宮ＩＣ"}},{"type":"Feature","geometry":{"type":"Point","coordinates":[135.415335,34.741401]},"properties":{"code":2941,"type":"IC","name":"尼崎ＩＣ"}},{"type":"Feature","geometry":{"type":"Point","coordinates":[135.418725,34.713572]},"properties":{"code":2944,"type":"PA","name":"尼崎ＰＡ"}},{"type":"Feature","geometry":{"type":"Point","coordinates":[135.411043,34.689933]},"properties":{"code":2944,"type":"PA","name":"中島ＰＡ"}},{"type":"Feature","geometry":{"type":"Point","coordinates":[135.48636,34.681076]},"properties":{"code":2942,"type":"JCT","name":"阿波座ＪＣＴ"}},{"type":"Feature","geometry":{"type":"Point","coordinates":[135.508847,34.69318]},"properties":{"code":2942,"type":"JCT","name":"天神橋ＪＣＴ"}},{"type":"Feature","geometry":{"type":"Point","coordinates":[135.445762,34.663358]},"properties":{"code":2944,"type":"PA","name":"朝潮橋ＰＡ"}},{"type":"Feature","geometry":{"type":"Point","coordinates":[135.485458,34.653509]},"properties":{"code":2942,"type":"JCT","name":"南開ＪＣＴ"}},{"type":"Feature","geometry":{"type":"Point","coordinates":[135.49623,34.668158]},"properties":{"code":2942,"type":"JCT","name":"湊町ＪＣＴ"}},{"type":"Feature","geometry":{"type":"Point","coordinates":[135.50683,34.655274]},"properties":{"code":2942,"type":"JCT","name":"えびすＪＣＴ"}},{"type":"Feature","geometry":{"type":"Point","coordinates":[135.582361,34.728528]},"properties":{"code":2941,"type":"IC","name":"門真ＩＣ"}},{"type":"Feature","geometry":{"type":"Point","coordinates":[135.589271,34.715477]},"properties":{"code":2942,"type":"JCT","name":"門真ＪＣＴ"}},{"type":"Feature","geometry":{"type":"Point","coordinates":[135.593047,34.717523]},"properties":{"code":2941,"type":"IC","name":"第二京阪門真ＩＣ"}},{"type":"Feature","geometry":{"type":"Point","coordinates":[135.592017,34.705952]},"properties":{"code":2941,"type":"IC","name":"大東鶴見ＩＣ"}},{"type":"Feature","geometry":{"type":"Point","coordinates":[135.592275,34.696532]},"properties":{"code":2941,"type":"IC","name":"東大阪北ＩＣ"}},{"type":"Feature","geometry":{"type":"Point","coordinates":[135.59485,34.687322]},"properties":{"code":2944,"type":"PA","name":"東大阪ＰＡ"}},{"type":"Feature","geometry":{"type":"Point","coordinates":[135.59751,34.678394]},"properties":{"code":2942,"type":"JCT","name":"東大阪ＪＣＴ"}},{"type":"Feature","geometry":{"type":"Point","coordinates":[135.597167,34.650756]},"properties":{"code":2941,"type":"IC","name":"東大阪南ＩＣ"}},{"type":"Feature","geometry":{"type":"Point","coordinates":[135.583005,34.63176]},"properties":{"code":2944,"type":"PA","name":"八尾ＰＡ"}},{"type":"Feature","geometry":{"type":"Point","coordinates":[135.585237,34.63289]},"properties":{"code":2941,"type":"IC","name":"八尾ＩＣ"}},{"type":"Feature","geometry":{"type":"Point","coordinates":[135.573993,34.599302]},"properties":{"code":2941,"type":"IC","name":"長原ＩＣ"}},{"type":"Feature","geometry":{"type":"Point","coordinates":[135.638537,34.680052]},"properties":{"code":2941,"type":"IC","name":"西石切ＩＣ"}},{"type":"Feature","geometry":{"type":"Point","coordinates":[135.528674,34.880791]},"properties":{"code":2944,"type":"PA","name":"茨木千提寺ＰＡ"}},{"type":"Feature","geometry":{"type":"Point","coordinates":[135.533953,34.883924]},"properties":{"code":2941,"type":"IC","name":"茨木千提寺ＩＣ"}},{"type":"Feature","geometry":{"type":"Point","coordinates":[135.559959,34.831207]},"properties":{"code":2941,"type":"IC","name":"茨木ＩＣ"}},{"type":"Feature","geometry":{"type":"Point","coordinates":[135.532365,34.80739]},"properties":{"code":2941,"type":"IC","name":"中国吹田ＩＣ"}},{"type":"Feature","geometry":{"type":"Point","coordinates":[135.543952,34.807849]},"properties":{"code":2942,"type":"JCT","name":"吹田ＪＣＴ"}},{"type":"Feature","geometry":{"type":"Point","coordinates":[135.541463,34.803232]},"properties":{"code":2941,"type":"IC","name":"吹田ＩＣ"}},{"type":"Feature","geometry":{"type":"Point","coordinates":[135.562363,34.784166]},"properties":{"code":2941,"type":"IC","name":"摂津北ＩＣ"}},{"type":"Feature","geometry":{"type":"Point","coordinates":[135.568671,34.763227]},"properties":{"code":2941,"type":"IC","name":"摂津南ＩＣ"}},{"type":"Feature","geometry":{"type":"Point","coordinates":[135.57528,34.753954]},"properties":{"code":2942,"type":"JCT","name":"守口ＪＣＴ"}},{"type":"Feature","geometry":{"type":"Point","coordinates":[135.627551,34.876144]},"properties":{"code":2941,"type":"IC","name":"高槻ＩＣ"}},{"type":"Feature","geometry":{"type":"Point","coordinates":[135.626135,34.867236]},"properties":{"code":2942,"type":"JCT","name":"高槻ＪＣＴ"}},{"type":"Feature","geometry":{"type":"Point","coordinates":[135.621285,34.744398]},"properties":{"code":2941,"type":"IC","name":"寝屋川南ＩＣ"}},{"type":"Feature","geometry":{"type":"Point","coordinates":[135.672269,34.780853]},"properties":{"code":2941,"type":"IC","name":"交野南ＩＣ"}},{"type":"Feature","geometry":{"type":"Point","coordinates":[135.69819,34.793858]},"properties":{"code":2941,"type":"IC","name":"交野北ＩＣ"}},{"type":"Feature","geometry":{"type":"Point","coordinates":[135.659223,34.770948]},"properties":{"code":2941,"type":"IC","name":"寝屋川北ＩＣ"}},{"type":"Feature","geometry":{"type":"Point","coordinates":[135.545969,35.02961]},"properties":{"code":2941,"type":"IC","name":"大井ＩＣ"}},{"type":"Feature","geometry":{"type":"Point","coordinates":[135.560732,35.00912]},"properties":{"code":2941,"type":"IC","name":"亀岡ＩＣ"}},{"type":"Feature","geometry":{"type":"Point","coordinates":[135.608797,34.990488]},"properties":{"code":2941,"type":"IC","name":"篠ＩＣ"}},{"type":"Feature","geometry":{"type":"Point","coordinates":[135.659094,34.976494]},"properties":{"code":2941,"type":"IC","name":"沓掛ＩＣ"}},{"type":"Feature","geometry":{"type":"Point","coordinates":[135.655231,34.965065]},"properties":{"code":2941,"type":"IC","name":"大原野ＩＣ"}},{"type":"Feature","geometry":{"type":"Point","coordinates":[135.686045,34.915919]},"properties":{"code":2941,"type":"IC","name":"長岡京ＩＣ"}},{"type":"Feature","geometry":{"type":"Point","coordinates":[135.692911,34.905009]},"properties":{"code":2942,"type":"JCT","name":"大山崎ＪＣＴ・ＩＣ"}},{"type":"Feature","geometry":{"type":"Point","coordinates":[135.535197,35.050762]},"properties":{"code":2941,"type":"IC","name":"千代川ＩＣ"}},{"type":"Feature","geometry":{"type":"Point","coordinates":[135.414305,35.155354]},"properties":{"code":2944,"type":"PA","name":"京丹波ＰＡ"}},{"type":"Feature","geometry":{"type":"Point","coordinates":[135.431771,35.146793]},"properties":{"code":2941,"type":"IC","name":"丹波ＩＣ"}},{"type":"Feature","geometry":{"type":"Point","coordinates":[135.480008,35.122962]},"properties":{"code":2941,"type":"IC","name":"園部ＩＣ"}},{"type":"Feature","geometry":{"type":"Point","coordinates":[135.500908,35.092032]},"properties":{"code":2941,"type":"IC","name":"八木西ＩＣ"}},{"type":"Feature","geometry":{"type":"Point","coordinates":[135.508676,35.082621]},"properties":{"code":2941,"type":"IC","name":"八木中ＩＣ"}},{"type":"Feature","geometry":{"type":"Point","coordinates":[135.513353,35.079776]},"properties":{"code":2944,"type":"PA","name":"南丹ＰＡ"}},{"type":"Feature","geometry":{"type":"Point","coordinates":[135.517945,35.072612]},"properties":{"code":2941,"type":"IC","name":"八木東ＩＣ"}},{"type":"Feature","geometry":{"type":"Point","coordinates":[135.000687,34.920423]},"properties":{"code":2944,"type":"PA","name":"社ＰＡ"}},{"type":"Feature","geometry":{"type":"Point","coordinates":[135.080681,34.895189]},"properties":{"code":2941,"type":"IC","name":"ひょうご東条ＩＣ"}},{"type":"Feature","geometry":{"type":"Point","coordinates":[135.116429,34.889838]},"properties":{"code":2941,"type":"IC","name":"吉川ＩＣ"}},{"type":"Feature","geometry":{"type":"Point","coordinates":[135.158615,34.931401]},"properties":{"code":2941,"type":"IC","name":"三田西ＩＣ"}},{"type":"Feature","geometry":{"type":"Point","coordinates":[135.151105,34.89357]},"properties":{"code":2942,"type":"JCT","name":"吉川ＪＣＴ"}},{"type":"Feature","geometry":{"type":"Point","coordinates":[135.156384,34.906487]},"properties":{"code":2944,"type":"PA","name":"上荒川ＰＡ"}},{"type":"Feature","geometry":{"type":"Point","coordinates":[135.045533,35.162722]},"properties":{"code":2941,"type":"IC","name":"氷上ＩＣ"}},{"type":"Feature","geometry":{"type":"Point","coordinates":[135.118189,35.16395]},"properties":{"code":2942,"type":"JCT","name":"春日ＪＣＴ・ＩＣ"}},{"type":"Feature","geometry":{"type":"Point","coordinates":[135.167027,35.091049]},"properties":{"code":2943,"type":"SA","name":"西紀ＳＡ"}},{"type":"Feature","geometry":{"type":"Point","coordinates":[135.178742,35.067624]},"properties":{"code":2941,"type":"IC","name":"丹南篠山口ＩＣ"}},{"type":"Feature","geometry":{"type":"Point","coordinates":[135.17767,35.285459]},"properties":{"code":2941,"type":"IC","name":"福知山ＩＣ"}},{"type":"Feature","geometry":{"type":"Point","coordinates":[135.183377,35.256483]},"properties":{"code":2944,"type":"PA","name":"六人部ＰＡ"}},{"type":"Feature","geometry":{"type":"Point","coordinates":[135.337529,35.279469]},"properties":{"code":2941,"type":"IC","name":"京丹波わちＩＣ"}},{"type":"Feature","geometry":{"type":"Point","coordinates":[135.013604,35.243762]},"properties":{"code":2941,"type":"IC","name":"青垣ＩＣ"}},{"type":"Feature","geometry":{"type":"Point","coordinates":[135.204792,35.433505]},"properties":{"code":2941,"type":"IC","name":"舞鶴大江ＩＣ"}},{"type":"Feature","geometry":{"type":"Point","coordinates":[135.210071,35.42784]},"properties":{"code":2944,"type":"PA","name":"由良川ＰＡ"}},{"type":"Feature","geometry":{"type":"Point","coordinates":[135.257063,35.327626]},"properties":{"code":2941,"type":"IC","name":"綾部ＩＣ"}},{"type":"Feature","geometry":{"type":"Point","coordinates":[135.338731,35.403008]},"properties":{"code":2941,"type":"IC","name":"舞鶴西ＩＣ"}},{"type":"Feature","geometry":{"type":"Point","coordinates":[135.291867,35.349436]},"properties":{"code":2942,"type":"JCT","name":"綾部ＪＣＴ"}},{"type":"Feature","geometry":{"type":"Point","coordinates":[135.309505,35.366026]},"properties":{"code":2944,"type":"PA","name":"綾部ＰＡ"}},{"type":"Feature","geometry":{"type":"Point","coordinates":[135.308132,35.337464]},"properties":{"code":2941,"type":"IC","name":"綾部安国寺ＩＣ"}},{"type":"Feature","geometry":{"type":"Point","coordinates":[135.420098,35.458433]},"properties":{"code":2941,"type":"IC","name":"舞鶴東ＩＣ"}},{"type":"Feature","geometry":{"type":"Point","coordinates":[135.45074,35.456755]},"properties":{"code":2944,"type":"PA","name":"舞鶴ＰＡ"}},{"type":"Feature","geometry":{"type":"Point","coordinates":[135.362849,35.184577]},"properties":{"code":2941,"type":"IC","name":"京丹波みずほＩＣ"}},{"type":"Feature","geometry":{"type":"Point","coordinates":[135.54996,35.449903]},"properties":{"code":2941,"type":"IC","name":"大飯高浜ＩＣ"}},{"type":"Feature","geometry":{"type":"Point","coordinates":[135.920405,35.210598]},"properties":{"code":2941,"type":"IC","name":"志賀ＩＣ"}},{"type":"Feature","geometry":{"type":"Point","coordinates":[135.723853,34.944594]},"properties":{"code":2944,"type":"PA","name":"桂川ＰＡ"}},{"type":"Feature","geometry":{"type":"Point","coordinates":[135.745225,34.953177]},"properties":{"code":2941,"type":"IC","name":"京都南ＩＣ"}},{"type":"Feature","geometry":{"type":"Point","coordinates":[135.719347,34.894414]},"properties":{"code":2941,"type":"IC","name":"久御山淀ＩＣ"}},{"type":"Feature","geometry":{"type":"Point","coordinates":[135.741363,34.898427]},"properties":{"code":2941,"type":"IC","name":"久御山ＩＣ"}},{"type":"Feature","geometry":{"type":"Point","coordinates":[135.750246,34.908317]},"properties":{"code":2941,"type":"IC","name":"巨椋池ＩＣ"}},{"type":"Feature","geometry":{"type":"Point","coordinates":[135.766811,34.904411]},"properties":{"code":2941,"type":"IC","name":"巨椋ＩＣ"}},{"type":"Feature","geometry":{"type":"Point","coordinates":[135.749774,34.89723]},"properties":{"code":2942,"type":"JCT","name":"久御山ＪＣＴ"}},{"type":"Feature","geometry":{"type":"Point","coordinates":[135.783935,34.908352]},"properties":{"code":2941,"type":"IC","name":"宇治西ＩＣ"}},{"type":"Feature","geometry":{"type":"Point","coordinates":[135.869122,34.996746]},"properties":{"code":2943,"type":"SA","name":"大津ＳＡ"}},{"type":"Feature","geometry":{"type":"Point","coordinates":[135.871954,34.99534]},"properties":{"code":2941,"type":"IC","name":"大津ＩＣ"}},{"type":"Feature","geometry":{"type":"Point","coordinates":[135.835862,34.987253]},"properties":{"code":2941,"type":"IC","name":"京都東ＩＣ"}},{"type":"Feature","geometry":{"type":"Point","coordinates":[135.807667,34.903918]},"properties":{"code":2941,"type":"IC","name":"宇治東ＩＣ"}},{"type":"Feature","geometry":{"type":"Point","coordinates":[135.859079,34.91525]},"properties":{"code":2941,"type":"IC","name":"笠取ＩＣ"}},{"type":"Feature","geometry":{"type":"Point","coordinates":[135.913925,34.968406]},"properties":{"code":2941,"type":"IC","name":"瀬田西ＩＣ"}},{"type":"Feature","geometry":{"type":"Point","coordinates":[135.926929,34.969496]},"properties":{"code":2942,"type":"JCT","name":"瀬田東ＪＣＴ"}},{"type":"Feature","geometry":{"type":"Point","coordinates":[135.925641,34.967456]},"properties":{"code":2941,"type":"IC","name":"瀬田東ＩＣ"}},{"type":"Feature","geometry":{"type":"Point","coordinates":[135.949116,34.9779]},"properties":{"code":2944,"type":"PA","name":"草津ＰＡ"}},{"type":"Feature","geometry":{"type":"Point","coordinates":[135.956454,34.982788]},"properties":{"code":2942,"type":"JCT","name":"草津ＪＣＴ"}},{"type":"Feature","geometry":{"type":"Point","coordinates":[135.961261,34.974243]},"properties":{"code":2941,"type":"IC","name":"草津田上ＩＣ"}},{"type":"Feature","geometry":{"type":"Point","coordinates":[135.90354,34.954232]},"properties":{"code":2941,"type":"IC","name":"石山ＩＣ"}},{"type":"Feature","geometry":{"type":"Point","coordinates":[135.880837,34.920564]},"properties":{"code":2941,"type":"IC","name":"南郷ＩＣ"}},{"type":"Feature","geometry":{"type":"Point","coordinates":[136.001515,35.029856]},"properties":{"code":2941,"type":"IC","name":"栗東第二ＩＣ"}},{"type":"Feature","geometry":{"type":"Point","coordinates":[136.006622,35.019313]},"properties":{"code":2941,"type":"IC","name":"栗東ＩＣ"}},{"type":"Feature","geometry":{"type":"Point","coordinates":[136.020741,35.019313]},"properties":{"code":2941,"type":"IC","name":"栗東湖南ＩＣ"}},{"type":"Feature","geometry":{"type":"Point","coordinates":[135.900879,35.1616]},"properties":{"code":2941,"type":"IC","name":"和邇ＩＣ"}},{"type":"Feature","geometry":{"type":"Point","coordinates":[135.903325,35.134475]},"properties":{"code":2941,"type":"IC","name":"真野ＩＣ"}},{"type":"Feature","geometry":{"type":"Point","coordinates":[135.891094,35.098599]},"properties":{"code":2941,"type":"IC","name":"仰木雄琴ＩＣ"}},{"type":"Feature","geometry":{"type":"Point","coordinates":[135.879979,35.07939]},"properties":{"code":2941,"type":"IC","name":"坂本北ＩＣ"}},{"type":"Feature","geometry":{"type":"Point","coordinates":[136.057606,35.042119]},"properties":{"code":2944,"type":"PA","name":"菩提寺ＰＡ"}},{"type":"Feature","geometry":{"type":"Point","coordinates":[136.102581,35.053186]},"properties":{"code":2941,"type":"IC","name":"竜王ＩＣ"}},{"type":"Feature","geometry":{"type":"Point","coordinates":[136.158628,35.071136]},"properties":{"code":2945,"type":"スマートIC","name":"蒲生ＳＩＣ"}},{"type":"Feature","geometry":{"type":"Point","coordinates":[136.192961,35.078161]},"properties":{"code":2944,"type":"PA","name":"黒丸ＰＡ"}},{"type":"Feature","geometry":{"type":"Point","coordinates":[136.225834,35.092383]},"properties":{"code":2941,"type":"IC","name":"八日市ＩＣ"}},{"type":"Feature","geometry":{"type":"Point","coordinates":[136.085629,34.926369]},"properties":{"code":2941,"type":"IC","name":"信楽ＩＣ"}},{"type":"Feature","geometry":{"type":"Point","coordinates":[136.150861,34.915215]},"properties":{"code":2944,"type":"PA","name":"甲南ＰＡ"}},{"type":"Feature","geometry":{"type":"Point","coordinates":[136.152964,34.91437]},"properties":{"code":2941,"type":"IC","name":"甲南ＩＣ"}},{"type":"Feature","geometry":{"type":"Point","coordinates":[136.26214,34.92454]},"properties":{"code":2941,"type":"IC","name":"甲賀土山ＩＣ"}},{"type":"Feature","geometry":{"type":"Point","coordinates":[136.295786,34.915848]},"properties":{"code":2943,"type":"SA","name":"土山ＳＡ"}},{"type":"Feature","geometry":{"type":"Point","coordinates":[136.39286,34.91518]},"properties":{"code":2942,"type":"JCT","name":"亀山西ＪＣＴ"}},{"type":"Feature","geometry":{"type":"Point","coordinates":[136.275444,35.164477]},"properties":{"code":2945,"type":"スマートIC","name":"湖東三山ＳＩＣ"}},{"type":"Feature","geometry":{"type":"Point","coordinates":[136.275659,35.162477]},"properties":{"code":2944,"type":"PA","name":"湖東三山ＰＡ"}},{"type":"Feature","geometry":{"type":"Point","coordinates":[136.27892,35.259077]},"properties":{"code":2941,"type":"IC","name":"彦根ＩＣ"}},{"type":"Feature","geometry":{"type":"Point","coordinates":[136.283898,35.221748]},"properties":{"code":2945,"type":"スマートIC","name":"多賀ＳＩＣ"}},{"type":"Feature","geometry":{"type":"Point","coordinates":[136.284456,35.218662]},"properties":{"code":2943,"type":"SA","name":"多賀ＳＡ"}},{"type":"Feature","geometry":{"type":"Point","coordinates":[136.283941,35.209616]},"properties":{"code":2945,"type":"スマートIC","name":"多賀ＳＩＣ"}},{"type":"Feature","geometry":{"type":"Point","coordinates":[136.320891,35.315826]},"properties":{"code":2942,"type":"JCT","name":"米原ＪＣＴ"}},{"type":"Feature","geometry":{"type":"Point","coordinates":[136.257591,35.451616]},"properties":{"code":2945,"type":"スマートIC","name":"小谷城ＳＩＣ"}},{"type":"Feature","geometry":{"type":"Point","coordinates":[136.29364,35.399825]},"properties":{"code":2941,"type":"IC","name":"長浜ＩＣ"}},{"type":"Feature","geometry":{"type":"Point","coordinates":[136.307931,35.356226]},"properties":{"code":2944,"type":"PA","name":"神田ＰＡ"}},{"type":"Feature","geometry":{"type":"Point","coordinates":[136.319003,35.322234]},"properties":{"code":2941,"type":"IC","name":"米原ＩＣ"}},{"type":"Feature","geometry":{"type":"Point","coordinates":[136.388268,35.330252]},"properties":{"code":2944,"type":"PA","name":"伊吹ＰＡ"}},{"type":"Feature","geometry":{"type":"Point","coordinates":[136.397324,35.331512]},"properties":{"code":2944,"type":"PA","name":"伊吹ＰＡ"}},{"type":"Feature","geometry":{"type":"Point","coordinates":[136.153221,35.603509]},"properties":{"code":2944,"type":"PA","name":"刀根ＰＡ"}},{"type":"Feature","geometry":{"type":"Point","coordinates":[136.21738,35.520316]},"properties":{"code":2943,"type":"SA","name":"賤ヶ岳ＳＡ"}},{"type":"Feature","geometry":{"type":"Point","coordinates":[136.218195,35.499356]},"properties":{"code":2941,"type":"IC","name":"木之本ＩＣ"}},{"type":"Feature","geometry":{"type":"Point","coordinates":[136.111979,35.732649]},"properties":{"code":2944,"type":"PA","name":"杉津ＰＡ"}},{"type":"Feature","geometry":{"type":"Point","coordinates":[136.096315,35.645579]},"properties":{"code":2941,"type":"IC","name":"敦賀ＩＣ"}},{"type":"Feature","geometry":{"type":"Point","coordinates":[136.092539,35.634628]},"properties":{"code":2942,"type":"JCT","name":"敦賀ＪＣＴ"}},{"type":"Feature","geometry":{"type":"Point","coordinates":[136.203775,35.973908]},"properties":{"code":2944,"type":"PA","name":"北鯖江ＰＡ"}},{"type":"Feature","geometry":{"type":"Point","coordinates":[136.201887,35.951573]},"properties":{"code":2941,"type":"IC","name":"鯖江ＩＣ"}},{"type":"Feature","geometry":{"type":"Point","coordinates":[136.203003,35.900592]},"properties":{"code":2941,"type":"IC","name":"武生ＩＣ"}},{"type":"Feature","geometry":{"type":"Point","coordinates":[136.200814,35.829957]},"properties":{"code":2945,"type":"スマートIC","name":"南条ＳＩＣ"}},{"type":"Feature","geometry":{"type":"Point","coordinates":[136.201801,35.828009]},"properties":{"code":2943,"type":"SA","name":"南条ＳＡ"}},{"type":"Feature","geometry":{"type":"Point","coordinates":[136.1906,35.800064]},"properties":{"code":2941,"type":"IC","name":"今庄ＩＣ"}},{"type":"Feature","geometry":{"type":"Point","coordinates":[135.978298,35.610906]},"properties":{"code":2941,"type":"IC","name":"若狭美浜ＩＣ"}},{"type":"Feature","geometry":{"type":"Point","coordinates":[136.04207,35.605603]},"properties":{"code":2941,"type":"IC","name":"敦賀南ＳＩＣ"}},{"type":"Feature","geometry":{"type":"Point","coordinates":[135.913882,35.578592]},"properties":{"code":2941,"type":"IC","name":"若狭三方ＩＣ"}},{"type":"Feature","geometry":{"type":"Point","coordinates":[135.902038,35.561697]},"properties":{"code":2945,"type":"スマートIC","name":"三方五湖ＳＩＣ"}},{"type":"Feature","geometry":{"type":"Point","coordinates":[135.901694,35.561243]},"properties":{"code":2944,"type":"PA","name":"三方五湖ＰＡ"}},{"type":"Feature","geometry":{"type":"Point","coordinates":[135.768142,35.494639]},"properties":{"code":2941,"type":"IC","name":"小浜ＩＣ"}},{"type":"Feature","geometry":{"type":"Point","coordinates":[135.863543,35.511234]},"properties":{"code":2941,"type":"IC","name":"若狭上中ＩＣ"}},{"type":"Feature","geometry":{"type":"Point","coordinates":[135.659223,35.4786]},"properties":{"code":2941,"type":"IC","name":"小浜西ＩＣ"}},{"type":"Feature","geometry":{"type":"Point","coordinates":[135.673685,35.479054]},"properties":{"code":2944,"type":"PA","name":"加斗ＰＡ"}},{"type":"Feature","geometry":{"type":"Point","coordinates":[135.193205,35.514658]},"properties":{"code":2941,"type":"IC","name":"宮津天橋立ＩＣ"}},{"type":"Feature","geometry":{"type":"Point","coordinates":[135.121493,35.577719]},"properties":{"code":2941,"type":"IC","name":"京丹後大宮ＩＣ"}},{"type":"Feature","geometry":{"type":"Point","coordinates":[135.139389,35.551223]},"properties":{"code":2941,"type":"IC","name":"与謝天橋立ＩＣ"}},{"type":"Feature","geometry":{"type":"Point","coordinates":[136.294627,36.170378]},"properties":{"code":2944,"type":"PA","name":"女形谷ＰＡ"}},{"type":"Feature","geometry":{"type":"Point","coordinates":[136.286087,36.14588]},"properties":{"code":2941,"type":"IC","name":"丸岡ＩＣ"}},{"type":"Feature","geometry":{"type":"Point","coordinates":[136.254544,36.032894]},"properties":{"code":2941,"type":"IC","name":"福井ＩＣ"}},{"type":"Feature","geometry":{"type":"Point","coordinates":[136.279178,36.086147]},"properties":{"code":2942,"type":"JCT","name":"福井北ＪＣＴ・ＩＣ"}},{"type":"Feature","geometry":{"type":"Point","coordinates":[136.296687,36.081014]},"properties":{"code":2941,"type":"IC","name":"松岡ＩＣ"}},{"type":"Feature","geometry":{"type":"Point","coordinates":[136.317329,36.081743]},"properties":{"code":2941,"type":"IC","name":"永平寺参道ＩＣ"}},{"type":"Feature","geometry":{"type":"Point","coordinates":[136.326513,36.087118]},"properties":{"code":2941,"type":"IC","name":"永平寺ＩＣ"}},{"type":"Feature","geometry":{"type":"Point","coordinates":[136.383848,36.076505]},"properties":{"code":2941,"type":"IC","name":"上志比ＩＣ"}},{"type":"Feature","geometry":{"type":"Point","coordinates":[136.287632,36.291849]},"properties":{"code":2941,"type":"IC","name":"加賀ＩＣ"}},{"type":"Feature","geometry":{"type":"Point","coordinates":[136.280336,36.234408]},"properties":{"code":2941,"type":"IC","name":"金津ＩＣ"}},{"type":"Feature","geometry":{"type":"Point","coordinates":[136.391959,36.395413]},"properties":{"code":2945,"type":"スマートIC","name":"安宅ＳＩＣ"}},{"type":"Feature","geometry":{"type":"Point","coordinates":[136.392946,36.396311]},"properties":{"code":2944,"type":"PA","name":"安宅ＰＡ"}},{"type":"Feature","geometry":{"type":"Point","coordinates":[136.32205,36.351426]},"properties":{"code":2943,"type":"SA","name":"尼御前ＳＡ"}},{"type":"Feature","geometry":{"type":"Point","coordinates":[136.359344,36.371954]},"properties":{"code":2941,"type":"IC","name":"片山津ＩＣ"}},{"type":"Feature","geometry":{"type":"Point","coordinates":[136.464744,36.468992]},"properties":{"code":2945,"type":"スマートIC","name":"能美根上ＳＩＣ"}},{"type":"Feature","geometry":{"type":"Point","coordinates":[136.528087,36.534261]},"properties":{"code":2944,"type":"PA","name":"徳光ＰＡ"}},{"type":"Feature","geometry":{"type":"Point","coordinates":[136.529717,36.535743]},"properties":{"code":2945,"type":"スマートIC","name":"徳光ＳＩＣ"}},{"type":"Feature","geometry":{"type":"Point","coordinates":[136.580143,36.553362]},"properties":{"code":2941,"type":"IC","name":"白山ＩＣ"}},{"type":"Feature","geometry":{"type":"Point","coordinates":[136.497917,36.504324]},"properties":{"code":2941,"type":"IC","name":"美川ＩＣ"}},{"type":"Feature","geometry":{"type":"Point","coordinates":[136.43054,36.422111]},"properties":{"code":2941,"type":"IC","name":"小松ＩＣ"}},{"type":"Feature","geometry":{"type":"Point","coordinates":[136.596923,36.563772]},"properties":{"code":2941,"type":"IC","name":"金沢西ＩＣ"}},{"type":"Feature","geometry":{"type":"Point","coordinates":[136.888103,36.53133]},"properties":{"code":2941,"type":"IC","name":"福光ＩＣ"}},{"type":"Feature","geometry":{"type":"Point","coordinates":[136.871839,36.501564]},"properties":{"code":2945,"type":"スマートIC","name":"城端ＳＩＣ"}},{"type":"Feature","geometry":{"type":"Point","coordinates":[136.874671,36.502185]},"properties":{"code":2943,"type":"SA","name":"城端ＳＡ"}},{"type":"Feature","geometry":{"type":"Point","coordinates":[136.879992,36.392719]},"properties":{"code":2941,"type":"IC","name":"五箇山ＩＣ"}},{"type":"Feature","geometry":{"type":"Point","coordinates":[136.89467,36.275071]},"properties":{"code":2944,"type":"PA","name":"飛驒白川ＰＡ"}},{"type":"Feature","geometry":{"type":"Point","coordinates":[136.89939,36.263307]},"properties":{"code":2941,"type":"IC","name":"白川郷ＩＣ"}},{"type":"Feature","geometry":{"type":"Point","coordinates":[137.003417,36.225823]},"properties":{"code":2944,"type":"PA","name":"飛驒河合ＰＡ"}},{"type":"Feature","geometry":{"type":"Point","coordinates":[137.079334,36.134929]},"properties":{"code":2941,"type":"IC","name":"飛騨清見ＩＣ"}},{"type":"Feature","geometry":{"type":"Point","coordinates":[137.051439,36.069013]},"properties":{"code":2944,"type":"PA","name":"松ノ木峠ＰＡ"}},{"type":"Feature","geometry":{"type":"Point","coordinates":[136.468606,36.061312]},"properties":{"code":2941,"type":"IC","name":"勝山ＩＣ"}},{"type":"Feature","geometry":{"type":"Point","coordinates":[136.501694,36.001132]},"properties":{"code":2941,"type":"IC","name":"大野ＩＣ"}},{"type":"Feature","geometry":{"type":"Point","coordinates":[136.55242,35.975332]},"properties":{"code":2941,"type":"IC","name":"荒島ＩＣ"}},{"type":"Feature","geometry":{"type":"Point","coordinates":[136.602716,35.965225]},"properties":{"code":2941,"type":"IC","name":"勝原ＩＣ"}},{"type":"Feature","geometry":{"type":"Point","coordinates":[136.626835,35.920335]},"properties":{"code":2941,"type":"IC","name":"下山ＩＣ"}},{"type":"Feature","geometry":{"type":"Point","coordinates":[136.668248,35.912167]},"properties":{"code":2941,"type":"IC","name":"九頭竜ＩＣ"}},{"type":"Feature","geometry":{"type":"Point","coordinates":[136.678848,35.461089]},"properties":{"code":2941,"type":"IC","name":"本巣ＩＣ"}},{"type":"Feature","geometry":{"type":"Point","coordinates":[136.72627,35.47507]},"properties":{"code":2941,"type":"IC","name":"岐阜ＩＣ"}},{"type":"Feature","geometry":{"type":"Point","coordinates":[136.779141,35.511164]},"properties":{"code":2941,"type":"IC","name":"山県ＩＣ"}},{"type":"Feature","geometry":{"type":"Point","coordinates":[136.833086,35.513295]},"properties":{"code":2944,"type":"PA","name":"岐阜三輪ＰＡ"}},{"type":"Feature","geometry":{"type":"Point","coordinates":[136.833086,35.513016]},"properties":{"code":2945,"type":"スマートIC","name":"岐阜三輪ＳＩＣ"}},{"type":"Feature","geometry":{"type":"Point","coordinates":[136.872139,35.50788]},"properties":{"code":2941,"type":"IC","name":"関広見ＩＣ"}},{"type":"Feature","geometry":{"type":"Point","coordinates":[136.904197,35.526464]},"properties":{"code":2941,"type":"IC","name":"美濃ＩＣ"}},{"type":"Feature","geometry":{"type":"Point","coordinates":[136.902051,35.518919]},"properties":{"code":2942,"type":"JCT","name":"美濃関ＪＣＴ"}},{"type":"Feature","geometry":{"type":"Point","coordinates":[136.898575,35.509522]},"properties":{"code":2943,"type":"SA","name":"長良川ＳＡ"}},{"type":"Feature","geometry":{"type":"Point","coordinates":[136.895485,35.490167]},"properties":{"code":2943,"type":"SA","name":"関ＳＡ"}},{"type":"Feature","geometry":{"type":"Point","coordinates":[136.891923,35.467171]},"properties":{"code":2941,"type":"IC","name":"関ＩＣ"}},{"type":"Feature","geometry":{"type":"Point","coordinates":[136.934581,35.569028]},"properties":{"code":2944,"type":"PA","name":"古城山ＰＡ"}},{"type":"Feature","geometry":{"type":"Point","coordinates":[136.97578,35.508649]},"properties":{"code":2941,"type":"IC","name":"富加関ＩＣ"}},{"type":"Feature","geometry":{"type":"Point","coordinates":[137.021742,35.470701]},"properties":{"code":2943,"type":"SA","name":"美濃加茂ＳＡ"}},{"type":"Feature","geometry":{"type":"Point","coordinates":[137.025518,35.469338]},"properties":{"code":2941,"type":"IC","name":"美濃加茂ＩＣ"}},{"type":"Feature","geometry":{"type":"Point","coordinates":[136.953678,35.672463]},"properties":{"code":2944,"type":"PA","name":"瓢ヶ岳ＰＡ"}},{"type":"Feature","geometry":{"type":"Point","coordinates":[136.958227,35.664409]},"properties":{"code":2941,"type":"IC","name":"美並ＩＣ"}},{"type":"Feature","geometry":{"type":"Point","coordinates":[136.94458,35.748428]},"properties":{"code":2941,"type":"IC","name":"郡上八幡ＩＣ"}},{"type":"Feature","geometry":{"type":"Point","coordinates":[136.845188,35.877054]},"properties":{"code":2941,"type":"IC","name":"白鳥西ＩＣ"}},{"type":"Feature","geometry":{"type":"Point","coordinates":[136.876302,35.872986]},"properties":{"code":2941,"type":"IC","name":"白鳥ＩＣ"}},{"type":"Feature","geometry":{"type":"Point","coordinates":[136.90557,35.790874]},"properties":{"code":2941,"type":"IC","name":"ぎふ大和ＩＣ"}},{"type":"Feature","geometry":{"type":"Point","coordinates":[136.907372,35.789934]},"properties":{"code":2944,"type":"PA","name":"ぎふ大和ＰＡ"}},{"type":"Feature","geometry":{"type":"Point","coordinates":[136.910377,35.987487]},"properties":{"code":2945,"type":"スマートIC","name":"ひるがの高原ＳＩＣ"}},{"type":"Feature","geometry":{"type":"Point","coordinates":[136.912093,35.98832]},"properties":{"code":2943,"type":"SA","name":"ひるがの高原ＳＡ"}},{"type":"Feature","geometry":{"type":"Point","coordinates":[136.879864,35.936147]},"properties":{"code":2941,"type":"IC","name":"高鷲ＩＣ"}},{"type":"Feature","geometry":{"type":"Point","coordinates":[136.961875,36.019323]},"properties":{"code":2941,"type":"IC","name":"荘川ＩＣ"}},{"type":"Feature","geometry":{"type":"Point","coordinates":[137.4857,35.474127]},"properties":{"code":2941,"type":"IC","name":"中津川ＩＣ"}},{"type":"Feature","geometry":{"type":"Point","coordinates":[137.570286,35.518744]},"properties":{"code":2944,"type":"PA","name":"神坂ＰＡ"}},{"type":"Feature","geometry":{"type":"Point","coordinates":[137.570071,35.517557]},"properties":{"code":2945,"type":"スマートIC","name":"神坂ＳＩＣ"}},{"type":"Feature","geometry":{"type":"Point","coordinates":[137.758384,35.467835]},"properties":{"code":2941,"type":"IC","name":"飯田山本ＩＣ"}},{"type":"Feature","geometry":{"type":"Point","coordinates":[137.795033,35.497854]},"properties":{"code":2941,"type":"IC","name":"飯田ＩＣ"}},{"type":"Feature","geometry":{"type":"Point","coordinates":[137.551746,36.186001]},"properties":{"code":2941,"type":"IC","name":"平湯ＩＣ"}},{"type":"Feature","geometry":{"type":"Point","coordinates":[137.603545,36.206399]},"properties":{"code":2941,"type":"IC","name":"中ノ湯ＩＣ"}},{"type":"Feature","geometry":{"type":"Point","coordinates":[137.171259,36.139122]},"properties":{"code":2941,"type":"IC","name":"高山西ＩＣ"}},{"type":"Feature","geometry":{"type":"Point","coordinates":[137.227306,36.168888]},"properties":{"code":2941,"type":"IC","name":"高山ＩＣ"}},{"type":"Feature","geometry":{"type":"Point","coordinates":[138.131833,36.551948]},"properties":{"code":2941,"type":"IC","name":"更埴ＩＣ"}},{"type":"Feature","geometry":{"type":"Point","coordinates":[138.141232,36.552775]},"properties":{"code":2942,"type":"JCT","name":"更埴ＪＣＴ"}},{"type":"Feature","geometry":{"type":"Point","coordinates":[138.094497,36.498356]},"properties":{"code":2945,"type":"スマートIC","name":"姨捨ＳＩＣ"}},{"type":"Feature","geometry":{"type":"Point","coordinates":[138.096342,36.496493]},"properties":{"code":2943,"type":"SA","name":"姨捨ＳＡ"}},{"type":"Feature","geometry":{"type":"Point","coordinates":[138.01785,36.435992]},"properties":{"code":2944,"type":"PA","name":"筑北ＰＡ"}},{"type":"Feature","geometry":{"type":"Point","coordinates":[138.027163,36.435025]},"properties":{"code":2944,"type":"PA","name":"筑北ＰＡ"}},{"type":"Feature","geometry":{"type":"Point","coordinates":[138.002915,36.392857]},"properties":{"code":2945,"type":"スマートIC","name":"筑北ＳＩＣ"}},{"type":"Feature","geometry":{"type":"Point","coordinates":[138.04862,36.452356]},"properties":{"code":2941,"type":"IC","name":"麻績ＩＣ"}},{"type":"Feature","geometry":{"type":"Point","coordinates":[137.924852,36.300842]},"properties":{"code":2941,"type":"IC","name":"安曇野ＩＣ"}},{"type":"Feature","geometry":{"type":"Point","coordinates":[137.93159,36.271023]},"properties":{"code":2943,"type":"SA","name":"梓川ＳＡ"}},{"type":"Feature","geometry":{"type":"Point","coordinates":[137.931976,36.269916]},"properties":{"code":2945,"type":"スマートIC","name":"梓川ＳＩＣ"}},{"type":"Feature","geometry":{"type":"Point","coordinates":[137.934208,36.261715]},"properties":{"code":2945,"type":"スマートIC","name":"梓川ＳＩＣ"}},{"type":"Feature","geometry":{"type":"Point","coordinates":[137.934895,36.260435]},"properties":{"code":2943,"type":"SA","name":"梓川ＳＡ"}},{"type":"Feature","geometry":{"type":"Point","coordinates":[137.938757,36.229977]},"properties":{"code":2941,"type":"IC","name":"松本ＩＣ"}},{"type":"Feature","geometry":{"type":"Point","coordinates":[137.955923,36.167433]},"properties":{"code":2941,"type":"IC","name":"塩尻北ＩＣ"}},{"type":"Feature","geometry":{"type":"Point","coordinates":[137.981801,36.117701]},"properties":{"code":2941,"type":"IC","name":"塩尻ＩＣ"}},{"type":"Feature","geometry":{"type":"Point","coordinates":[137.997251,36.097279]},"properties":{"code":2944,"type":"PA","name":"みどり湖ＰＡ"}},{"type":"Feature","geometry":{"type":"Point","coordinates":[138.037462,36.08528]},"properties":{"code":2941,"type":"IC","name":"岡谷ＩＣ"}},{"type":"Feature","geometry":{"type":"Point","coordinates":[138.043685,36.05132]},"properties":{"code":2942,"type":"JCT","name":"岡谷ＪＣＴ"}},{"type":"Feature","geometry":{"type":"Point","coordinates":[138.470521,36.159395]},"properties":{"code":2941,"type":"IC","name":"佐久穂ＩＣ"}},{"type":"Feature","geometry":{"type":"Point","coordinates":[138.462882,36.124565]},"properties":{"code":2941,"type":"IC","name":"八千穂高原ＩＣ"}},{"type":"Feature","geometry":{"type":"Point","coordinates":[138.469791,36.293406]},"properties":{"code":2941,"type":"IC","name":"佐久北ＩＣ"}},{"type":"Feature","geometry":{"type":"Point","coordinates":[138.450179,36.262892]},"properties":{"code":2941,"type":"IC","name":"佐久中佐都ＩＣ"}},{"type":"Feature","geometry":{"type":"Point","coordinates":[138.481035,36.300358]},"properties":{"code":2942,"type":"JCT","name":"佐久小諸ＪＣＴ"}},{"type":"Feature","geometry":{"type":"Point","coordinates":[138.48331,36.287145]},"properties":{"code":2941,"type":"IC","name":"佐久ＩＣ"}},{"type":"Feature","geometry":{"type":"Point","coordinates":[138.501635,36.277874]},"properties":{"code":2945,"type":"スマートIC","name":"佐久平ＳＩＣ"}},{"type":"Feature","geometry":{"type":"Point","coordinates":[138.510432,36.276836]},"properties":{"code":2944,"type":"PA","name":"佐久平ＰＡ"}},{"type":"Feature","geometry":{"type":"Point","coordinates":[138.442755,36.243892]},"properties":{"code":2941,"type":"IC","name":"佐久南ＩＣ"}},{"type":"Feature","geometry":{"type":"Point","coordinates":[138.469834,36.185516]},"properties":{"code":2941,"type":"IC","name":"佐久臼田ＩＣ"}},{"type":"Feature","geometry":{"type":"Point","coordinates":[138.346324,36.372092]},"properties":{"code":2941,"type":"IC","name":"東部湯の丸ＩＣ"}},{"type":"Feature","geometry":{"type":"Point","coordinates":[138.347569,36.370088]},"properties":{"code":2943,"type":"SA","name":"東部湯の丸ＳＡ"}},{"type":"Feature","geometry":{"type":"Point","coordinates":[138.406663,36.345826]},"properties":{"code":2941,"type":"IC","name":"小諸ＩＣ"}},{"type":"Feature","geometry":{"type":"Point","coordinates":[138.201013,36.454807]},"properties":{"code":2944,"type":"PA","name":"千曲川さかきＰＡ"}},{"type":"Feature","geometry":{"type":"Point","coordinates":[138.207021,36.446073]},"properties":{"code":2941,"type":"IC","name":"坂城ＩＣ"}},{"type":"Feature","geometry":{"type":"Point","coordinates":[138.283625,36.41296]},"properties":{"code":2941,"type":"IC","name":"上田菅平ＩＣ"}},{"type":"Feature","geometry":{"type":"Point","coordinates":[138.182473,36.564082]},"properties":{"code":2944,"type":"PA","name":"松代ＰＡ"}},{"type":"Feature","geometry":{"type":"Point","coordinates":[138.200626,36.575249]},"properties":{"code":2941,"type":"IC","name":"長野ＩＣ"}},{"type":"Feature","geometry":{"type":"Point","coordinates":[138.738055,36.341816]},"properties":{"code":2943,"type":"SA","name":"横川ＳＡ"}},{"type":"Feature","geometry":{"type":"Point","coordinates":[139.015331,36.475273]},"properties":{"code":2941,"type":"IC","name":"渋川伊香保ＩＣ"}},{"type":"Feature","geometry":{"type":"Point","coordinates":[139.047689,36.535985]},"properties":{"code":2941,"type":"IC","name":"赤城ＩＣ"}},{"type":"Feature","geometry":{"type":"Point","coordinates":[139.058719,36.337426]},"properties":{"code":2941,"type":"IC","name":"高崎ＩＣ"}},{"type":"Feature","geometry":{"type":"Point","coordinates":[139.076314,36.321246]},"properties":{"code":2942,"type":"JCT","name":"高崎ＪＣＴ"}},{"type":"Feature","geometry":{"type":"Point","coordinates":[139.099145,36.333381]},"properties":{"code":2941,"type":"IC","name":"前橋南ＩＣ"}},{"type":"Feature","geometry":{"type":"Point","coordinates":[139.142532,36.347209]},"properties":{"code":2941,"type":"IC","name":"駒形ＩＣ"}},{"type":"Feature","geometry":{"type":"Point","coordinates":[139.188066,36.353603]},"properties":{"code":2945,"type":"スマートIC","name":"波志江ＳＩＣ"}},{"type":"Feature","geometry":{"type":"Point","coordinates":[139.189653,36.354018]},"properties":{"code":2944,"type":"PA","name":"波志江ＰＡ"}},{"type":"Feature","geometry":{"type":"Point","coordinates":[139.014773,36.430537]},"properties":{"code":2944,"type":"PA","name":"駒寄ＰＡ"}},{"type":"Feature","geometry":{"type":"Point","coordinates":[139.015203,36.428776]},"properties":{"code":2945,"type":"スマートIC","name":"駒寄ＳＩＣ"}},{"type":"Feature","geometry":{"type":"Point","coordinates":[139.028249,36.373474]},"properties":{"code":2941,"type":"IC","name":"前橋ＩＣ"}},{"type":"Feature","geometry":{"type":"Point","coordinates":[138.894482,36.239704]},"properties":{"code":2941,"type":"IC","name":"富岡ＩＣ"}},{"type":"Feature","geometry":{"type":"Point","coordinates":[138.945723,36.241297]},"properties":{"code":2944,"type":"PA","name":"甘楽ＰＡ"}},{"type":"Feature","geometry":{"type":"Point","coordinates":[138.946581,36.241573]},"properties":{"code":2945,"type":"スマートIC","name":"甘楽ＳＩＣ"}},{"type":"Feature","geometry":{"type":"Point","coordinates":[138.990526,36.243166]},"properties":{"code":2941,"type":"IC","name":"吉井ＩＣ"}},{"type":"Feature","geometry":{"type":"Point","coordinates":[139.071507,36.26829]},"properties":{"code":2941,"type":"IC","name":"藤岡ＩＣ"}},{"type":"Feature","geometry":{"type":"Point","coordinates":[139.073181,36.269674]},"properties":{"code":2944,"type":"PA","name":"藤岡ＰＡ"}},{"type":"Feature","geometry":{"type":"Point","coordinates":[139.090047,36.308555]},"properties":{"code":2945,"type":"スマートIC","name":"高崎玉村ＳＩＣ"}},{"type":"Feature","geometry":{"type":"Point","coordinates":[139.095883,36.272788]},"properties":{"code":2942,"type":"JCT","name":"藤岡ＪＣＴ"}},{"type":"Feature","geometry":{"type":"Point","coordinates":[139.117212,36.256075]},"properties":{"code":2945,"type":"スマートIC","name":"上里ＳＩＣ"}},{"type":"Feature","geometry":{"type":"Point","coordinates":[139.120388,36.255071]},"properties":{"code":2943,"type":"SA","name":"上里ＳＡ"}},{"type":"Feature","geometry":{"type":"Point","coordinates":[139.163003,36.219868]},"properties":{"code":2941,"type":"IC","name":"本庄児玉ＩＣ"}},{"type":"Feature","geometry":{"type":"Point","coordinates":[139.193044,36.173946]},"properties":{"code":2944,"type":"PA","name":"寄居ＰＡ"}},{"type":"Feature","geometry":{"type":"Point","coordinates":[139.194331,36.171971]},"properties":{"code":2945,"type":"スマートIC","name":"寄居ＳＩＣ"}},{"type":"Feature","geometry":{"type":"Point","coordinates":[138.774662,36.314191]},"properties":{"code":2941,"type":"IC","name":"松井田妙義ＩＣ"}},{"type":"Feature","geometry":{"type":"Point","coordinates":[138.824744,36.23427]},"properties":{"code":2941,"type":"IC","name":"下仁田ＩＣ"}},{"type":"Feature","geometry":{"type":"Point","coordinates":[138.671708,36.293579]},"properties":{"code":2941,"type":"IC","name":"碓氷軽井沢ＩＣ"}},{"type":"Feature","geometry":{"type":"Point","coordinates":[138.927355,35.607278]},"properties":{"code":2941,"type":"IC","name":"大月ＩＣ"}},{"type":"Feature","geometry":{"type":"Point","coordinates":[139.046316,35.628524]},"properties":{"code":2943,"type":"SA","name":"談合坂ＳＡ"}},{"type":"Feature","geometry":{"type":"Point","coordinates":[139.044299,35.625663]},"properties":{"code":2945,"type":"スマートIC","name":"談合坂ＳＩＣ"}},{"type":"Feature","geometry":{"type":"Point","coordinates":[139.064083,35.633337]},"properties":{"code":2943,"type":"SA","name":"談合坂ＳＡ"}},{"type":"Feature","geometry":{"type":"Point","coordinates":[139.116354,35.622105]},"properties":{"code":2941,"type":"IC","name":"上野原ＩＣ"}},{"type":"Feature","geometry":{"type":"Point","coordinates":[139.156437,35.61743]},"properties":{"code":2944,"type":"PA","name":"藤野ＰＡ"}},{"type":"Feature","geometry":{"type":"Point","coordinates":[139.165964,35.621268]},"properties":{"code":2941,"type":"IC","name":"相模湖ＩＣ"}},{"type":"Feature","geometry":{"type":"Point","coordinates":[139.194932,35.622035]},"properties":{"code":2941,"type":"IC","name":"相模湖東ＩＣ"}},{"type":"Feature","geometry":{"type":"Point","coordinates":[138.885684,35.600578]},"properties":{"code":2944,"type":"PA","name":"初狩ＰＡ"}},{"type":"Feature","geometry":{"type":"Point","coordinates":[138.906713,35.561836]},"properties":{"code":2941,"type":"IC","name":"都留ＩＣ"}},{"type":"Feature","geometry":{"type":"Point","coordinates":[138.896885,35.547242]},"properties":{"code":2944,"type":"PA","name":"谷村ＰＡ"}},{"type":"Feature","geometry":{"type":"Point","coordinates":[138.918214,35.603405]},"properties":{"code":2942,"type":"JCT","name":"大月ＪＣＴ"}},{"type":"Feature","geometry":{"type":"Point","coordinates":[138.775907,35.488979]},"properties":{"code":2941,"type":"IC","name":"河口湖ＩＣ"}},{"type":"Feature","geometry":{"type":"Point","coordinates":[138.772001,35.48171]},"properties":{"code":2941,"type":"IC","name":"富士吉田ＩＣ"}},{"type":"Feature","geometry":{"type":"Point","coordinates":[138.833113,35.507846]},"properties":{"code":2945,"type":"スマートIC","name":"富士吉田西桂ＳＩＣ"}},{"type":"Feature","geometry":{"type":"Point","coordinates":[138.714194,35.644149]},"properties":{"code":2944,"type":"PA","name":"釈迦堂ＰＡ"}},{"type":"Feature","geometry":{"type":"Point","coordinates":[138.737454,35.651229]},"properties":{"code":2941,"type":"IC","name":"勝沼ＩＣ"}},{"type":"Feature","geometry":{"type":"Point","coordinates":[138.537426,35.644638]},"properties":{"code":2941,"type":"IC","name":"甲府昭和ＩＣ"}},{"type":"Feature","geometry":{"type":"Point","coordinates":[138.635788,35.623082]},"properties":{"code":2945,"type":"スマートIC","name":"笛吹八代ＳＩＣ"}},{"type":"Feature","geometry":{"type":"Point","coordinates":[138.675785,35.63407]},"properties":{"code":2941,"type":"IC","name":"一宮御坂ＩＣ"}},{"type":"Feature","geometry":{"type":"Point","coordinates":[138.589096,35.600299]},"properties":{"code":2941,"type":"IC","name":"甲府南ＩＣ"}},{"type":"Feature","geometry":{"type":"Point","coordinates":[138.604245,35.600823]},"properties":{"code":2944,"type":"PA","name":"境川ＰＡ"}},{"type":"Feature","geometry":{"type":"Point","coordinates":[138.472195,35.559567]},"properties":{"code":2941,"type":"IC","name":"増穂ＩＣ"}},{"type":"Feature","geometry":{"type":"Point","coordinates":[138.473439,35.561033]},"properties":{"code":2944,"type":"PA","name":"増穂ＰＡ"}},{"type":"Feature","geometry":{"type":"Point","coordinates":[138.464255,35.488629]},"properties":{"code":2941,"type":"IC","name":"六郷ＩＣ"}},{"type":"Feature","geometry":{"type":"Point","coordinates":[138.464642,35.720281]},"properties":{"code":2941,"type":"IC","name":"韮崎ＩＣ"}},{"type":"Feature","geometry":{"type":"Point","coordinates":[138.496141,35.69052]},"properties":{"code":2942,"type":"JCT","name":"双葉ＪＣＴ"}},{"type":"Feature","geometry":{"type":"Point","coordinates":[138.505497,35.681771]},"properties":{"code":2945,"type":"スマートIC","name":"双葉ＳＩＣ"}},{"type":"Feature","geometry":{"type":"Point","coordinates":[138.510089,35.678843]},"properties":{"code":2943,"type":"SA","name":"双葉ＳＡ"}},{"type":"Feature","geometry":{"type":"Point","coordinates":[138.472281,35.641778]},"properties":{"code":2941,"type":"IC","name":"白根ＩＣ"}},{"type":"Feature","geometry":{"type":"Point","coordinates":[138.479877,35.615651]},"properties":{"code":2941,"type":"IC","name":"南アルプスＩＣ"}},{"type":"Feature","geometry":{"type":"Point","coordinates":[138.366237,35.845126]},"properties":{"code":2944,"type":"PA","name":"八ケ岳ＰＡ"}},{"type":"Feature","geometry":{"type":"Point","coordinates":[138.38851,35.835837]},"properties":{"code":2941,"type":"IC","name":"長坂ＩＣ"}},{"type":"Feature","geometry":{"type":"Point","coordinates":[138.422842,35.77385]},"properties":{"code":2941,"type":"IC","name":"須玉ＩＣ"}},{"type":"Feature","geometry":{"type":"Point","coordinates":[138.192601,35.960744]},"properties":{"code":2944,"type":"PA","name":"中央道原ＰＡ"}},{"type":"Feature","geometry":{"type":"Point","coordinates":[138.197107,35.955117]},"properties":{"code":2944,"type":"PA","name":"中央道原ＰＡ"}},{"type":"Feature","geometry":{"type":"Point","coordinates":[138.210583,35.936876]},"properties":{"code":2941,"type":"IC","name":"諏訪南ＩＣ"}},{"type":"Feature","geometry":{"type":"Point","coordinates":[138.30946,35.871073]},"properties":{"code":2941,"type":"IC","name":"小淵沢ＩＣ"}},{"type":"Feature","geometry":{"type":"Point","coordinates":[138.003216,35.975888]},"properties":{"code":2944,"type":"PA","name":"辰野ＰＡ"}},{"type":"Feature","geometry":{"type":"Point","coordinates":[138.073468,36.027167]},"properties":{"code":2945,"type":"スマートIC","name":"諏訪湖ＳＩＣ"}},{"type":"Feature","geometry":{"type":"Point","coordinates":[138.076429,36.024633]},"properties":{"code":2943,"type":"SA","name":"諏訪湖ＳＡ"}},{"type":"Feature","geometry":{"type":"Point","coordinates":[138.128529,36.003389]},"properties":{"code":2941,"type":"IC","name":"諏訪ＩＣ"}},{"type":"Feature","geometry":{"type":"Point","coordinates":[137.98326,35.94452]},"properties":{"code":2941,"type":"IC","name":"伊北ＩＣ"}},{"type":"Feature","geometry":{"type":"Point","coordinates":[137.942061,35.863909]},"properties":{"code":2941,"type":"IC","name":"伊那ＩＣ"}},{"type":"Feature","geometry":{"type":"Point","coordinates":[137.933049,35.840951]},"properties":{"code":2944,"type":"PA","name":"小黒川ＰＡ"}},{"type":"Feature","geometry":{"type":"Point","coordinates":[137.934208,35.84276]},"properties":{"code":2945,"type":"スマートIC","name":"小黒川ＳＩＣ"}},{"type":"Feature","geometry":{"type":"Point","coordinates":[137.885113,35.608255]},"properties":{"code":2941,"type":"IC","name":"松川ＩＣ"}},{"type":"Feature","geometry":{"type":"Point","coordinates":[137.911119,35.741462]},"properties":{"code":2941,"type":"IC","name":"駒ヶ根ＩＣ"}},{"type":"Feature","geometry":{"type":"Point","coordinates":[137.9076,35.712197]},"properties":{"code":2943,"type":"SA","name":"駒ヶ岳ＳＡ"}},{"type":"Feature","geometry":{"type":"Point","coordinates":[137.90803,35.710803]},"properties":{"code":2945,"type":"スマートIC","name":"駒ヶ岳ＳＩＣ"}},{"type":"Feature","geometry":{"type":"Point","coordinates":[137.84194,35.543331]},"properties":{"code":2944,"type":"PA","name":"座光寺ＰＡ"}},{"type":"Feature","geometry":{"type":"Point","coordinates":[137.844043,35.545601]},"properties":{"code":2945,"type":"スマートIC","name":"座光寺ＳＩＣ"}},{"type":"Feature","geometry":{"type":"Point","coordinates":[137.880092,35.463571]},"properties":{"code":2941,"type":"IC","name":"飯田上久堅・喬木富田ＩＣ"}},{"type":"Feature","geometry":{"type":"Point","coordinates":[137.812886,35.434869]},"properties":{"code":2941,"type":"IC","name":"天龍峡ＩＣ"}},{"type":"Feature","geometry":{"type":"Point","coordinates":[137.821083,35.432281]},"properties":{"code":2941,"type":"IC","name":"千代ＩＣ"}},{"type":"Feature","geometry":{"type":"Point","coordinates":[137.844129,35.452315]},"properties":{"code":2941,"type":"IC","name":"龍江ＩＣ"}},{"type":"Feature","geometry":{"type":"Point","coordinates":[138.450737,35.458852]},"properties":{"code":2941,"type":"IC","name":"中富ＩＣ"}},{"type":"Feature","geometry":{"type":"Point","coordinates":[138.460393,35.416195]},"properties":{"code":2941,"type":"IC","name":"下部温泉早川ＩＣ"}},{"type":"Feature","geometry":{"type":"Point","coordinates":[138.452497,35.347476]},"properties":{"code":2941,"type":"IC","name":"身延山ＩＣ"}},{"type":"Feature","geometry":{"type":"Point","coordinates":[138.444557,35.301537]},"properties":{"code":2941,"type":"IC","name":"南部ＩＣ"}},{"type":"Feature","geometry":{"type":"Point","coordinates":[138.473182,35.251227]},"properties":{"code":2941,"type":"IC","name":"富沢ＩＣ"}},{"type":"Feature","geometry":{"type":"Point","coordinates":[138.377824,35.041522]},"properties":{"code":2941,"type":"IC","name":"新静岡ＩＣ"}},{"type":"Feature","geometry":{"type":"Point","coordinates":[138.510904,35.133001]},"properties":{"code":2944,"type":"PA","name":"清水ＰＡ"}},{"type":"Feature","geometry":{"type":"Point","coordinates":[138.462839,35.07788]},"properties":{"code":2942,"type":"JCT","name":"新清水ＪＣＴ"}},{"type":"Feature","geometry":{"type":"Point","coordinates":[138.477817,35.068924]},"properties":{"code":2941,"type":"IC","name":"清水いはらＩＣ"}},{"type":"Feature","geometry":{"type":"Point","coordinates":[138.474898,35.041206]},"properties":{"code":2941,"type":"IC","name":"清水ＩＣ"}},{"type":"Feature","geometry":{"type":"Point","coordinates":[138.488588,35.046862]},"properties":{"code":2942,"type":"JCT","name":"清水ＪＣＴ"}},{"type":"Feature","geometry":{"type":"Point","coordinates":[138.42267,34.961935]},"properties":{"code":2945,"type":"スマートIC","name":"日本平久能山ＳＩＣ"}},{"type":"Feature","geometry":{"type":"Point","coordinates":[138.39499,34.947548]},"properties":{"code":2941,"type":"IC","name":"静岡ＩＣ"}},{"type":"Feature","geometry":{"type":"Point","coordinates":[138.434558,34.984581]},"properties":{"code":2944,"type":"PA","name":"日本平ＰＡ"}},{"type":"Feature","geometry":{"type":"Point","coordinates":[138.233285,34.893429]},"properties":{"code":2944,"type":"PA","name":"藤枝ＰＡ"}},{"type":"Feature","geometry":{"type":"Point","coordinates":[138.244529,34.900891]},"properties":{"code":2944,"type":"PA","name":"藤枝ＰＡ"}},{"type":"Feature","geometry":{"type":"Point","coordinates":[138.29474,34.981452]},"properties":{"code":2945,"type":"スマートIC","name":"静岡ＳＡＳＩＣ"}},{"type":"Feature","geometry":{"type":"Point","coordinates":[138.294353,34.979623]},"properties":{"code":2943,"type":"SA","name":"静岡ＳＡ"}},{"type":"Feature","geometry":{"type":"Point","coordinates":[138.291821,34.968019]},"properties":{"code":2943,"type":"SA","name":"静岡ＳＡ"}},{"type":"Feature","geometry":{"type":"Point","coordinates":[138.290706,34.965065]},"properties":{"code":2945,"type":"スマートIC","name":"静岡ＳＡＳＩＣ"}},{"type":"Feature","geometry":{"type":"Point","coordinates":[138.261137,34.915672]},"properties":{"code":2941,"type":"IC","name":"藤枝岡部ＩＣ"}},{"type":"Feature","geometry":{"type":"Point","coordinates":[138.318601,34.889733]},"properties":{"code":2944,"type":"PA","name":"日本坂ＰＡ"}},{"type":"Feature","geometry":{"type":"Point","coordinates":[137.814732,34.834342]},"properties":{"code":2941,"type":"IC","name":"浜松浜北ＩＣ"}},{"type":"Feature","geometry":{"type":"Point","coordinates":[137.859364,34.825218]},"properties":{"code":2945,"type":"スマートIC","name":"新磐田ＳＩＣ"}},{"type":"Feature","geometry":{"type":"Point","coordinates":[137.83988,34.748136]},"properties":{"code":2944,"type":"PA","name":"遠州豊田ＰＡ"}},{"type":"Feature","geometry":{"type":"Point","coordinates":[137.841725,34.748348]},"properties":{"code":2945,"type":"スマートIC","name":"遠州豊田ＳＩＣ"}},{"type":"Feature","geometry":{"type":"Point","coordinates":[137.860222,34.749723]},"properties":{"code":2941,"type":"IC","name":"磐田ＩＣ"}},{"type":"Feature","geometry":{"type":"Point","coordinates":[137.903094,34.826064]},"properties":{"code":2945,"type":"スマートIC","name":"遠州森町ＳＩＣ"}},{"type":"Feature","geometry":{"type":"Point","coordinates":[137.905626,34.825289]},"properties":{"code":2944,"type":"PA","name":"遠州森町ＰＡ"}},{"type":"Feature","geometry":{"type":"Point","coordinates":[137.942533,34.824373]},"properties":{"code":2941,"type":"IC","name":"森掛川ＩＣ"}},{"type":"Feature","geometry":{"type":"Point","coordinates":[137.901635,34.760124]},"properties":{"code":2941,"type":"IC","name":"袋井ＩＣ"}},{"type":"Feature","geometry":{"type":"Point","coordinates":[138.036389,34.839802]},"properties":{"code":2944,"type":"PA","name":"掛川ＰＡ"}},{"type":"Feature","geometry":{"type":"Point","coordinates":[137.997336,34.760689]},"properties":{"code":2944,"type":"PA","name":"小笠ＰＡ"}},{"type":"Feature","geometry":{"type":"Point","coordinates":[138.023815,34.765272]},"properties":{"code":2941,"type":"IC","name":"掛川ＩＣ"}},{"type":"Feature","geometry":{"type":"Point","coordinates":[138.121662,34.850016]},"properties":{"code":2941,"type":"IC","name":"島田金谷ＩＣ"}},{"type":"Feature","geometry":{"type":"Point","coordinates":[138.08497,34.750217]},"properties":{"code":2941,"type":"IC","name":"菊川ＩＣ"}},{"type":"Feature","geometry":{"type":"Point","coordinates":[138.138914,34.762099]},"properties":{"code":2941,"type":"IC","name":"相良牧之原ＩＣ"}},{"type":"Feature","geometry":{"type":"Point","coordinates":[138.158913,34.759666]},"properties":{"code":2943,"type":"SA","name":"牧之原ＳＡ"}},{"type":"Feature","geometry":{"type":"Point","coordinates":[138.233414,34.790792]},"properties":{"code":2941,"type":"IC","name":"吉田ＩＣ"}},{"type":"Feature","geometry":{"type":"Point","coordinates":[138.266973,34.819229]},"properties":{"code":2945,"type":"スマートIC","name":"大井川焼津藤枝ＳＩＣ"}},{"type":"Feature","geometry":{"type":"Point","coordinates":[138.298388,34.881073]},"properties":{"code":2941,"type":"IC","name":"焼津ＩＣ"}},{"type":"Feature","geometry":{"type":"Point","coordinates":[138.946366,34.780289]},"properties":{"code":2941,"type":"IC","name":"河津七滝ＩＣ"}},{"type":"Feature","geometry":{"type":"Point","coordinates":[138.941517,34.752509]},"properties":{"code":2941,"type":"IC","name":"河津逆川ＩＣ"}},{"type":"Feature","geometry":{"type":"Point","coordinates":[138.867445,35.156828]},"properties":{"code":2941,"type":"IC","name":"長泉沼津ＩＣ"}},{"type":"Feature","geometry":{"type":"Point","coordinates":[138.876071,35.149039]},"properties":{"code":2942,"type":"JCT","name":"長泉ＪＣＴ"}},{"type":"Feature","geometry":{"type":"Point","coordinates":[138.893366,35.15139]},"properties":{"code":2941,"type":"IC","name":"長泉ＩＣ"}},{"type":"Feature","geometry":{"type":"Point","coordinates":[138.916111,35.150898]},"properties":{"code":2941,"type":"IC","name":"三島萩ＩＣ"}},{"type":"Feature","geometry":{"type":"Point","coordinates":[138.938298,35.139985]},"properties":{"code":2941,"type":"IC","name":"三島加茂ＩＣ"}},{"type":"Feature","geometry":{"type":"Point","coordinates":[138.943105,35.130439]},"properties":{"code":2941,"type":"IC","name":"三島塚原ＩＣ"}},{"type":"Feature","geometry":{"type":"Point","coordinates":[138.949327,35.120751]},"properties":{"code":2941,"type":"IC","name":"三島玉沢ＩＣ"}},{"type":"Feature","geometry":{"type":"Point","coordinates":[138.946109,35.094947]},"properties":{"code":2941,"type":"IC","name":"大場・函南ＩＣ"}},{"type":"Feature","geometry":{"type":"Point","coordinates":[138.933363,35.081919]},"properties":{"code":2941,"type":"IC","name":"函南塚本ＩＣ"}},{"type":"Feature","geometry":{"type":"Point","coordinates":[138.940744,35.012494]},"properties":{"code":2941,"type":"IC","name":"大仁中央ＩＣ"}},{"type":"Feature","geometry":{"type":"Point","coordinates":[138.935637,34.998469]},"properties":{"code":2941,"type":"IC","name":"大仁南ＩＣ"}},{"type":"Feature","geometry":{"type":"Point","coordinates":[138.934436,34.989715]},"properties":{"code":2941,"type":"IC","name":"熊坂ＩＣ"}},{"type":"Feature","geometry":{"type":"Point","coordinates":[138.937054,34.975404]},"properties":{"code":2941,"type":"IC","name":"修善寺ＩＣ"}},{"type":"Feature","geometry":{"type":"Point","coordinates":[138.938985,34.959684]},"properties":{"code":2941,"type":"IC","name":"大平ＩＣ"}},{"type":"Feature","geometry":{"type":"Point","coordinates":[138.93023,34.92278]},"properties":{"code":2941,"type":"IC","name":"月ケ瀬ＩＣ"}},{"type":"Feature","geometry":{"type":"Point","coordinates":[138.522921,35.146582]},"properties":{"code":2941,"type":"IC","name":"新清水ＩＣ"}},{"type":"Feature","geometry":{"type":"Point","coordinates":[138.545794,35.076019]},"properties":{"code":2944,"type":"PA","name":"由比ＰＡ"}},{"type":"Feature","geometry":{"type":"Point","coordinates":[138.618536,35.158582]},"properties":{"code":2943,"type":"SA","name":"富士川ＳＡ"}},{"type":"Feature","geometry":{"type":"Point","coordinates":[138.620296,35.160617]},"properties":{"code":2945,"type":"スマートIC","name":"富士川ＳＩＣ"}},{"type":"Feature","geometry":{"type":"Point","coordinates":[138.807364,35.154126]},"properties":{"code":2943,"type":"SA","name":"駿河湾沼津ＳＡ"}},{"type":"Feature","geometry":{"type":"Point","coordinates":[138.81041,35.151635]},"properties":{"code":2945,"type":"スマートIC","name":"駿河湾沼津ＳＩＣ"}},{"type":"Feature","geometry":{"type":"Point","coordinates":[138.836932,35.143354]},"properties":{"code":2944,"type":"PA","name":"愛鷹ＰＡ"}},{"type":"Feature","geometry":{"type":"Point","coordinates":[138.836803,35.142722]},"properties":{"code":2945,"type":"スマートIC","name":"愛鷹ＳＩＣ"}},{"type":"Feature","geometry":{"type":"Point","coordinates":[138.865771,35.147459]},"properties":{"code":2941,"type":"IC","name":"沼津ＩＣ"}},{"type":"Feature","geometry":{"type":"Point","coordinates":[138.863883,35.143248]},"properties":{"code":2941,"type":"IC","name":"沼津岡宮ＩＣ"}},{"type":"Feature","geometry":{"type":"Point","coordinates":[138.662395,35.202568]},"properties":{"code":2941,"type":"IC","name":"新富士ＩＣ"}},{"type":"Feature","geometry":{"type":"Point","coordinates":[138.67394,35.180228]},"properties":{"code":2941,"type":"IC","name":"富士ＩＣ"}},{"type":"Feature","geometry":{"type":"Point","coordinates":[138.798308,35.451966]},"properties":{"code":2945,"type":"スマートIC","name":"富士吉田忍野ＳＩＣ"}},{"type":"Feature","geometry":{"type":"Point","coordinates":[138.835087,35.432806]},"properties":{"code":2941,"type":"IC","name":"山中湖ＩＣ"}},{"type":"Feature","geometry":{"type":"Point","coordinates":[138.864655,35.360286]},"properties":{"code":2941,"type":"IC","name":"須走ＩＣ"}},{"type":"Feature","geometry":{"type":"Point","coordinates":[138.907785,35.328851]},"properties":{"code":2941,"type":"IC","name":"新御殿場ＩＣ"}},{"type":"Feature","geometry":{"type":"Point","coordinates":[139.01619,35.355911]},"properties":{"code":2944,"type":"PA","name":"鮎沢ＰＡ"}},{"type":"Feature","geometry":{"type":"Point","coordinates":[139.022498,35.362911]},"properties":{"code":2944,"type":"PA","name":"鮎沢ＰＡ"}},{"type":"Feature","geometry":{"type":"Point","coordinates":[138.909287,35.253925]},"properties":{"code":2945,"type":"スマートIC","name":"駒門ＳＩＣ"}},{"type":"Feature","geometry":{"type":"Point","coordinates":[138.909717,35.253049]},"properties":{"code":2944,"type":"PA","name":"駒門ＰＡ"}},{"type":"Feature","geometry":{"type":"Point","coordinates":[138.951945,35.296178]},"properties":{"code":2941,"type":"IC","name":"御殿場ＩＣ"}},{"type":"Feature","geometry":{"type":"Point","coordinates":[138.91139,35.263737]},"properties":{"code":2942,"type":"JCT","name":"御殿場ＪＣＴ"}},{"type":"Feature","geometry":{"type":"Point","coordinates":[138.908257,35.23896]},"properties":{"code":2944,"type":"PA","name":"駒門ＰＡ"}},{"type":"Feature","geometry":{"type":"Point","coordinates":[138.908472,35.238048]},"properties":{"code":2945,"type":"スマートIC","name":"駒門ＳＩＣ"}},{"type":"Feature","geometry":{"type":"Point","coordinates":[138.908129,35.219258]},"properties":{"code":2941,"type":"IC","name":"裾野ＩＣ"}},{"type":"Feature","geometry":{"type":"Point","coordinates":[138.965507,35.313865]},"properties":{"code":2943,"type":"SA","name":"足柄ＳＡ"}},{"type":"Feature","geometry":{"type":"Point","coordinates":[138.967481,35.315931]},"properties":{"code":2945,"type":"スマートIC","name":"足柄ＳＩＣ"}},{"type":"Feature","geometry":{"type":"Point","coordinates":[139.082751,35.221572]},"properties":{"code":2941,"type":"IC","name":"須雲川ＩＣ"}},{"type":"Feature","geometry":{"type":"Point","coordinates":[139.169698,35.286545]},"properties":{"code":2941,"type":"IC","name":"小田原東ＩＣ"}},{"type":"Feature","geometry":{"type":"Point","coordinates":[139.173861,35.288122]},"properties":{"code":2944,"type":"PA","name":"小田原ＰＡ"}},{"type":"Feature","geometry":{"type":"Point","coordinates":[139.136009,35.25778]},"properties":{"code":2941,"type":"IC","name":"荻窪ＩＣ"}},{"type":"Feature","geometry":{"type":"Point","coordinates":[139.172058,35.255047]},"properties":{"code":2941,"type":"IC","name":"小田原ＩＣ"}},{"type":"Feature","geometry":{"type":"Point","coordinates":[139.186692,35.263071]},"properties":{"code":2941,"type":"IC","name":"酒匂ＩＣ"}},{"type":"Feature","geometry":{"type":"Point","coordinates":[139.206734,35.277402]},"properties":{"code":2941,"type":"IC","name":"国府津ＩＣ"}},{"type":"Feature","geometry":{"type":"Point","coordinates":[139.203515,35.274599]},"properties":{"code":2944,"type":"PA","name":"西湘ＰＡ"}},{"type":"Feature","geometry":{"type":"Point","coordinates":[139.13219,35.245163]},"properties":{"code":2941,"type":"IC","name":"小田原西ＩＣ"}},{"type":"Feature","geometry":{"type":"Point","coordinates":[139.152532,35.241588]},"properties":{"code":2941,"type":"IC","name":"早川ＩＣ"}},{"type":"Feature","geometry":{"type":"Point","coordinates":[139.142275,35.228969]},"properties":{"code":2941,"type":"IC","name":"石橋ＩＣ"}},{"type":"Feature","geometry":{"type":"Point","coordinates":[139.177938,35.400455]},"properties":{"code":2945,"type":"スマートIC","name":"秦野丹沢ＳＩＣ"}},{"type":"Feature","geometry":{"type":"Point","coordinates":[139.155879,35.384467]},"properties":{"code":2941,"type":"IC","name":"新秦野ＩＣ"}},{"type":"Feature","geometry":{"type":"Point","coordinates":[139.156823,35.34352]},"properties":{"code":2941,"type":"IC","name":"大井松田ＩＣ"}},{"type":"Feature","geometry":{"type":"Point","coordinates":[139.200253,35.341595]},"properties":{"code":2944,"type":"PA","name":"中井ＰＡ"}},{"type":"Feature","geometry":{"type":"Point","coordinates":[139.289474,35.417559]},"properties":{"code":2941,"type":"IC","name":"伊勢原大山ＩＣ"}},{"type":"Feature","geometry":{"type":"Point","coordinates":[139.233899,35.351956]},"properties":{"code":2941,"type":"IC","name":"秦野中井ＩＣ"}},{"type":"Feature","geometry":{"type":"Point","coordinates":[139.306598,35.363786]},"properties":{"code":2944,"type":"PA","name":"平塚ＰＡ"}},{"type":"Feature","geometry":{"type":"Point","coordinates":[139.305353,35.362246]},"properties":{"code":2941,"type":"IC","name":"平塚ＩＣ"}},{"type":"Feature","geometry":{"type":"Point","coordinates":[139.269905,35.318557]},"properties":{"code":2944,"type":"PA","name":"大磯ＰＡ"}},{"type":"Feature","geometry":{"type":"Point","coordinates":[139.272308,35.319572]},"properties":{"code":2941,"type":"IC","name":"大磯ＩＣ"}},{"type":"Feature","geometry":{"type":"Point","coordinates":[139.312263,35.412243]},"properties":{"code":2942,"type":"JCT","name":"伊勢原ＪＣＴ"}},{"type":"Feature","geometry":{"type":"Point","coordinates":[139.376636,35.438191]},"properties":{"code":2941,"type":"IC","name":"海老名ＩＣ"}},{"type":"Feature","geometry":{"type":"Point","coordinates":[139.360414,35.419377]},"properties":{"code":2941,"type":"IC","name":"厚木ＩＣ"}},{"type":"Feature","geometry":{"type":"Point","coordinates":[139.362302,35.423749]},"properties":{"code":2941,"type":"IC","name":"厚木ＩＣ"}},{"type":"Feature","geometry":{"type":"Point","coordinates":[139.372301,35.40906]},"properties":{"code":2942,"type":"JCT","name":"海老名南ＪＣＴ"}},{"type":"Feature","geometry":{"type":"Point","coordinates":[139.360585,35.406401]},"properties":{"code":2941,"type":"IC","name":"厚木南ＩＣ"}},{"type":"Feature","geometry":{"type":"Point","coordinates":[139.375949,35.42228]},"properties":{"code":2942,"type":"JCT","name":"海老名ＪＣＴ"}},{"type":"Feature","geometry":{"type":"Point","coordinates":[139.331102,35.386181]},"properties":{"code":2941,"type":"IC","name":"伊勢原ＩＣ"}},{"type":"Feature","geometry":{"type":"Point","coordinates":[139.378738,35.386776]},"properties":{"code":2941,"type":"IC","name":"寒川北ＩＣ"}},{"type":"Feature","geometry":{"type":"Point","coordinates":[139.377365,35.352866]},"properties":{"code":2941,"type":"IC","name":"寒川南ＩＣ"}},{"type":"Feature","geometry":{"type":"Point","coordinates":[139.393673,35.350031]},"properties":{"code":2942,"type":"JCT","name":"茅ヶ崎ＪＣＴ"}},{"type":"Feature","geometry":{"type":"Point","coordinates":[139.391313,35.348631]},"properties":{"code":2941,"type":"IC","name":"茅ヶ崎中央ＩＣ"}},{"type":"Feature","geometry":{"type":"Point","coordinates":[139.375348,35.322234]},"properties":{"code":2941,"type":"IC","name":"茅ヶ崎海岸ＩＣ"}},{"type":"Feature","geometry":{"type":"Point","coordinates":[139.383545,35.333053]},"properties":{"code":2941,"type":"IC","name":"茅ヶ崎西ＩＣ"}},{"type":"Feature","geometry":{"type":"Point","coordinates":[139.237332,35.308261]},"properties":{"code":2941,"type":"IC","name":"二宮ＩＣ"}},{"type":"Feature","geometry":{"type":"Point","coordinates":[139.233384,35.287141]},"properties":{"code":2944,"type":"PA","name":"西湘ＰＡ"}},{"type":"Feature","geometry":{"type":"Point","coordinates":[139.234629,35.287316]},"properties":{"code":2941,"type":"IC","name":"橘ＩＣ"}},{"type":"Feature","geometry":{"type":"Point","coordinates":[139.262352,35.296318]},"properties":{"code":2941,"type":"IC","name":"西湘二宮ＩＣ"}},{"type":"Feature","geometry":{"type":"Point","coordinates":[139.286857,35.301152]},"properties":{"code":2941,"type":"IC","name":"大磯西ＩＣ"}},{"type":"Feature","geometry":{"type":"Point","coordinates":[139.323463,35.311658]},"properties":{"code":2941,"type":"IC","name":"大磯東ＩＣ"}},{"type":"Feature","geometry":{"type":"Point","coordinates":[139.400411,35.431827]},"properties":{"code":2943,"type":"SA","name":"海老名ＳＡ"}},{"type":"Feature","geometry":{"type":"Point","coordinates":[139.41865,35.44777]},"properties":{"code":2945,"type":"スマートIC","name":"綾瀬ＳＩＣ"}},{"type":"Feature","geometry":{"type":"Point","coordinates":[139.451394,35.348001]},"properties":{"code":2941,"type":"IC","name":"藤沢ＩＣ"}},{"type":"Feature","geometry":{"type":"Point","coordinates":[139.569111,35.449938]},"properties":{"code":2941,"type":"IC","name":"新保土ヶ谷ＩＣ"}},{"type":"Feature","geometry":{"type":"Point","coordinates":[139.550829,35.430428]},"properties":{"code":2941,"type":"IC","name":"川上ＩＣ"}},{"type":"Feature","geometry":{"type":"Point","coordinates":[139.559669,35.442386]},"properties":{"code":2941,"type":"IC","name":"今井ＩＣ"}},{"type":"Feature","geometry":{"type":"Point","coordinates":[139.537482,35.418363]},"properties":{"code":2941,"type":"IC","name":"上矢部ＩＣ"}},{"type":"Feature","geometry":{"type":"Point","coordinates":[139.57233,35.45214]},"properties":{"code":2941,"type":"IC","name":"藤塚ＩＣ"}},{"type":"Feature","geometry":{"type":"Point","coordinates":[139.580998,35.440219]},"properties":{"code":2941,"type":"IC","name":"狩場ＩＣ"}},{"type":"Feature","geometry":{"type":"Point","coordinates":[139.579968,35.41616]},"properties":{"code":2941,"type":"IC","name":"別所ＩＣ"}},{"type":"Feature","geometry":{"type":"Point","coordinates":[139.584303,35.382262]},"properties":{"code":2941,"type":"IC","name":"日野ＩＣ"}},{"type":"Feature","geometry":{"type":"Point","coordinates":[139.594259,35.369525]},"properties":{"code":2941,"type":"IC","name":"港南台ＩＣ"}},{"type":"Feature","geometry":{"type":"Point","coordinates":[139.603872,35.355701]},"properties":{"code":2941,"type":"IC","name":"金沢自然公園ＩＣ"}},{"type":"Feature","geometry":{"type":"Point","coordinates":[139.594474,35.351956]},"properties":{"code":2942,"type":"JCT","name":"釜利谷ＪＣＴ"}},{"type":"Feature","geometry":{"type":"Point","coordinates":[139.592929,35.332492]},"properties":{"code":2941,"type":"IC","name":"朝比奈ＩＣ"}},{"type":"Feature","geometry":{"type":"Point","coordinates":[139.628506,35.356051]},"properties":{"code":2941,"type":"IC","name":"堀口能見台ＩＣ"}},{"type":"Feature","geometry":{"type":"Point","coordinates":[139.637132,35.361196]},"properties":{"code":2941,"type":"IC","name":"並木ＩＣ"}},{"type":"Feature","geometry":{"type":"Point","coordinates":[139.643869,35.361651]},"properties":{"code":2941,"type":"IC","name":"幸浦ＩＣ"}},{"type":"Feature","geometry":{"type":"Point","coordinates":[139.919686,35.434799]},"properties":{"code":2941,"type":"IC","name":"木更津金田ＩＣ"}},{"type":"Feature","geometry":{"type":"Point","coordinates":[139.892135,35.251682]},"properties":{"code":2941,"type":"IC","name":"富津中央ＩＣ"}},{"type":"Feature","geometry":{"type":"Point","coordinates":[139.861193,35.197133]},"properties":{"code":2941,"type":"IC","name":"富津竹岡ＩＣ"}},{"type":"Feature","geometry":{"type":"Point","coordinates":[139.620094,35.290013]},"properties":{"code":2941,"type":"IC","name":"逗子ＩＣ"}},{"type":"Feature","geometry":{"type":"Point","coordinates":[139.633913,35.276911]},"properties":{"code":2941,"type":"IC","name":"横須賀ＩＣ"}},{"type":"Feature","geometry":{"type":"Point","coordinates":[139.64108,35.251787]},"properties":{"code":2944,"type":"PA","name":"横須賀ＰＡ"}},{"type":"Feature","geometry":{"type":"Point","coordinates":[139.657731,35.241974]},"properties":{"code":2941,"type":"IC","name":"衣笠ＩＣ"}},{"type":"Feature","geometry":{"type":"Point","coordinates":[139.707341,35.254416]},"properties":{"code":2941,"type":"IC","name":"浦賀ＩＣ"}},{"type":"Feature","geometry":{"type":"Point","coordinates":[139.713392,35.263457]},"properties":{"code":2941,"type":"IC","name":"馬堀海岸ＩＣ"}},{"type":"Feature","geometry":{"type":"Point","coordinates":[139.680862,35.238749]},"properties":{"code":2941,"type":"IC","name":"佐原ＩＣ"}},{"type":"Feature","geometry":{"type":"Point","coordinates":[139.830465,35.171423]},"properties":{"code":2941,"type":"IC","name":"富津金谷ＩＣ"}},{"type":"Feature","geometry":{"type":"Point","coordinates":[139.847631,35.14367]},"properties":{"code":2941,"type":"IC","name":"鋸南保田ＩＣ"}},{"type":"Feature","geometry":{"type":"Point","coordinates":[139.851236,35.113625]},"properties":{"code":2941,"type":"IC","name":"鋸南富山ＩＣ"}},{"type":"Feature","geometry":{"type":"Point","coordinates":[139.857888,35.100038]},"properties":{"code":2944,"type":"PA","name":"ハイウェイオアシス"}},{"type":"Feature","geometry":{"type":"Point","coordinates":[139.850764,35.038114]},"properties":{"code":2941,"type":"IC","name":"富浦ＩＣ"}},{"type":"Feature","geometry":{"type":"Point","coordinates":[139.926724,35.284023]},"properties":{"code":2944,"type":"PA","name":"君津ＰＡ"}},{"type":"Feature","geometry":{"type":"Point","coordinates":[139.926167,35.282832]},"properties":{"code":2945,"type":"スマートIC","name":"君津ＰＡＳＩＣ"}},{"type":"Feature","geometry":{"type":"Point","coordinates":[139.955606,35.413397]},"properties":{"code":2941,"type":"IC","name":"袖ケ浦ＩＣ"}},{"type":"Feature","geometry":{"type":"Point","coordinates":[139.948268,35.354231]},"properties":{"code":2942,"type":"JCT","name":"木更津南ＪＣＴ"}},{"type":"Feature","geometry":{"type":"Point","coordinates":[139.922047,35.350416]},"properties":{"code":2941,"type":"IC","name":"木更津南ＩＣ"}},{"type":"Feature","geometry":{"type":"Point","coordinates":[139.944062,35.319012]},"properties":{"code":2941,"type":"IC","name":"君津ＩＣ"}},{"type":"Feature","geometry":{"type":"Point","coordinates":[139.980111,35.376734]},"properties":{"code":2942,"type":"JCT","name":"木更津ＪＣＴ"}},{"type":"Feature","geometry":{"type":"Point","coordinates":[139.997706,35.385866]},"properties":{"code":2941,"type":"IC","name":"木更津北ＩＣ"}},{"type":"Feature","geometry":{"type":"Point","coordinates":[140.04457,35.428365]},"properties":{"code":2941,"type":"IC","name":"姉崎袖ヶ浦ＩＣ"}},{"type":"Feature","geometry":{"type":"Point","coordinates":[140.085726,35.460181]},"properties":{"code":2943,"type":"SA","name":"市原ＳＡ"}},{"type":"Feature","geometry":{"type":"Point","coordinates":[140.052724,35.359131]},"properties":{"code":2941,"type":"IC","name":"木更津東ＩＣ"}},{"type":"Feature","geometry":{"type":"Point","coordinates":[140.162115,35.358151]},"properties":{"code":2944,"type":"PA","name":"高滝湖ＰＡ"}},{"type":"Feature","geometry":{"type":"Point","coordinates":[140.182714,35.358361]},"properties":{"code":2941,"type":"IC","name":"市原鶴舞ＩＣ"}},{"type":"Feature","geometry":{"type":"Point","coordinates":[140.247903,35.447596]},"properties":{"code":2945,"type":"スマートIC","name":"茂原長柄ＳＩＣ"}},{"type":"Feature","geometry":{"type":"Point","coordinates":[140.250864,35.403533]},"properties":{"code":2941,"type":"IC","name":"茂原長南ＩＣ"}},{"type":"Feature","geometry":{"type":"Point","coordinates":[140.293522,35.570633]},"properties":{"code":2941,"type":"IC","name":"山田ＩＣ"}},{"type":"Feature","geometry":{"type":"Point","coordinates":[140.31558,35.574054]},"properties":{"code":2941,"type":"IC","name":"東金ＩＣ・ＪＣＴ"}},{"type":"Feature","geometry":{"type":"Point","coordinates":[140.294938,35.511618]},"properties":{"code":2945,"type":"スマートIC","name":"大網白里ＳＩＣ"}},{"type":"Feature","geometry":{"type":"Point","coordinates":[140.274038,35.490132]},"properties":{"code":2941,"type":"IC","name":"茂原北ＩＣ"}},{"type":"Feature","geometry":{"type":"Point","coordinates":[140.293264,35.727109]},"properties":{"code":2941,"type":"IC","name":"酒々井ＩＣ"}},{"type":"Feature","geometry":{"type":"Point","coordinates":[140.311031,35.743308]},"properties":{"code":2941,"type":"IC","name":"富里ＩＣ"}},{"type":"Feature","geometry":{"type":"Point","coordinates":[140.284853,35.710559]},"properties":{"code":2944,"type":"PA","name":"酒々井ＰＡ"}},{"type":"Feature","geometry":{"type":"Point","coordinates":[140.382786,35.618163]},"properties":{"code":2941,"type":"IC","name":"山武成東ＩＣ"}},{"type":"Feature","geometry":{"type":"Point","coordinates":[140.439777,35.663224]},"properties":{"code":2941,"type":"IC","name":"松尾横芝ＩＣ"}},{"type":"Feature","geometry":{"type":"Point","coordinates":[140.500546,35.671138]},"properties":{"code":2941,"type":"IC","name":"横芝光ＩＣ"}},{"type":"Feature","geometry":{"type":"Point","coordinates":[140.450592,35.837507]},"properties":{"code":2941,"type":"IC","name":"大栄ＩＣ"}},{"type":"Feature","geometry":{"type":"Point","coordinates":[140.535607,35.872986]},"properties":{"code":2941,"type":"IC","name":"佐原香取ＩＣ"}},{"type":"Feature","geometry":{"type":"Point","coordinates":[140.553117,35.892631]},"properties":{"code":2944,"type":"PA","name":"佐原ＰＡ"}},{"type":"Feature","geometry":{"type":"Point","coordinates":[140.589595,35.937676]},"properties":{"code":2941,"type":"IC","name":"潮来ＩＣ"}},{"type":"Feature","geometry":{"type":"Point","coordinates":[140.276227,35.971998]},"properties":{"code":2944,"type":"PA","name":"江戸崎ＰＡ"}},{"type":"Feature","geometry":{"type":"Point","coordinates":[140.298543,35.957409]},"properties":{"code":2941,"type":"IC","name":"稲敷ＩＣ"}},{"type":"Feature","geometry":{"type":"Point","coordinates":[140.347424,35.924228]},"properties":{"code":2941,"type":"IC","name":"稲敷東ＩＣ"}},{"type":"Feature","geometry":{"type":"Point","coordinates":[140.37931,35.895099]},"properties":{"code":2941,"type":"IC","name":"神崎ＩＣ"}},{"type":"Feature","geometry":{"type":"Point","coordinates":[140.344634,35.782554]},"properties":{"code":2942,"type":"JCT","name":"成田ＪＣＴ"}},{"type":"Feature","geometry":{"type":"Point","coordinates":[140.356565,35.783111]},"properties":{"code":2945,"type":"スマートIC","name":"成田ＳＩＣ"}},{"type":"Feature","geometry":{"type":"Point","coordinates":[140.35326,35.781753]},"properties":{"code":2941,"type":"IC","name":"成田ＩＣ"}},{"type":"Feature","geometry":{"type":"Point","coordinates":[140.391927,35.861926]},"properties":{"code":2941,"type":"IC","name":"下総ＩＣ"}},{"type":"Feature","geometry":{"type":"Point","coordinates":[140.391927,35.810261]},"properties":{"code":2942,"type":"JCT","name":"大栄ＪＣＴ"}},{"type":"Feature","geometry":{"type":"Point","coordinates":[140.404887,35.813115]},"properties":{"code":2944,"type":"PA","name":"大栄ＰＡ"}},{"type":"Feature","geometry":{"type":"Point","coordinates":[140.384889,35.772248]},"properties":{"code":2941,"type":"IC","name":"新空港ＩＣ"}},{"type":"Feature","geometry":{"type":"Point","coordinates":[140.132847,36.026126]},"properties":{"code":2941,"type":"IC","name":"つくば牛久ＩＣ"}},{"type":"Feature","geometry":{"type":"Point","coordinates":[140.180869,35.992035]},"properties":{"code":2941,"type":"IC","name":"牛久阿見ＩＣ"}},{"type":"Feature","geometry":{"type":"Point","coordinates":[140.239019,35.981166]},"properties":{"code":2941,"type":"IC","name":"阿見東ＩＣ"}},{"type":"Feature","geometry":{"type":"Point","coordinates":[139.981227,35.970365]},"properties":{"code":2941,"type":"IC","name":"谷和原ＩＣ"}},{"type":"Feature","geometry":{"type":"Point","coordinates":[139.934492,35.908274]},"properties":{"code":2941,"type":"IC","name":"柏ＩＣ"}},{"type":"Feature","geometry":{"type":"Point","coordinates":[139.968138,35.939239]},"properties":{"code":2943,"type":"SA","name":"守谷ＳＡ"}},{"type":"Feature","geometry":{"type":"Point","coordinates":[140.080791,36.024495]},"properties":{"code":2941,"type":"IC","name":"谷田部ＩＣ"}},{"type":"Feature","geometry":{"type":"Point","coordinates":[139.924021,35.710385]},"properties":{"code":2942,"type":"JCT","name":"京葉ＪＣＴ"}},{"type":"Feature","geometry":{"type":"Point","coordinates":[139.926381,35.710664]},"properties":{"code":2941,"type":"IC","name":"京葉市川ＩＣ"}},{"type":"Feature","geometry":{"type":"Point","coordinates":[139.932261,35.707632]},"properties":{"code":2944,"type":"PA","name":"京葉市川ＰＡ"}},{"type":"Feature","geometry":{"type":"Point","coordinates":[139.938354,35.695818]},"properties":{"code":2941,"type":"IC","name":"市川南ＩＣ"}},{"type":"Feature","geometry":{"type":"Point","coordinates":[139.95286,35.703102]},"properties":{"code":2941,"type":"IC","name":"原木ＩＣ"}},{"type":"Feature","geometry":{"type":"Point","coordinates":[139.947453,35.686198]},"properties":{"code":2942,"type":"JCT","name":"高谷ＪＣＴ"}},{"type":"Feature","geometry":{"type":"Point","coordinates":[139.95419,35.691356]},"properties":{"code":2941,"type":"IC","name":"湾岸市川ＩＣ"}},{"type":"Feature","geometry":{"type":"Point","coordinates":[139.967623,35.69892]},"properties":{"code":2941,"type":"IC","name":"船橋ＩＣ"}},{"type":"Feature","geometry":{"type":"Point","coordinates":[140.001783,35.68571]},"properties":{"code":2941,"type":"IC","name":"花輪ＩＣ"}},{"type":"Feature","geometry":{"type":"Point","coordinates":[140.003114,35.676368]},"properties":{"code":2941,"type":"IC","name":"谷津船橋ＩＣ"}},{"type":"Feature","geometry":{"type":"Point","coordinates":[140.024829,35.66155]},"properties":{"code":2941,"type":"IC","name":"湾岸習志野ＩＣ"}},{"type":"Feature","geometry":{"type":"Point","coordinates":[140.029249,35.660155]},"properties":{"code":2944,"type":"PA","name":"湾岸幕張ＰＡ"}},{"type":"Feature","geometry":{"type":"Point","coordinates":[140.034485,35.669639]},"properties":{"code":2941,"type":"IC","name":"幕張ＩＣ"}},{"type":"Feature","geometry":{"type":"Point","coordinates":[140.053196,35.670232]},"properties":{"code":2944,"type":"PA","name":"幕張ＰＡ"}},{"type":"Feature","geometry":{"type":"Point","coordinates":[140.053196,35.650636]},"properties":{"code":2941,"type":"IC","name":"湾岸千葉ＩＣ"}},{"type":"Feature","geometry":{"type":"Point","coordinates":[140.064397,35.669535]},"properties":{"code":2941,"type":"IC","name":"武石ＩＣ"}},{"type":"Feature","geometry":{"type":"Point","coordinates":[140.18014,35.684281]},"properties":{"code":2941,"type":"IC","name":"四街道ＩＣ"}},{"type":"Feature","geometry":{"type":"Point","coordinates":[140.100489,35.660086]},"properties":{"code":2942,"type":"JCT","name":"宮野木ＪＣＴ"}},{"type":"Feature","geometry":{"type":"Point","coordinates":[140.119328,35.670999]},"properties":{"code":2941,"type":"IC","name":"千葉北ＩＣ"}},{"type":"Feature","geometry":{"type":"Point","coordinates":[140.114436,35.641743]},"properties":{"code":2941,"type":"IC","name":"穴川ＩＣ"}},{"type":"Feature","geometry":{"type":"Point","coordinates":[140.144391,35.622349]},"properties":{"code":2941,"type":"IC","name":"貝塚ＩＣ"}},{"type":"Feature","geometry":{"type":"Point","coordinates":[140.151129,35.604033]},"properties":{"code":2942,"type":"JCT","name":"千葉東ＪＣＴ"}},{"type":"Feature","geometry":{"type":"Point","coordinates":[140.237646,35.687]},"properties":{"code":2941,"type":"IC","name":"佐倉ＩＣ"}},{"type":"Feature","geometry":{"type":"Point","coordinates":[140.137696,35.568295]},"properties":{"code":2941,"type":"IC","name":"蘇我ＩＣ"}},{"type":"Feature","geometry":{"type":"Point","coordinates":[140.147352,35.592168]},"properties":{"code":2941,"type":"IC","name":"松ケ丘ＩＣ"}},{"type":"Feature","geometry":{"type":"Point","coordinates":[140.156322,35.601695]},"properties":{"code":2941,"type":"IC","name":"千葉東ＩＣ"}},{"type":"Feature","geometry":{"type":"Point","coordinates":[140.179882,35.585154]},"properties":{"code":2941,"type":"IC","name":"大宮ＩＣ"}},{"type":"Feature","geometry":{"type":"Point","coordinates":[140.220523,35.572658]},"properties":{"code":2941,"type":"IC","name":"高田ＩＣ"}},{"type":"Feature","geometry":{"type":"Point","coordinates":[140.235028,35.569691]},"properties":{"code":2944,"type":"PA","name":"野呂ＰＡ"}},{"type":"Feature","geometry":{"type":"Point","coordinates":[140.266228,35.57189]},"properties":{"code":2941,"type":"IC","name":"中野ＩＣ"}},{"type":"Feature","geometry":{"type":"Point","coordinates":[140.094523,35.496805]},"properties":{"code":2941,"type":"IC","name":"市原ＩＣ"}},{"type":"Feature","geometry":{"type":"Point","coordinates":[139.874969,35.463466]},"properties":{"code":2944,"type":"PA","name":"海ほたるＰＡ"}},{"type":"Feature","geometry":{"type":"Point","coordinates":[139.919472,35.745885]},"properties":{"code":2941,"type":"IC","name":"市川北ＩＣ"}},{"type":"Feature","geometry":{"type":"Point","coordinates":[139.915996,35.722963]},"properties":{"code":2941,"type":"IC","name":"市川中央ＩＣ"}},{"type":"Feature","geometry":{"type":"Point","coordinates":[139.910331,35.706029]},"properties":{"code":2941,"type":"IC","name":"篠崎ＩＣ"}},{"type":"Feature","geometry":{"type":"Point","coordinates":[139.614086,35.677344]},"properties":{"code":2941,"type":"IC","name":"高井戸ＩＣ"}},{"type":"Feature","geometry":{"type":"Point","coordinates":[139.625673,35.627128]},"properties":{"code":2941,"type":"IC","name":"東京ＩＣ"}},{"type":"Feature","geometry":{"type":"Point","coordinates":[139.640479,35.606929]},"properties":{"code":2941,"type":"IC","name":"玉川ＩＣ"}},{"type":"Feature","geometry":{"type":"Point","coordinates":[139.602628,35.544204]},"properties":{"code":2944,"type":"PA","name":"都筑ＰＡ"}},{"type":"Feature","geometry":{"type":"Point","coordinates":[139.601898,35.542598]},"properties":{"code":2941,"type":"IC","name":"都筑ＩＣ"}},{"type":"Feature","geometry":{"type":"Point","coordinates":[139.625373,35.592552]},"properties":{"code":2941,"type":"IC","name":"京浜川崎ＩＣ"}},{"type":"Feature","geometry":{"type":"Point","coordinates":[139.593358,35.520421]},"properties":{"code":2941,"type":"IC","name":"港北ＩＣ"}},{"type":"Feature","geometry":{"type":"Point","coordinates":[139.592972,35.517662]},"properties":{"code":2942,"type":"JCT","name":"横浜港北ＪＣＴ"}},{"type":"Feature","geometry":{"type":"Point","coordinates":[139.593701,35.484156]},"properties":{"code":2941,"type":"IC","name":"羽沢ＩＣ"}},{"type":"Feature","geometry":{"type":"Point","coordinates":[139.595332,35.482374]},"properties":{"code":2944,"type":"PA","name":"保土ヶ谷ＰＡ"}},{"type":"Feature","geometry":{"type":"Point","coordinates":[139.59765,35.476853]},"properties":{"code":2941,"type":"IC","name":"保土ヶ谷ＩＣ"}},{"type":"Feature","geometry":{"type":"Point","coordinates":[139.741502,35.586724]},"properties":{"code":2944,"type":"PA","name":"平和島ＰＡ"}},{"type":"Feature","geometry":{"type":"Point","coordinates":[139.566364,35.586096]},"properties":{"code":2941,"type":"IC","name":"東名川崎ＩＣ"}},{"type":"Feature","geometry":{"type":"Point","coordinates":[139.527268,35.532541]},"properties":{"code":2944,"type":"PA","name":"港北ＰＡ"}},{"type":"Feature","geometry":{"type":"Point","coordinates":[139.533062,35.535614]},"properties":{"code":2944,"type":"PA","name":"港北ＰＡ"}},{"type":"Feature","geometry":{"type":"Point","coordinates":[139.538941,35.542563]},"properties":{"code":2941,"type":"IC","name":"横浜青葉ＪＣＴ"}},{"type":"Feature","geometry":{"type":"Point","coordinates":[139.539542,35.542947]},"properties":{"code":2941,"type":"IC","name":"横浜青葉ＩＣ"}},{"type":"Feature","geometry":{"type":"Point","coordinates":[139.48401,35.508719]},"properties":{"code":2941,"type":"IC","name":"横浜町田ＩＣ"}},{"type":"Feature","geometry":{"type":"Point","coordinates":[139.293208,35.58121]},"properties":{"code":2941,"type":"IC","name":"相模原ＩＣ"}},{"type":"Feature","geometry":{"type":"Point","coordinates":[139.35389,35.52332]},"properties":{"code":2941,"type":"IC","name":"相模原愛川ＩＣ"}},{"type":"Feature","geometry":{"type":"Point","coordinates":[139.368482,35.489887]},"properties":{"code":2944,"type":"PA","name":"厚木ＰＡ"}},{"type":"Feature","geometry":{"type":"Point","coordinates":[139.37007,35.489887]},"properties":{"code":2945,"type":"スマートIC","name":"厚木ＰＡＳＩＣ"}},{"type":"Feature","geometry":{"type":"Point","coordinates":[139.372816,35.480103]},"properties":{"code":2941,"type":"IC","name":"圏央厚木ＩＣ"}},{"type":"Feature","geometry":{"type":"Point","coordinates":[139.252396,35.679156]},"properties":{"code":2941,"type":"IC","name":"八王子西ＩＣ"}},{"type":"Feature","geometry":{"type":"Point","coordinates":[139.282179,35.736237]},"properties":{"code":2941,"type":"IC","name":"日の出ＩＣ"}},{"type":"Feature","geometry":{"type":"Point","coordinates":[139.283381,35.717598]},"properties":{"code":2941,"type":"IC","name":"あきる野ＩＣ"}},{"type":"Feature","geometry":{"type":"Point","coordinates":[139.254327,35.64115]},"properties":{"code":2942,"type":"JCT","name":"八王子ＪＣＴ"}},{"type":"Feature","geometry":{"type":"Point","coordinates":[139.263554,35.623919]},"properties":{"code":2941,"type":"IC","name":"高尾山ＩＣ"}},{"type":"Feature","geometry":{"type":"Point","coordinates":[139.348569,35.676437]},"properties":{"code":2941,"type":"IC","name":"八王子ＩＣ"}},{"type":"Feature","geometry":{"type":"Point","coordinates":[139.373331,35.678738]},"properties":{"code":2944,"type":"PA","name":"石川ＰＡ"}},{"type":"Feature","geometry":{"type":"Point","coordinates":[139.440536,35.672672]},"properties":{"code":2941,"type":"IC","name":"国立府中ＩＣ"}},{"type":"Feature","geometry":{"type":"Point","coordinates":[139.497442,35.660016]},"properties":{"code":2945,"type":"スマートIC","name":"府中ＳＩＣ"}},{"type":"Feature","geometry":{"type":"Point","coordinates":[139.512591,35.655867]},"properties":{"code":2941,"type":"IC","name":"稲城ＩＣ"}},{"type":"Feature","geometry":{"type":"Point","coordinates":[139.535079,35.661027]},"properties":{"code":2941,"type":"IC","name":"調布ＩＣ"}},{"type":"Feature","geometry":{"type":"Point","coordinates":[139.503193,35.842726]},"properties":{"code":2944,"type":"PA","name":"三芳ＰＡ"}},{"type":"Feature","geometry":{"type":"Point","coordinates":[139.503536,35.840882]},"properties":{"code":2945,"type":"スマートIC","name":"三芳ＳＩＣ"}},{"type":"Feature","geometry":{"type":"Point","coordinates":[139.531002,35.807059]},"properties":{"code":2941,"type":"IC","name":"所沢ＩＣ"}},{"type":"Feature","geometry":{"type":"Point","coordinates":[139.377408,35.867213]},"properties":{"code":2941,"type":"IC","name":"狭山日高ＩＣ"}},{"type":"Feature","geometry":{"type":"Point","coordinates":[139.366722,35.851422]},"properties":{"code":2944,"type":"PA","name":"狭山ＰＡ"}},{"type":"Feature","geometry":{"type":"Point","coordinates":[139.368954,35.818196]},"properties":{"code":2941,"type":"IC","name":"入間ＩＣ"}},{"type":"Feature","geometry":{"type":"Point","coordinates":[139.321361,35.796583]},"properties":{"code":2941,"type":"IC","name":"青梅ＩＣ"}},{"type":"Feature","geometry":{"type":"Point","coordinates":[139.381785,36.026508]},"properties":{"code":2941,"type":"IC","name":"東松山ＩＣ"}},{"type":"Feature","geometry":{"type":"Point","coordinates":[139.382644,35.986618]},"properties":{"code":2943,"type":"SA","name":"高坂ＳＡ"}},{"type":"Feature","geometry":{"type":"Point","coordinates":[139.380198,35.968212]},"properties":{"code":2945,"type":"スマートIC","name":"坂戸西ＳＩＣ"}},{"type":"Feature","geometry":{"type":"Point","coordinates":[139.388351,35.920161]},"properties":{"code":2941,"type":"IC","name":"圏央鶴ヶ島ＩＣ"}},{"type":"Feature","geometry":{"type":"Point","coordinates":[139.444656,35.968386]},"properties":{"code":2941,"type":"IC","name":"坂戸ＩＣ"}},{"type":"Feature","geometry":{"type":"Point","coordinates":[139.466758,35.98193]},"properties":{"code":2941,"type":"IC","name":"川島ＩＣ"}},{"type":"Feature","geometry":{"type":"Point","coordinates":[139.398479,35.946188]},"properties":{"code":2941,"type":"IC","name":"鶴ヶ島ＩＣ"}},{"type":"Feature","geometry":{"type":"Point","coordinates":[139.40629,35.934305]},"properties":{"code":2942,"type":"JCT","name":"鶴ヶ島ＪＣＴ"}},{"type":"Feature","geometry":{"type":"Point","coordinates":[139.458861,35.893292]},"properties":{"code":2941,"type":"IC","name":"川越ＩＣ"}},{"type":"Feature","geometry":{"type":"Point","coordinates":[139.519544,36.001965]},"properties":{"code":2941,"type":"IC","name":"桶川北本ＩＣ"}},{"type":"Feature","geometry":{"type":"Point","coordinates":[139.565206,36.02144]},"properties":{"code":2941,"type":"IC","name":"桶川加納ＩＣ"}},{"type":"Feature","geometry":{"type":"Point","coordinates":[139.611125,35.890928]},"properties":{"code":2941,"type":"IC","name":"与野ＩＣ"}},{"type":"Feature","geometry":{"type":"Point","coordinates":[139.667902,36.000855]},"properties":{"code":2943,"type":"SA","name":"蓮田ＳＡ"}},{"type":"Feature","geometry":{"type":"Point","coordinates":[139.667258,35.99957]},"properties":{"code":2945,"type":"スマートIC","name":"蓮田ＳＩＣ"}},{"type":"Feature","geometry":{"type":"Point","coordinates":[139.667001,35.978388]},"properties":{"code":2943,"type":"SA","name":"蓮田ＳＡ"}},{"type":"Feature","geometry":{"type":"Point","coordinates":[139.666872,35.97686]},"properties":{"code":2945,"type":"スマートIC","name":"蓮田ＳＩＣ"}},{"type":"Feature","geometry":{"type":"Point","coordinates":[139.691806,35.936911]},"properties":{"code":2941,"type":"IC","name":"岩槻ＩＣ"}},{"type":"Feature","geometry":{"type":"Point","coordinates":[139.663482,35.895273]},"properties":{"code":2941,"type":"IC","name":"さいたま見沼ＩＣ"}},{"type":"Feature","geometry":{"type":"Point","coordinates":[139.721074,35.892596]},"properties":{"code":2941,"type":"IC","name":"浦和ＩＣ"}},{"type":"Feature","geometry":{"type":"Point","coordinates":[139.641552,35.822546]},"properties":{"code":2942,"type":"JCT","name":"美女木ＪＣＴ"}},{"type":"Feature","geometry":{"type":"Point","coordinates":[139.636488,35.819275]},"properties":{"code":2941,"type":"IC","name":"戸田西ＩＣ"}},{"type":"Feature","geometry":{"type":"Point","coordinates":[139.653654,35.828983]},"properties":{"code":2941,"type":"IC","name":"戸田東ＩＣ"}},{"type":"Feature","geometry":{"type":"Point","coordinates":[139.610481,35.782171]},"properties":{"code":2941,"type":"IC","name":"和光ＩＣ"}},{"type":"Feature","geometry":{"type":"Point","coordinates":[139.599109,35.76201]},"properties":{"code":2941,"type":"IC","name":"大泉ＩＣ"}},{"type":"Feature","geometry":{"type":"Point","coordinates":[139.599195,35.758423]},"properties":{"code":2942,"type":"JCT","name":"大泉ＪＣＴ"}},{"type":"Feature","geometry":{"type":"Point","coordinates":[139.607863,35.754349]},"properties":{"code":2941,"type":"IC","name":"練馬ＩＣ"}},{"type":"Feature","geometry":{"type":"Point","coordinates":[139.618506,35.800307]},"properties":{"code":2944,"type":"PA","name":"新倉ＰＡ"}},{"type":"Feature","geometry":{"type":"Point","coordinates":[139.619923,35.802639]},"properties":{"code":2941,"type":"IC","name":"和光北ＩＣ"}},{"type":"Feature","geometry":{"type":"Point","coordinates":[139.677515,35.838551]},"properties":{"code":2941,"type":"IC","name":"外環浦和ＩＣ"}},{"type":"Feature","geometry":{"type":"Point","coordinates":[139.695582,35.8453]},"properties":{"code":2941,"type":"IC","name":"川口西ＩＣ"}},{"type":"Feature","geometry":{"type":"Point","coordinates":[139.729786,35.880844]},"properties":{"code":2941,"type":"IC","name":"浦和ＩＣ"}},{"type":"Feature","geometry":{"type":"Point","coordinates":[139.72455,35.851144]},"properties":{"code":2941,"type":"IC","name":"川口中央ＩＣ"}},{"type":"Feature","geometry":{"type":"Point","coordinates":[139.733906,35.852674]},"properties":{"code":2942,"type":"JCT","name":"川口ＪＣＴ"}},{"type":"Feature","geometry":{"type":"Point","coordinates":[139.743476,35.84617]},"properties":{"code":2944,"type":"PA","name":"川口ＰＡ"}},{"type":"Feature","geometry":{"type":"Point","coordinates":[139.747424,35.851979]},"properties":{"code":2941,"type":"IC","name":"川口東ＩＣ"}},{"type":"Feature","geometry":{"type":"Point","coordinates":[139.785876,35.847804]},"properties":{"code":2941,"type":"IC","name":"草加ＩＣ"}},{"type":"Feature","geometry":{"type":"Point","coordinates":[139.854541,35.840673]},"properties":{"code":2941,"type":"IC","name":"外環三郷西ＩＣ"}},{"type":"Feature","geometry":{"type":"Point","coordinates":[139.859734,35.836394]},"properties":{"code":2942,"type":"JCT","name":"三郷ＪＣＴ"}},{"type":"Feature","geometry":{"type":"Point","coordinates":[139.864755,35.831592]},"properties":{"code":2941,"type":"IC","name":"三郷ＩＣ"}},{"type":"Feature","geometry":{"type":"Point","coordinates":[139.87042,35.825956]},"properties":{"code":2941,"type":"IC","name":"三郷中央ＩＣ"}},{"type":"Feature","geometry":{"type":"Point","coordinates":[139.883037,35.8653]},"properties":{"code":2945,"type":"スマートIC","name":"三郷料金所ＳＩＣ"}},{"type":"Feature","geometry":{"type":"Point","coordinates":[139.90046,35.878063]},"properties":{"code":2941,"type":"IC","name":"流山ＩＣ"}},{"type":"Feature","geometry":{"type":"Point","coordinates":[139.877071,35.804449]},"properties":{"code":2941,"type":"IC","name":"三郷南ＩＣ"}},{"type":"Feature","geometry":{"type":"Point","coordinates":[139.899344,35.763577]},"properties":{"code":2941,"type":"IC","name":"松戸ＩＣ"}},{"type":"Feature","geometry":{"type":"Point","coordinates":[139.80742,36.125258]},"properties":{"code":2941,"type":"IC","name":"境古河ＩＣ"}},{"type":"Feature","geometry":{"type":"Point","coordinates":[139.761415,36.096031]},"properties":{"code":2941,"type":"IC","name":"五霞ＩＣ"}},{"type":"Feature","geometry":{"type":"Point","coordinates":[139.891491,36.088991]},"properties":{"code":2941,"type":"IC","name":"坂東ＩＣ"}},{"type":"Feature","geometry":{"type":"Point","coordinates":[139.904237,36.082922]},"properties":{"code":2944,"type":"PA","name":"坂東ＰＡ"}},{"type":"Feature","geometry":{"type":"Point","coordinates":[139.618592,36.295239]},"properties":{"code":2941,"type":"IC","name":"佐野藤岡ＩＣ"}},{"type":"Feature","geometry":{"type":"Point","coordinates":[139.571042,36.225165]},"properties":{"code":2941,"type":"IC","name":"館林ＩＣ"}},{"type":"Feature","geometry":{"type":"Point","coordinates":[139.586449,36.180701]},"properties":{"code":2944,"type":"PA","name":"羽生ＰＡ"}},{"type":"Feature","geometry":{"type":"Point","coordinates":[139.588466,36.169304]},"properties":{"code":2941,"type":"IC","name":"羽生ＩＣ"}},{"type":"Feature","geometry":{"type":"Point","coordinates":[139.626875,36.127234]},"properties":{"code":2941,"type":"IC","name":"加須ＩＣ"}},{"type":"Feature","geometry":{"type":"Point","coordinates":[139.588165,36.038203]},"properties":{"code":2944,"type":"PA","name":"菖蒲ＰＡ"}},{"type":"Feature","geometry":{"type":"Point","coordinates":[139.622498,36.046739]},"properties":{"code":2941,"type":"IC","name":"白岡菖蒲ＩＣ"}},{"type":"Feature","geometry":{"type":"Point","coordinates":[139.653783,36.060722]},"properties":{"code":2941,"type":"IC","name":"久喜ＩＣ"}},{"type":"Feature","geometry":{"type":"Point","coordinates":[139.658203,36.048544]},"properties":{"code":2942,"type":"JCT","name":"久喜白岡ＪＣＴ"}},{"type":"Feature","geometry":{"type":"Point","coordinates":[139.736266,36.063809]},"properties":{"code":2941,"type":"IC","name":"幸手ＩＣ"}},{"type":"Feature","geometry":{"type":"Point","coordinates":[139.250979,36.122762]},"properties":{"code":2941,"type":"IC","name":"花園ＩＣ"}},{"type":"Feature","geometry":{"type":"Point","coordinates":[139.291663,36.085974]},"properties":{"code":2944,"type":"PA","name":"嵐山ＰＡ"}},{"type":"Feature","geometry":{"type":"Point","coordinates":[139.296985,36.082228]},"properties":{"code":2944,"type":"PA","name":"嵐山ＰＡ"}},{"type":"Feature","geometry":{"type":"Point","coordinates":[139.312606,36.067799]},"properties":{"code":2941,"type":"IC","name":"嵐山小川ＩＣ"}},{"type":"Feature","geometry":{"type":"Point","coordinates":[139.48225,36.362589]},"properties":{"code":2941,"type":"IC","name":"足利ＩＣ"}},{"type":"Feature","geometry":{"type":"Point","coordinates":[139.546924,36.367634]},"properties":{"code":2945,"type":"スマートIC","name":"出流原ＳＩＣ"}},{"type":"Feature","geometry":{"type":"Point","coordinates":[139.547396,36.367531]},"properties":{"code":2944,"type":"PA","name":"出流原ＰＡ"}},{"type":"Feature","geometry":{"type":"Point","coordinates":[139.56881,36.35934]},"properties":{"code":2941,"type":"IC","name":"佐野田沼ＩＣ"}},{"type":"Feature","geometry":{"type":"Point","coordinates":[139.219136,36.354778]},"properties":{"code":2941,"type":"IC","name":"伊勢崎ＩＣ"}},{"type":"Feature","geometry":{"type":"Point","coordinates":[139.276471,36.347209]},"properties":{"code":2941,"type":"IC","name":"太田藪塚ＩＣ"}},{"type":"Feature","geometry":{"type":"Point","coordinates":[139.346294,36.340088]},"properties":{"code":2945,"type":"スマートIC","name":"太田強戸ＳＩＣ"}},{"type":"Feature","geometry":{"type":"Point","coordinates":[139.34917,36.340019]},"properties":{"code":2944,"type":"PA","name":"太田強戸ＰＡ"}},{"type":"Feature","geometry":{"type":"Point","coordinates":[139.387407,36.330131]},"properties":{"code":2941,"type":"IC","name":"太田桐生ＩＣ"}},{"type":"Feature","geometry":{"type":"Point","coordinates":[139.6243,36.348937]},"properties":{"code":2942,"type":"JCT","name":"岩舟ＪＣＴ"}},{"type":"Feature","geometry":{"type":"Point","coordinates":[139.619536,36.318894]},"properties":{"code":2943,"type":"SA","name":"佐野ＳＡ"}},{"type":"Feature","geometry":{"type":"Point","coordinates":[139.620523,36.317511]},"properties":{"code":2945,"type":"スマートIC","name":"佐野ＳＡＳＩＣ"}},{"type":"Feature","geometry":{"type":"Point","coordinates":[139.723992,36.454323]},"properties":{"code":2945,"type":"スマートIC","name":"都賀西方ＳＩＣ"}},{"type":"Feature","geometry":{"type":"Point","coordinates":[139.723134,36.453012]},"properties":{"code":2944,"type":"PA","name":"都賀西方ＰＡ"}},{"type":"Feature","geometry":{"type":"Point","coordinates":[139.719443,36.4237]},"properties":{"code":2942,"type":"JCT","name":"栃木都賀ＪＣＴ"}},{"type":"Feature","geometry":{"type":"Point","coordinates":[139.707556,36.4017]},"properties":{"code":2941,"type":"IC","name":"栃木ＩＣ"}},{"type":"Feature","geometry":{"type":"Point","coordinates":[139.757209,36.439548]},"properties":{"code":2941,"type":"IC","name":"都賀ＩＣ"}},{"type":"Feature","geometry":{"type":"Point","coordinates":[139.805489,36.452459]},"properties":{"code":2944,"type":"PA","name":"壬生ＰＡ"}},{"type":"Feature","geometry":{"type":"Point","coordinates":[139.798965,36.538778]},"properties":{"code":2941,"type":"IC","name":"鹿沼ＩＣ"}},{"type":"Feature","geometry":{"type":"Point","coordinates":[139.822955,36.457568]},"properties":{"code":2941,"type":"IC","name":"壬生ＩＣ"}},{"type":"Feature","geometry":{"type":"Point","coordinates":[139.909515,36.485763]},"properties":{"code":2941,"type":"IC","name":"宇都宮上三川ＩＣ"}},{"type":"Feature","geometry":{"type":"Point","coordinates":[140.173702,36.345342]},"properties":{"code":2941,"type":"IC","name":"笠間西ＩＣ"}},{"type":"Feature","geometry":{"type":"Point","coordinates":[140.254683,36.34396]},"properties":{"code":2944,"type":"PA","name":"笠間ＰＡ"}},{"type":"Feature","geometry":{"type":"Point","coordinates":[140.273051,36.339673]},"properties":{"code":2941,"type":"IC","name":"友部ＩＣ"}},{"type":"Feature","geometry":{"type":"Point","coordinates":[139.968824,36.446487]},"properties":{"code":2941,"type":"IC","name":"真岡ＩＣ"}},{"type":"Feature","geometry":{"type":"Point","coordinates":[140.08225,36.360135]},"properties":{"code":2941,"type":"IC","name":"桜川筑西ＩＣ"}},{"type":"Feature","geometry":{"type":"Point","coordinates":[139.982471,36.078066]},"properties":{"code":2941,"type":"IC","name":"常総ＩＣ"}},{"type":"Feature","geometry":{"type":"Point","coordinates":[140.050278,36.056316]},"properties":{"code":2945,"type":"スマートIC","name":"つくば西ＳＩＣ"}},{"type":"Feature","geometry":{"type":"Point","coordinates":[140.087743,36.05753]},"properties":{"code":2941,"type":"IC","name":"つくば中央ＩＣ"}},{"type":"Feature","geometry":{"type":"Point","coordinates":[140.185204,36.119538]},"properties":{"code":2941,"type":"IC","name":"土浦北ＩＣ"}},{"type":"Feature","geometry":{"type":"Point","coordinates":[140.123663,36.033588]},"properties":{"code":2942,"type":"JCT","name":"つくばＪＣＴ"}},{"type":"Feature","geometry":{"type":"Point","coordinates":[140.138211,36.039071]},"properties":{"code":2944,"type":"PA","name":"谷田部東ＰＡ"}},{"type":"Feature","geometry":{"type":"Point","coordinates":[140.155077,36.056177]},"properties":{"code":2941,"type":"IC","name":"桜土浦ＩＣ"}},{"type":"Feature","geometry":{"type":"Point","coordinates":[140.211854,36.146885]},"properties":{"code":2944,"type":"PA","name":"千代田ＰＡ"}},{"type":"Feature","geometry":{"type":"Point","coordinates":[140.244684,36.173149]},"properties":{"code":2941,"type":"IC","name":"千代田石岡ＩＣ"}},{"type":"Feature","geometry":{"type":"Point","coordinates":[140.319915,36.282752]},"properties":{"code":2941,"type":"IC","name":"岩間ＩＣ"}},{"type":"Feature","geometry":{"type":"Point","coordinates":[140.341587,36.310733]},"properties":{"code":2945,"type":"スマートIC","name":"友部ＳＡＳＩＣ"}},{"type":"Feature","geometry":{"type":"Point","coordinates":[140.340986,36.309246]},"properties":{"code":2943,"type":"SA","name":"友部ＳＡ"}},{"type":"Feature","geometry":{"type":"Point","coordinates":[140.279317,36.219764]},"properties":{"code":2945,"type":"スマートIC","name":"石岡小美玉ＳＩＣ"}},{"type":"Feature","geometry":{"type":"Point","coordinates":[140.296826,36.235516]},"properties":{"code":2944,"type":"PA","name":"美野里ＰＡ"}},{"type":"Feature","geometry":{"type":"Point","coordinates":[140.386348,36.306134]},"properties":{"code":2941,"type":"IC","name":"茨城町西ＩＣ"}},{"type":"Feature","geometry":{"type":"Point","coordinates":[140.41141,36.30399]},"properties":{"code":2942,"type":"JCT","name":"茨城町ＪＣＴ"}},{"type":"Feature","geometry":{"type":"Point","coordinates":[140.423341,36.231743]},"properties":{"code":2941,"type":"IC","name":"茨城空港北ＩＣ"}},{"type":"Feature","geometry":{"type":"Point","coordinates":[140.457158,36.315021]},"properties":{"code":2941,"type":"IC","name":"茨城町東ＩＣ"}},{"type":"Feature","geometry":{"type":"Point","coordinates":[140.487413,36.174777]},"properties":{"code":2941,"type":"IC","name":"鉾田ＩＣ"}},{"type":"Feature","geometry":{"type":"Point","coordinates":[140.474539,36.452528]},"properties":{"code":2941,"type":"IC","name":"那珂ＩＣ"}},{"type":"Feature","geometry":{"type":"Point","coordinates":[140.488315,36.329924]},"properties":{"code":2941,"type":"IC","name":"水戸南ＩＣ"}},{"type":"Feature","geometry":{"type":"Point","coordinates":[140.592856,36.397727]},"properties":{"code":2941,"type":"IC","name":"ひたち海浜公園ＩＣ"}},{"type":"Feature","geometry":{"type":"Point","coordinates":[140.606289,36.407192]},"properties":{"code":2941,"type":"IC","name":"常陸那珂港ＩＣ"}},{"type":"Feature","geometry":{"type":"Point","coordinates":[140.573802,36.373198]},"properties":{"code":2941,"type":"IC","name":"ひたちなかＩＣ"}},{"type":"Feature","geometry":{"type":"Point","coordinates":[140.542645,36.33874]},"properties":{"code":2941,"type":"IC","name":"水戸大洗ＩＣ"}},{"type":"Feature","geometry":{"type":"Point","coordinates":[140.345106,36.319482]},"properties":{"code":2942,"type":"JCT","name":"友部ＪＣＴ"}},{"type":"Feature","geometry":{"type":"Point","coordinates":[140.403128,36.409713]},"properties":{"code":2944,"type":"PA","name":"田野ＰＡ"}},{"type":"Feature","geometry":{"type":"Point","coordinates":[140.426388,36.417933]},"properties":{"code":2945,"type":"スマートIC","name":"水戸北ＳＩＣ"}},{"type":"Feature","geometry":{"type":"Point","coordinates":[140.386305,36.382354]},"properties":{"code":2941,"type":"IC","name":"水戸ＩＣ"}},{"type":"Feature","geometry":{"type":"Point","coordinates":[140.575261,36.508601]},"properties":{"code":2941,"type":"IC","name":"日立南太田ＩＣ"}},{"type":"Feature","geometry":{"type":"Point","coordinates":[140.550971,36.4849]},"properties":{"code":2945,"type":"スマートIC","name":"東海ＳＩＣ"}},{"type":"Feature","geometry":{"type":"Point","coordinates":[140.552816,36.485314]},"properties":{"code":2944,"type":"PA","name":"東海ＰＡ"}},{"type":"Feature","geometry":{"type":"Point","coordinates":[140.164261,37.117792]},"properties":{"code":2941,"type":"IC","name":"白河ＩＣ"}},{"type":"Feature","geometry":{"type":"Point","coordinates":[140.098987,37.055862]},"properties":{"code":2943,"type":"SA","name":"那須高原ＳＡ"}},{"type":"Feature","geometry":{"type":"Point","coordinates":[140.21872,37.147593]},"properties":{"code":2945,"type":"スマートIC","name":"白河中央ＳＩＣ"}},{"type":"Feature","geometry":{"type":"Point","coordinates":[140.242324,37.150637]},"properties":{"code":2944,"type":"PA","name":"阿武隈ＰＡ"}},{"type":"Feature","geometry":{"type":"Point","coordinates":[140.094094,37.053773]},"properties":{"code":2945,"type":"スマートIC","name":"那須高原ＳＩＣ"}},{"type":"Feature","geometry":{"type":"Point","coordinates":[139.990668,36.959631]},"properties":{"code":2944,"type":"PA","name":"黒磯ＰＡ"}},{"type":"Feature","geometry":{"type":"Point","coordinates":[139.98908,36.958362]},"properties":{"code":2941,"type":"IC","name":"黒磯板室ＩＣ"}},{"type":"Feature","geometry":{"type":"Point","coordinates":[139.94432,36.916583]},"properties":{"code":2941,"type":"IC","name":"西那須野塩原ＩＣ"}},{"type":"Feature","geometry":{"type":"Point","coordinates":[140.040321,37.005911]},"properties":{"code":2941,"type":"IC","name":"那須ＩＣ"}},{"type":"Feature","geometry":{"type":"Point","coordinates":[139.934063,36.762473]},"properties":{"code":2941,"type":"IC","name":"矢板ＩＣ"}},{"type":"Feature","geometry":{"type":"Point","coordinates":[139.754076,36.689035]},"properties":{"code":2941,"type":"IC","name":"大沢ＩＣ"}},{"type":"Feature","geometry":{"type":"Point","coordinates":[139.81699,36.667696]},"properties":{"code":2941,"type":"IC","name":"篠井ＩＣ"}},{"type":"Feature","geometry":{"type":"Point","coordinates":[139.891877,36.69227]},"properties":{"code":2945,"type":"スマートIC","name":"上河内ＳＩＣ"}},{"type":"Feature","geometry":{"type":"Point","coordinates":[139.890676,36.690068]},"properties":{"code":2943,"type":"SA","name":"上河内ＳＡ"}},{"type":"Feature","geometry":{"type":"Point","coordinates":[139.838233,36.64821]},"properties":{"code":2941,"type":"IC","name":"徳次郎ＩＣ"}},{"type":"Feature","geometry":{"type":"Point","coordinates":[139.84746,36.633713]},"properties":{"code":2941,"type":"IC","name":"宇都宮ＩＣ"}},{"type":"Feature","geometry":{"type":"Point","coordinates":[139.843426,36.599543]},"properties":{"code":2944,"type":"PA","name":"大谷ＰＡ"}},{"type":"Feature","geometry":{"type":"Point","coordinates":[139.90767,36.82344]},"properties":{"code":2945,"type":"スマートIC","name":"矢板北ＳＩＣ"}},{"type":"Feature","geometry":{"type":"Point","coordinates":[139.909344,36.821172]},"properties":{"code":2944,"type":"PA","name":"矢板北ＰＡ"}},{"type":"Feature","geometry":{"type":"Point","coordinates":[139.62709,36.740157]},"properties":{"code":2941,"type":"IC","name":"日光ＩＣ"}},{"type":"Feature","geometry":{"type":"Point","coordinates":[139.650049,36.729804]},"properties":{"code":2944,"type":"PA","name":"日光口ＰＡ"}},{"type":"Feature","geometry":{"type":"Point","coordinates":[139.673009,36.71921]},"properties":{"code":2941,"type":"IC","name":"今市ＩＣ"}},{"type":"Feature","geometry":{"type":"Point","coordinates":[139.714508,36.700563]},"properties":{"code":2941,"type":"IC","name":"土沢ＩＣ"}},{"type":"Feature","geometry":{"type":"Point","coordinates":[139.566579,36.742701]},"properties":{"code":2941,"type":"IC","name":"清滝ＩＣ"}},{"type":"Feature","geometry":{"type":"Point","coordinates":[139.371915,37.69788]},"properties":{"code":2941,"type":"IC","name":"三川ＩＣ"}},{"type":"Feature","geometry":{"type":"Point","coordinates":[139.450707,37.673291]},"properties":{"code":2941,"type":"IC","name":"津川ＩＣ"}},{"type":"Feature","geometry":{"type":"Point","coordinates":[139.475942,37.649306]},"properties":{"code":2944,"type":"PA","name":"上川ＰＡ"}},{"type":"Feature","geometry":{"type":"Point","coordinates":[139.645629,37.578698]},"properties":{"code":2944,"type":"PA","name":"西会津ＰＡ"}},{"type":"Feature","geometry":{"type":"Point","coordinates":[139.649749,37.57795]},"properties":{"code":2941,"type":"IC","name":"西会津ＩＣ"}},{"type":"Feature","geometry":{"type":"Point","coordinates":[139.767466,37.562541]},"properties":{"code":2941,"type":"IC","name":"会津坂下ＩＣ"}},{"type":"Feature","geometry":{"type":"Point","coordinates":[139.840765,37.529536]},"properties":{"code":2945,"type":"スマートIC","name":"新鶴ＳＩＣ"}},{"type":"Feature","geometry":{"type":"Point","coordinates":[139.841409,37.530217]},"properties":{"code":2944,"type":"PA","name":"新鶴ＰＡ"}},{"type":"Feature","geometry":{"type":"Point","coordinates":[139.892521,37.575535]},"properties":{"code":2941,"type":"IC","name":"湯川北ＩＣ"}},{"type":"Feature","geometry":{"type":"Point","coordinates":[139.89707,37.555465]},"properties":{"code":2941,"type":"IC","name":"湯川南ＩＣ"}},{"type":"Feature","geometry":{"type":"Point","coordinates":[139.914622,37.535185]},"properties":{"code":2941,"type":"IC","name":"会津若松北ＩＣ"}},{"type":"Feature","geometry":{"type":"Point","coordinates":[139.918785,37.526677]},"properties":{"code":2941,"type":"IC","name":"会津若松ＩＣ"}},{"type":"Feature","geometry":{"type":"Point","coordinates":[139.875998,37.600462]},"properties":{"code":2941,"type":"IC","name":"塩川ＩＣ"}},{"type":"Feature","geometry":{"type":"Point","coordinates":[139.888873,37.63765]},"properties":{"code":2941,"type":"IC","name":"喜多方ＩＣ"}},{"type":"Feature","geometry":{"type":"Point","coordinates":[140.113449,37.541004]},"properties":{"code":2941,"type":"IC","name":"猪苗代磐梯高原ＩＣ"}},{"type":"Feature","geometry":{"type":"Point","coordinates":[139.972901,37.55026]},"properties":{"code":2941,"type":"IC","name":"磐梯河東ＩＣ"}},{"type":"Feature","geometry":{"type":"Point","coordinates":[140.028434,37.536853]},"properties":{"code":2943,"type":"SA","name":"磐梯山ＳＡ"}},{"type":"Feature","geometry":{"type":"Point","coordinates":[140.312576,37.402653]},"properties":{"code":2945,"type":"スマートIC","name":"郡山中央ＳＩＣ"}},{"type":"Feature","geometry":{"type":"Point","coordinates":[140.34502,37.434897]},"properties":{"code":2941,"type":"IC","name":"郡山ＩＣ"}},{"type":"Feature","geometry":{"type":"Point","coordinates":[140.311761,37.36644]},"properties":{"code":2941,"type":"IC","name":"郡山南ＩＣ"}},{"type":"Feature","geometry":{"type":"Point","coordinates":[140.322833,37.353477]},"properties":{"code":2944,"type":"PA","name":"安積ＰＡ"}},{"type":"Feature","geometry":{"type":"Point","coordinates":[140.350771,37.290033]},"properties":{"code":2941,"type":"IC","name":"須賀川ＩＣ"}},{"type":"Feature","geometry":{"type":"Point","coordinates":[140.335836,37.255815]},"properties":{"code":2944,"type":"PA","name":"鏡石ＰＡ"}},{"type":"Feature","geometry":{"type":"Point","coordinates":[140.33545,37.255371]},"properties":{"code":2945,"type":"スマートIC","name":"鏡石ＳＩＣ"}},{"type":"Feature","geometry":{"type":"Point","coordinates":[140.297256,37.196014]},"properties":{"code":2941,"type":"IC","name":"矢吹ＩＣ"}},{"type":"Feature","geometry":{"type":"Point","coordinates":[140.337081,37.192732]},"properties":{"code":2941,"type":"IC","name":"矢吹中央ＩＣ"}},{"type":"Feature","geometry":{"type":"Point","coordinates":[140.404415,37.204628]},"properties":{"code":2941,"type":"IC","name":"玉川ＩＣ"}},{"type":"Feature","geometry":{"type":"Point","coordinates":[140.442009,37.203056]},"properties":{"code":2941,"type":"IC","name":"福島空港ＩＣ"}},{"type":"Feature","geometry":{"type":"Point","coordinates":[140.478015,37.20268]},"properties":{"code":2941,"type":"IC","name":"石川母畑ＩＣ"}},{"type":"Feature","geometry":{"type":"Point","coordinates":[140.522475,37.205962]},"properties":{"code":2941,"type":"IC","name":"平田西ＩＣ"}},{"type":"Feature","geometry":{"type":"Point","coordinates":[140.55994,37.247104]},"properties":{"code":2941,"type":"IC","name":"平田ＩＣ"}},{"type":"Feature","geometry":{"type":"Point","coordinates":[140.611911,37.290136]},"properties":{"code":2941,"type":"IC","name":"小野ＩＣ"}},{"type":"Feature","geometry":{"type":"Point","coordinates":[140.483422,37.428967]},"properties":{"code":2944,"type":"PA","name":"三春ＰＡ"}},{"type":"Feature","geometry":{"type":"Point","coordinates":[140.522604,37.4381]},"properties":{"code":2941,"type":"IC","name":"船引三春ＩＣ"}},{"type":"Feature","geometry":{"type":"Point","coordinates":[140.59556,37.387549]},"properties":{"code":2943,"type":"SA","name":"阿武隈高原ＳＡ"}},{"type":"Feature","geometry":{"type":"Point","coordinates":[140.603929,37.370601]},"properties":{"code":2945,"type":"スマートIC","name":"田村ＳＩＣ"}},{"type":"Feature","geometry":{"type":"Point","coordinates":[140.286741,37.496516]},"properties":{"code":2941,"type":"IC","name":"磐梯熱海ＩＣ"}},{"type":"Feature","geometry":{"type":"Point","coordinates":[140.315452,37.486641]},"properties":{"code":2944,"type":"PA","name":"五百川ＰＡ"}},{"type":"Feature","geometry":{"type":"Point","coordinates":[140.360341,37.4628]},"properties":{"code":2942,"type":"JCT","name":"郡山ＪＣＴ"}},{"type":"Feature","geometry":{"type":"Point","coordinates":[140.381842,37.515581]},"properties":{"code":2943,"type":"SA","name":"安達太良ＳＡ"}},{"type":"Feature","geometry":{"type":"Point","coordinates":[140.377851,37.488242]},"properties":{"code":2941,"type":"IC","name":"本宮ＩＣ"}},{"type":"Feature","geometry":{"type":"Point","coordinates":[140.440292,37.44253]},"properties":{"code":2941,"type":"IC","name":"郡山東ＩＣ"}},{"type":"Feature","geometry":{"type":"Point","coordinates":[140.447073,37.662421]},"properties":{"code":2945,"type":"スマートIC","name":"福島松川ＳＩＣ"}},{"type":"Feature","geometry":{"type":"Point","coordinates":[140.444756,37.661164]},"properties":{"code":2944,"type":"PA","name":"福島松川ＰＡ"}},{"type":"Feature","geometry":{"type":"Point","coordinates":[140.418749,37.591077]},"properties":{"code":2941,"type":"IC","name":"二本松ＩＣ"}},{"type":"Feature","geometry":{"type":"Point","coordinates":[140.487885,37.832836]},"properties":{"code":2942,"type":"JCT","name":"桑折ＪＣＴ"}},{"type":"Feature","geometry":{"type":"Point","coordinates":[140.453768,37.802528]},"properties":{"code":2941,"type":"IC","name":"福島飯坂ＩＣ"}},{"type":"Feature","geometry":{"type":"Point","coordinates":[140.510159,37.828226]},"properties":{"code":2941,"type":"IC","name":"伊達桑折ＩＣ"}},{"type":"Feature","geometry":{"type":"Point","coordinates":[140.535264,37.812598]},"properties":{"code":2941,"type":"IC","name":"伊達中央ＩＣ"}},{"type":"Feature","geometry":{"type":"Point","coordinates":[140.590582,37.765321]},"properties":{"code":2941,"type":"IC","name":"霊山ＩＣ"}},{"type":"Feature","geometry":{"type":"Point","coordinates":[140.529041,37.880206]},"properties":{"code":2941,"type":"IC","name":"国見ＩＣ"}},{"type":"Feature","geometry":{"type":"Point","coordinates":[140.577106,37.907468]},"properties":{"code":2943,"type":"SA","name":"国見ＳＡ"}},{"type":"Feature","geometry":{"type":"Point","coordinates":[140.410595,37.80107]},"properties":{"code":2941,"type":"IC","name":"福島大笹生ＩＣ"}},{"type":"Feature","geometry":{"type":"Point","coordinates":[140.417418,37.788828]},"properties":{"code":2942,"type":"JCT","name":"福島ＪＣＴ"}},{"type":"Feature","geometry":{"type":"Point","coordinates":[140.409179,37.760232]},"properties":{"code":2944,"type":"PA","name":"吾妻ＰＡ"}},{"type":"Feature","geometry":{"type":"Point","coordinates":[140.421581,37.736207]},"properties":{"code":2941,"type":"IC","name":"福島西ＩＣ"}},{"type":"Feature","geometry":{"type":"Point","coordinates":[140.115166,37.950729]},"properties":{"code":2941,"type":"IC","name":"米沢北ＩＣ"}},{"type":"Feature","geometry":{"type":"Point","coordinates":[140.135422,37.921756]},"properties":{"code":2941,"type":"IC","name":"米沢中央ＩＣ"}},{"type":"Feature","geometry":{"type":"Point","coordinates":[140.155678,37.894769]},"properties":{"code":2941,"type":"IC","name":"米沢八幡原ＩＣ"}},{"type":"Feature","geometry":{"type":"Point","coordinates":[140.168595,38.026256]},"properties":{"code":2941,"type":"IC","name":"南陽高畠ＩＣ"}},{"type":"Feature","geometry":{"type":"Point","coordinates":[140.193658,38.075224]},"properties":{"code":2944,"type":"PA","name":"南陽ＰＡ"}},{"type":"Feature","geometry":{"type":"Point","coordinates":[140.256529,38.126826]},"properties":{"code":2941,"type":"IC","name":"かみのやま温泉ＩＣ"}},{"type":"Feature","geometry":{"type":"Point","coordinates":[140.292578,38.269218]},"properties":{"code":2941,"type":"IC","name":"山形中央ＩＣ"}},{"type":"Feature","geometry":{"type":"Point","coordinates":[140.278931,38.246034]},"properties":{"code":2944,"type":"PA","name":"山形ＰＡ"}},{"type":"Feature","geometry":{"type":"Point","coordinates":[140.27966,38.246674]},"properties":{"code":2945,"type":"スマートIC","name":"山形ＰＡＳＩＣ"}},{"type":"Feature","geometry":{"type":"Point","coordinates":[140.309744,38.187534]},"properties":{"code":2941,"type":"IC","name":"山形上山ＩＣ"}},{"type":"Feature","geometry":{"type":"Point","coordinates":[140.381498,38.245697]},"properties":{"code":2944,"type":"PA","name":"山形蔵王ＰＡ"}},{"type":"Feature","geometry":{"type":"Point","coordinates":[140.383558,38.245393]},"properties":{"code":2941,"type":"IC","name":"山形蔵王ＩＣ"}},{"type":"Feature","geometry":{"type":"Point","coordinates":[140.447974,38.225202]},"properties":{"code":2941,"type":"IC","name":"関沢ＩＣ"}},{"type":"Feature","geometry":{"type":"Point","coordinates":[140.509815,38.222437]},"properties":{"code":2941,"type":"IC","name":"笹谷ＩＣ"}},{"type":"Feature","geometry":{"type":"Point","coordinates":[140.551014,38.209894]},"properties":{"code":2944,"type":"PA","name":"古関ＰＡ"}},{"type":"Feature","geometry":{"type":"Point","coordinates":[140.622039,38.174242]},"properties":{"code":2941,"type":"IC","name":"宮城川崎ＩＣ"}},{"type":"Feature","geometry":{"type":"Point","coordinates":[140.290689,38.359796]},"properties":{"code":2941,"type":"IC","name":"寒河江ＩＣ"}},{"type":"Feature","geometry":{"type":"Point","coordinates":[140.346308,38.364979]},"properties":{"code":2941,"type":"IC","name":"天童ＩＣ"}},{"type":"Feature","geometry":{"type":"Point","coordinates":[140.317512,38.311019]},"properties":{"code":2942,"type":"JCT","name":"山形ＪＣＴ"}},{"type":"Feature","geometry":{"type":"Point","coordinates":[140.360727,38.291082]},"properties":{"code":2941,"type":"IC","name":"山形北ＩＣ"}},{"type":"Feature","geometry":{"type":"Point","coordinates":[140.353732,38.447237]},"properties":{"code":2941,"type":"IC","name":"東根北ＩＣ"}},{"type":"Feature","geometry":{"type":"Point","coordinates":[140.350556,38.411433]},"properties":{"code":2941,"type":"IC","name":"東根ＩＣ"}},{"type":"Feature","geometry":{"type":"Point","coordinates":[140.381026,38.52507]},"properties":{"code":2941,"type":"IC","name":"村山本飯田ＩＣ"}},{"type":"Feature","geometry":{"type":"Point","coordinates":[140.374374,38.520537]},"properties":{"code":2941,"type":"IC","name":"村山名取ＩＣ"}},{"type":"Feature","geometry":{"type":"Point","coordinates":[140.364118,38.479025]},"properties":{"code":2941,"type":"IC","name":"村山ＩＣ"}},{"type":"Feature","geometry":{"type":"Point","coordinates":[140.289059,38.77657]},"properties":{"code":2941,"type":"IC","name":"新庄鮭川ＩＣ"}},{"type":"Feature","geometry":{"type":"Point","coordinates":[140.298328,38.739155]},"properties":{"code":2941,"type":"IC","name":"新庄ＩＣ"}},{"type":"Feature","geometry":{"type":"Point","coordinates":[140.309529,38.702927]},"properties":{"code":2941,"type":"IC","name":"舟形ＩＣ"}},{"type":"Feature","geometry":{"type":"Point","coordinates":[140.327725,38.67298]},"properties":{"code":2941,"type":"IC","name":"川原子ＩＣ"}},{"type":"Feature","geometry":{"type":"Point","coordinates":[140.364161,38.658504]},"properties":{"code":2941,"type":"IC","name":"尾花沢北ＩＣ"}},{"type":"Feature","geometry":{"type":"Point","coordinates":[140.372272,38.633735]},"properties":{"code":2941,"type":"IC","name":"野黒沢ＩＣ"}},{"type":"Feature","geometry":{"type":"Point","coordinates":[140.387979,38.605469]},"properties":{"code":2941,"type":"IC","name":"尾花沢ＩＣ"}},{"type":"Feature","geometry":{"type":"Point","coordinates":[140.398493,38.561388]},"properties":{"code":2941,"type":"IC","name":"大石田村山ＩＣ"}},{"type":"Feature","geometry":{"type":"Point","coordinates":[139.991655,38.455672]},"properties":{"code":2941,"type":"IC","name":"月山ＩＣ"}},{"type":"Feature","geometry":{"type":"Point","coordinates":[140.008779,38.444716]},"properties":{"code":2944,"type":"PA","name":"月山湖ＰＡ"}},{"type":"Feature","geometry":{"type":"Point","coordinates":[140.166578,38.424008]},"properties":{"code":2941,"type":"IC","name":"西川ＩＣ"}},{"type":"Feature","geometry":{"type":"Point","coordinates":[140.259061,38.366964]},"properties":{"code":2943,"type":"SA","name":"寒河江ＳＡ"}},{"type":"Feature","geometry":{"type":"Point","coordinates":[140.262151,38.366459]},"properties":{"code":2945,"type":"スマートIC","name":"寒河江ＳＡＳＩＣ"}},{"type":"Feature","geometry":{"type":"Point","coordinates":[139.829521,38.643355]},"properties":{"code":2944,"type":"PA","name":"櫛引ＰＡ"}},{"type":"Feature","geometry":{"type":"Point","coordinates":[139.844885,38.618078]},"properties":{"code":2941,"type":"IC","name":"庄内あさひＩＣ"}},{"type":"Feature","geometry":{"type":"Point","coordinates":[139.915824,38.572528]},"properties":{"code":2941,"type":"IC","name":"湯殿山ＩＣ"}},{"type":"Feature","geometry":{"type":"Point","coordinates":[139.781199,38.754217]},"properties":{"code":2942,"type":"JCT","name":"鶴岡ＪＣＴ"}},{"type":"Feature","geometry":{"type":"Point","coordinates":[139.802485,38.819013]},"properties":{"code":2941,"type":"IC","name":"庄内空港ＩＣ"}},{"type":"Feature","geometry":{"type":"Point","coordinates":[139.759011,38.717561]},"properties":{"code":2941,"type":"IC","name":"鶴岡西ＩＣ"}},{"type":"Feature","geometry":{"type":"Point","coordinates":[139.794459,38.733364]},"properties":{"code":2941,"type":"IC","name":"鶴岡ＩＣ"}},{"type":"Feature","geometry":{"type":"Point","coordinates":[139.670777,38.688659]},"properties":{"code":2941,"type":"IC","name":"三瀬ＩＣ"}},{"type":"Feature","geometry":{"type":"Point","coordinates":[139.624987,38.667418]},"properties":{"code":2941,"type":"IC","name":"いらがわＩＣ"}},{"type":"Feature","geometry":{"type":"Point","coordinates":[139.583659,38.602518]},"properties":{"code":2941,"type":"IC","name":"あつみ温泉ＩＣ"}},{"type":"Feature","geometry":{"type":"Point","coordinates":[139.521518,38.277506]},"properties":{"code":2941,"type":"IC","name":"朝日まほろばＩＣ"}},{"type":"Feature","geometry":{"type":"Point","coordinates":[139.384875,38.077656]},"properties":{"code":2945,"type":"スマートIC","name":"胎内ＳＩＣ"}},{"type":"Feature","geometry":{"type":"Point","coordinates":[139.362688,38.040419]},"properties":{"code":2941,"type":"IC","name":"中条ＩＣ"}},{"type":"Feature","geometry":{"type":"Point","coordinates":[139.412212,38.118352]},"properties":{"code":2941,"type":"IC","name":"荒川胎内ＩＣ"}},{"type":"Feature","geometry":{"type":"Point","coordinates":[139.473968,38.206758]},"properties":{"code":2941,"type":"IC","name":"村上瀬波温泉ＩＣ"}},{"type":"Feature","geometry":{"type":"Point","coordinates":[139.423628,38.138911]},"properties":{"code":2944,"type":"PA","name":"荒川ＰＡ"}},{"type":"Feature","geometry":{"type":"Point","coordinates":[139.45118,38.175018]},"properties":{"code":2941,"type":"IC","name":"神林岩船港ＩＣ"}},{"type":"Feature","geometry":{"type":"Point","coordinates":[139.51375,38.244112]},"properties":{"code":2941,"type":"IC","name":"朝日三面ＩＣ"}},{"type":"Feature","geometry":{"type":"Point","coordinates":[139.502807,38.224628]},"properties":{"code":2941,"type":"IC","name":"村上山辺里ＩＣ"}},{"type":"Feature","geometry":{"type":"Point","coordinates":[139.221539,37.933468]},"properties":{"code":2941,"type":"IC","name":"豊栄新潟東港ＩＣ"}},{"type":"Feature","geometry":{"type":"Point","coordinates":[139.289474,37.962911]},"properties":{"code":2941,"type":"IC","name":"聖籠新発田ＩＣ"}},{"type":"Feature","geometry":{"type":"Point","coordinates":[139.231153,37.759485]},"properties":{"code":2941,"type":"IC","name":"安田ＩＣ"}},{"type":"Feature","geometry":{"type":"Point","coordinates":[139.317627,37.737972]},"properties":{"code":2943,"type":"SA","name":"阿賀野川ＳＡ"}},{"type":"Feature","geometry":{"type":"Point","coordinates":[139.06065,37.84846]},"properties":{"code":2944,"type":"PA","name":"新潟ＰＡ"}},{"type":"Feature","geometry":{"type":"Point","coordinates":[139.095712,37.820836]},"properties":{"code":2945,"type":"スマートIC","name":"新津西ＳＩＣ"}},{"type":"Feature","geometry":{"type":"Point","coordinates":[139.150257,37.804528]},"properties":{"code":2941,"type":"IC","name":"新津ＩＣ"}},{"type":"Feature","geometry":{"type":"Point","coordinates":[139.21154,37.762742]},"properties":{"code":2944,"type":"PA","name":"五泉ＰＡ"}},{"type":"Feature","geometry":{"type":"Point","coordinates":[139.074726,37.878546]},"properties":{"code":2941,"type":"IC","name":"新潟亀田ＩＣ"}},{"type":"Feature","geometry":{"type":"Point","coordinates":[139.116354,37.898021]},"properties":{"code":2945,"type":"スマートIC","name":"新潟東ＳＩＣ"}},{"type":"Feature","geometry":{"type":"Point","coordinates":[139.129872,37.907773]},"properties":{"code":2941,"type":"IC","name":"新潟空港ＩＣ"}},{"type":"Feature","geometry":{"type":"Point","coordinates":[139.159613,37.914782]},"properties":{"code":2943,"type":"SA","name":"豊栄ＳＡ"}},{"type":"Feature","geometry":{"type":"Point","coordinates":[139.160986,37.914714]},"properties":{"code":2945,"type":"スマートIC","name":"豊栄ＳＩＣ"}},{"type":"Feature","geometry":{"type":"Point","coordinates":[139.005375,37.868214]},"properties":{"code":2941,"type":"IC","name":"新潟西ＩＣ"}},{"type":"Feature","geometry":{"type":"Point","coordinates":[139.03842,37.874786]},"properties":{"code":2941,"type":"IC","name":"新潟中央ＩＣ"}},{"type":"Feature","geometry":{"type":"Point","coordinates":[139.040523,37.872042]},"properties":{"code":2942,"type":"JCT","name":"新潟中央ＪＣＴ"}},{"type":"Feature","geometry":{"type":"Point","coordinates":[138.939199,37.744861]},"properties":{"code":2941,"type":"IC","name":"巻潟東ＩＣ"}},{"type":"Feature","geometry":{"type":"Point","coordinates":[138.98366,37.823175]},"properties":{"code":2944,"type":"PA","name":"黒埼ＰＡ"}},{"type":"Feature","geometry":{"type":"Point","coordinates":[138.980098,37.820633]},"properties":{"code":2945,"type":"スマートIC","name":"黒埼ＳＩＣ"}},{"type":"Feature","geometry":{"type":"Point","coordinates":[138.97718,37.817751]},"properties":{"code":2944,"type":"PA","name":"黒埼ＰＡ"}},{"type":"Feature","geometry":{"type":"Point","coordinates":[138.111534,37.166678]},"properties":{"code":2943,"type":"SA","name":"名立谷浜ＳＡ"}},{"type":"Feature","geometry":{"type":"Point","coordinates":[138.113337,37.166028]},"properties":{"code":2941,"type":"IC","name":"名立谷浜ＩＣ"}},{"type":"Feature","geometry":{"type":"Point","coordinates":[138.328085,37.219154]},"properties":{"code":2945,"type":"スマートIC","name":"大潟ＳＩＣ"}},{"type":"Feature","geometry":{"type":"Point","coordinates":[138.324952,37.217104]},"properties":{"code":2944,"type":"PA","name":"大潟ＰＡ"}},{"type":"Feature","geometry":{"type":"Point","coordinates":[138.391943,37.266232]},"properties":{"code":2941,"type":"IC","name":"柿崎ＩＣ"}},{"type":"Feature","geometry":{"type":"Point","coordinates":[138.478246,37.337476]},"properties":{"code":2943,"type":"SA","name":"米山ＳＡ"}},{"type":"Feature","geometry":{"type":"Point","coordinates":[138.480091,37.338159]},"properties":{"code":2941,"type":"IC","name":"米山ＩＣ"}},{"type":"Feature","geometry":{"type":"Point","coordinates":[138.498759,37.347268]},"properties":{"code":2943,"type":"SA","name":"米山ＳＡ"}},{"type":"Feature","geometry":{"type":"Point","coordinates":[138.658061,37.440724]},"properties":{"code":2941,"type":"IC","name":"西山ＩＣ"}},{"type":"Feature","geometry":{"type":"Point","coordinates":[138.823113,37.483338]},"properties":{"code":2945,"type":"スマートIC","name":"長岡北ＳＩＣ"}},{"type":"Feature","geometry":{"type":"Point","coordinates":[138.792214,37.46028]},"properties":{"code":2942,"type":"JCT","name":"長岡ＪＣＴ"}},{"type":"Feature","geometry":{"type":"Point","coordinates":[138.788009,37.446925]},"properties":{"code":2941,"type":"IC","name":"長岡ＩＣ"}},{"type":"Feature","geometry":{"type":"Point","coordinates":[138.940144,37.653145]},"properties":{"code":2941,"type":"IC","name":"三条燕ＩＣ"}},{"type":"Feature","geometry":{"type":"Point","coordinates":[138.909116,37.606242]},"properties":{"code":2944,"type":"PA","name":"栄ＰＡ"}},{"type":"Feature","geometry":{"type":"Point","coordinates":[138.911347,37.607874]},"properties":{"code":2945,"type":"スマートIC","name":"栄ＳＩＣ"}},{"type":"Feature","geometry":{"type":"Point","coordinates":[138.869848,37.530421]},"properties":{"code":2941,"type":"IC","name":"中之島見附ＩＣ"}},{"type":"Feature","geometry":{"type":"Point","coordinates":[138.926454,37.255439]},"properties":{"code":2941,"type":"IC","name":"堀之内ＩＣ"}},{"type":"Feature","geometry":{"type":"Point","coordinates":[138.928342,37.254619]},"properties":{"code":2944,"type":"PA","name":"堀之内ＰＡ"}},{"type":"Feature","geometry":{"type":"Point","coordinates":[138.950958,37.164934]},"properties":{"code":2945,"type":"スマートIC","name":"大和ＳＩＣ"}},{"type":"Feature","geometry":{"type":"Point","coordinates":[138.950315,37.163224]},"properties":{"code":2944,"type":"PA","name":"大和ＰＡ"}},{"type":"Feature","geometry":{"type":"Point","coordinates":[138.975377,37.217035]},"properties":{"code":2941,"type":"IC","name":"魚沼ＩＣ"}},{"type":"Feature","geometry":{"type":"Point","coordinates":[138.837576,37.270194]},"properties":{"code":2943,"type":"SA","name":"越後川口ＳＡ"}},{"type":"Feature","geometry":{"type":"Point","coordinates":[138.839335,37.269442]},"properties":{"code":2941,"type":"IC","name":"越後川口ＩＣ"}},{"type":"Feature","geometry":{"type":"Point","coordinates":[138.728399,37.438543]},"properties":{"code":2944,"type":"PA","name":"大積ＰＡ"}},{"type":"Feature","geometry":{"type":"Point","coordinates":[138.792901,37.393312]},"properties":{"code":2945,"type":"スマートIC","name":"長岡南越路ＳＩＣ"}},{"type":"Feature","geometry":{"type":"Point","coordinates":[138.782344,37.325738]},"properties":{"code":2944,"type":"PA","name":"山谷ＰＡ"}},{"type":"Feature","geometry":{"type":"Point","coordinates":[138.779597,37.309902]},"properties":{"code":2941,"type":"IC","name":"小千谷ＩＣ"}},{"type":"Feature","geometry":{"type":"Point","coordinates":[138.594933,37.361767]},"properties":{"code":2941,"type":"IC","name":"柏崎ＩＣ"}},{"type":"Feature","geometry":{"type":"Point","coordinates":[138.643427,37.424878]},"properties":{"code":2944,"type":"PA","name":"刈羽ＰＡ"}},{"type":"Feature","geometry":{"type":"Point","coordinates":[138.820066,36.999125]},"properties":{"code":2943,"type":"SA","name":"塩沢石打ＳＡ"}},{"type":"Feature","geometry":{"type":"Point","coordinates":[138.819509,36.996863]},"properties":{"code":2941,"type":"IC","name":"塩沢石打ＩＣ"}},{"type":"Feature","geometry":{"type":"Point","coordinates":[138.811655,36.980444]},"properties":{"code":2943,"type":"SA","name":"塩沢石打ＳＡ"}},{"type":"Feature","geometry":{"type":"Point","coordinates":[138.827276,36.933668]},"properties":{"code":2941,"type":"IC","name":"湯沢ＩＣ"}},{"type":"Feature","geometry":{"type":"Point","coordinates":[138.874912,37.082982]},"properties":{"code":2941,"type":"IC","name":"六日町ＩＣ"}},{"type":"Feature","geometry":{"type":"Point","coordinates":[138.874998,36.863004]},"properties":{"code":2944,"type":"PA","name":"土樽ＰＡ"}},{"type":"Feature","geometry":{"type":"Point","coordinates":[138.941603,36.778286]},"properties":{"code":2944,"type":"PA","name":"谷川岳ＰＡ"}},{"type":"Feature","geometry":{"type":"Point","coordinates":[138.973145,36.746622]},"properties":{"code":2941,"type":"IC","name":"水上ＩＣ"}},{"type":"Feature","geometry":{"type":"Point","coordinates":[139.06992,36.657506]},"properties":{"code":2941,"type":"IC","name":"沼田ＩＣ"}},{"type":"Feature","geometry":{"type":"Point","coordinates":[139.062581,36.601645]},"properties":{"code":2943,"type":"SA","name":"赤城高原ＳＡ"}},{"type":"Feature","geometry":{"type":"Point","coordinates":[139.065843,36.612324]},"properties":{"code":2941,"type":"IC","name":"昭和ＩＣ"}},{"type":"Feature","geometry":{"type":"Point","coordinates":[138.984346,36.705414]},"properties":{"code":2944,"type":"PA","name":"下牧ＰＡ"}},{"type":"Feature","geometry":{"type":"Point","coordinates":[138.985462,36.701767]},"properties":{"code":2944,"type":"PA","name":"下牧ＰＡ"}},{"type":"Feature","geometry":{"type":"Point","coordinates":[139.020438,36.676129]},"properties":{"code":2941,"type":"IC","name":"月夜野ＩＣ"}},{"type":"Feature","geometry":{"type":"Point","coordinates":[138.294139,36.692855]},"properties":{"code":2944,"type":"PA","name":"小布施ＰＡ"}},{"type":"Feature","geometry":{"type":"Point","coordinates":[138.292594,36.690068]},"properties":{"code":2945,"type":"スマートIC","name":"小布施ＳＩＣ"}},{"type":"Feature","geometry":{"type":"Point","coordinates":[138.317356,36.729667]},"properties":{"code":2941,"type":"IC","name":"信州中野ＩＣ"}},{"type":"Feature","geometry":{"type":"Point","coordinates":[138.273454,36.633679]},"properties":{"code":2941,"type":"IC","name":"須坂長野東ＩＣ"}},{"type":"Feature","geometry":{"type":"Point","coordinates":[138.194103,36.864652]},"properties":{"code":2941,"type":"IC","name":"妙高高原ＩＣ"}},{"type":"Feature","geometry":{"type":"Point","coordinates":[138.191872,36.821]},"properties":{"code":2941,"type":"IC","name":"信濃町ＩＣ"}},{"type":"Feature","geometry":{"type":"Point","coordinates":[138.218737,36.806811]},"properties":{"code":2944,"type":"PA","name":"黒姫野尻湖ＰＡ"}},{"type":"Feature","geometry":{"type":"Point","coordinates":[138.321776,36.796261]},"properties":{"code":2941,"type":"IC","name":"豊田飯山ＩＣ"}},{"type":"Feature","geometry":{"type":"Point","coordinates":[138.215089,37.140135]},"properties":{"code":2942,"type":"JCT","name":"上越ＪＣＴ"}},{"type":"Feature","geometry":{"type":"Point","coordinates":[138.225303,37.088836]},"properties":{"code":2941,"type":"IC","name":"上越高田ＩＣ"}},{"type":"Feature","geometry":{"type":"Point","coordinates":[138.223844,37.027328]},"properties":{"code":2944,"type":"PA","name":"新井ＰＡ"}},{"type":"Feature","geometry":{"type":"Point","coordinates":[138.222556,37.026129]},"properties":{"code":2945,"type":"スマートIC","name":"新井ＳＩＣ"}},{"type":"Feature","geometry":{"type":"Point","coordinates":[138.260665,37.150261]},"properties":{"code":2941,"type":"IC","name":"上越ＩＣ"}},{"type":"Feature","geometry":{"type":"Point","coordinates":[138.271823,37.129769]},"properties":{"code":2941,"type":"IC","name":"寺ＩＣ"}},{"type":"Feature","geometry":{"type":"Point","coordinates":[138.280063,37.129426]},"properties":{"code":2941,"type":"IC","name":"門田新田ＩＣ"}},{"type":"Feature","geometry":{"type":"Point","coordinates":[138.300447,37.129734]},"properties":{"code":2941,"type":"IC","name":"鶴町ＩＣ"}},{"type":"Feature","geometry":{"type":"Point","coordinates":[138.220582,36.968478]},"properties":{"code":2941,"type":"IC","name":"中郷ＩＣ"}},{"type":"Feature","geometry":{"type":"Point","coordinates":[138.211784,36.928179]},"properties":{"code":2943,"type":"SA","name":"妙高ＳＡ"}},{"type":"Feature","geometry":{"type":"Point","coordinates":[137.851167,37.026505]},"properties":{"code":2941,"type":"IC","name":"糸魚川ＩＣ"}},{"type":"Feature","geometry":{"type":"Point","coordinates":[137.869835,37.031747]},"properties":{"code":2944,"type":"PA","name":"蓮台寺ＰＡ"}},{"type":"Feature","geometry":{"type":"Point","coordinates":[137.985191,37.089589]},"properties":{"code":2941,"type":"IC","name":"能生ＩＣ"}},{"type":"Feature","geometry":{"type":"Point","coordinates":[137.323866,36.684114]},"properties":{"code":2941,"type":"IC","name":"立山ＩＣ"}},{"type":"Feature","geometry":{"type":"Point","coordinates":[137.34704,36.718935]},"properties":{"code":2945,"type":"スマートIC","name":"上市ＳＩＣ"}},{"type":"Feature","geometry":{"type":"Point","coordinates":[137.132463,36.6805]},"properties":{"code":2941,"type":"IC","name":"富山西ＩＣ"}},{"type":"Feature","geometry":{"type":"Point","coordinates":[137.20499,36.655544]},"properties":{"code":2941,"type":"IC","name":"富山ＩＣ"}},{"type":"Feature","geometry":{"type":"Point","coordinates":[137.265458,36.662842]},"properties":{"code":2945,"type":"スマートIC","name":"流杉ＳＩＣ"}},{"type":"Feature","geometry":{"type":"Point","coordinates":[137.26902,36.664323]},"properties":{"code":2944,"type":"PA","name":"流杉ＰＡ"}},{"type":"Feature","geometry":{"type":"Point","coordinates":[137.427206,36.815469]},"properties":{"code":2941,"type":"IC","name":"魚津ＩＣ"}},{"type":"Feature","geometry":{"type":"Point","coordinates":[137.379355,36.741016]},"properties":{"code":2941,"type":"IC","name":"滑川ＩＣ"}},{"type":"Feature","geometry":{"type":"Point","coordinates":[137.398024,36.77007]},"properties":{"code":2943,"type":"SA","name":"有磯海ＳＡ"}},{"type":"Feature","geometry":{"type":"Point","coordinates":[137.419696,36.796021]},"properties":{"code":2943,"type":"SA","name":"有磯海ＳＡ"}},{"type":"Feature","geometry":{"type":"Point","coordinates":[137.48673,36.882092]},"properties":{"code":2941,"type":"IC","name":"黒部ＩＣ"}},{"type":"Feature","geometry":{"type":"Point","coordinates":[137.512136,36.915245]},"properties":{"code":2945,"type":"スマートIC","name":"入善ＳＩＣ"}},{"type":"Feature","geometry":{"type":"Point","coordinates":[137.513552,36.91648]},"properties":{"code":2944,"type":"PA","name":"入善ＰＡ"}},{"type":"Feature","geometry":{"type":"Point","coordinates":[137.608051,36.972421]},"properties":{"code":2944,"type":"PA","name":"越中境ＰＡ"}},{"type":"Feature","geometry":{"type":"Point","coordinates":[137.55003,36.939877]},"properties":{"code":2941,"type":"IC","name":"朝日ＩＣ"}},{"type":"Feature","geometry":{"type":"Point","coordinates":[137.720704,36.999914]},"properties":{"code":2941,"type":"IC","name":"親不知ＩＣ"}},{"type":"Feature","geometry":{"type":"Point","coordinates":[136.926041,37.285185]},"properties":{"code":2941,"type":"IC","name":"のと里山空港ＩＣ"}},{"type":"Feature","geometry":{"type":"Point","coordinates":[136.898489,37.237401]},"properties":{"code":2941,"type":"IC","name":"穴水ＩＣ"}},{"type":"Feature","geometry":{"type":"Point","coordinates":[136.880765,37.212421]},"properties":{"code":2941,"type":"IC","name":"越の原ＩＣ"}},{"type":"Feature","geometry":{"type":"Point","coordinates":[136.853771,37.180287]},"properties":{"code":2943,"type":"SA","name":"別所岳ＳＡ"}},{"type":"Feature","geometry":{"type":"Point","coordinates":[136.909733,37.321608]},"properties":{"code":2941,"type":"IC","name":"のと三井ＩＣ"}},{"type":"Feature","geometry":{"type":"Point","coordinates":[136.833086,37.136782]},"properties":{"code":2941,"type":"IC","name":"横田ＩＣ"}},{"type":"Feature","geometry":{"type":"Point","coordinates":[136.832786,37.063465]},"properties":{"code":2941,"type":"IC","name":"徳田大津ＩＣ"}},{"type":"Feature","geometry":{"type":"Point","coordinates":[136.841326,37.059321]},"properties":{"code":2942,"type":"JCT","name":"徳田大津ＪＣＴ"}},{"type":"Feature","geometry":{"type":"Point","coordinates":[136.888919,37.055691]},"properties":{"code":2941,"type":"IC","name":"田鶴浜ＩＣ"}},{"type":"Feature","geometry":{"type":"Point","coordinates":[136.952949,37.020681]},"properties":{"code":2941,"type":"IC","name":"七尾ＩＣ"}},{"type":"Feature","geometry":{"type":"Point","coordinates":[136.986766,37.021914]},"properties":{"code":2941,"type":"IC","name":"七尾城山ＩＣ"}},{"type":"Feature","geometry":{"type":"Point","coordinates":[137.004876,36.919877]},"properties":{"code":2941,"type":"IC","name":"灘浦ＩＣ"}},{"type":"Feature","geometry":{"type":"Point","coordinates":[137.04792,36.971975]},"properties":{"code":2941,"type":"IC","name":"七尾大泊ＩＣ"}},{"type":"Feature","geometry":{"type":"Point","coordinates":[137.047319,36.961586]},"properties":{"code":2944,"type":"PA","name":"能越県境ＰＡ"}},{"type":"Feature","geometry":{"type":"Point","coordinates":[136.806264,37.010366]},"properties":{"code":2944,"type":"PA","name":"西山ＰＡ"}},{"type":"Feature","geometry":{"type":"Point","coordinates":[136.809826,37.006185]},"properties":{"code":2941,"type":"IC","name":"西山ＩＣ"}},{"type":"Feature","geometry":{"type":"Point","coordinates":[136.825361,36.983323]},"properties":{"code":2941,"type":"IC","name":"上棚矢駄ＩＣ"}},{"type":"Feature","geometry":{"type":"Point","coordinates":[136.774592,36.915862]},"properties":{"code":2941,"type":"IC","name":"柳田ＩＣ"}},{"type":"Feature","geometry":{"type":"Point","coordinates":[136.765924,36.886211]},"properties":{"code":2941,"type":"IC","name":"千里浜ＩＣ"}},{"type":"Feature","geometry":{"type":"Point","coordinates":[136.758628,36.861905]},"properties":{"code":2944,"type":"PA","name":"志雄ＰＡ"}},{"type":"Feature","geometry":{"type":"Point","coordinates":[136.954966,36.856583]},"properties":{"code":2941,"type":"IC","name":"氷見ＩＣ"}},{"type":"Feature","geometry":{"type":"Point","coordinates":[136.971488,36.877561]},"properties":{"code":2941,"type":"IC","name":"氷見北ＩＣ"}},{"type":"Feature","geometry":{"type":"Point","coordinates":[136.951189,36.807429]},"properties":{"code":2941,"type":"IC","name":"氷見南ＩＣ"}},{"type":"Feature","geometry":{"type":"Point","coordinates":[136.979599,36.771411]},"properties":{"code":2941,"type":"IC","name":"高岡北ＩＣ"}},{"type":"Feature","geometry":{"type":"Point","coordinates":[136.949773,36.707375]},"properties":{"code":2944,"type":"PA","name":"福岡ＰＡ"}},{"type":"Feature","geometry":{"type":"Point","coordinates":[136.96239,36.73799]},"properties":{"code":2941,"type":"IC","name":"高岡ＩＣ"}},{"type":"Feature","geometry":{"type":"Point","coordinates":[136.953506,36.623484]},"properties":{"code":2941,"type":"IC","name":"砺波ＩＣ"}},{"type":"Feature","geometry":{"type":"Point","coordinates":[137.002559,36.656163]},"properties":{"code":2945,"type":"スマートIC","name":"高岡砺波ＳＩＣ"}},{"type":"Feature","geometry":{"type":"Point","coordinates":[137.03084,36.67014]},"properties":{"code":2944,"type":"PA","name":"高岡ＰＡ"}},{"type":"Feature","geometry":{"type":"Point","coordinates":[137.080708,36.690962]},"properties":{"code":2941,"type":"IC","name":"小杉ＩＣ"}},{"type":"Feature","geometry":{"type":"Point","coordinates":[137.108431,36.682221]},"properties":{"code":2944,"type":"PA","name":"呉羽ＰＡ"}},{"type":"Feature","geometry":{"type":"Point","coordinates":[136.920805,36.689792]},"properties":{"code":2941,"type":"IC","name":"福岡ＩＣ"}},{"type":"Feature","geometry":{"type":"Point","coordinates":[136.84978,36.629649]},"properties":{"code":2941,"type":"IC","name":"小矢部ＩＣ"}},{"type":"Feature","geometry":{"type":"Point","coordinates":[136.874671,36.626687]},"properties":{"code":2943,"type":"SA","name":"小矢部川ＳＡ"}},{"type":"Feature","geometry":{"type":"Point","coordinates":[136.910548,36.651653]},"properties":{"code":2941,"type":"IC","name":"小矢部東ＩＣ"}},{"type":"Feature","geometry":{"type":"Point","coordinates":[136.90836,36.63051]},"properties":{"code":2942,"type":"JCT","name":"小矢部砺波ＪＣＴ"}},{"type":"Feature","geometry":{"type":"Point","coordinates":[136.902051,36.599371]},"properties":{"code":2945,"type":"スマートIC","name":"南砺ＳＩＣ"}},{"type":"Feature","geometry":{"type":"Point","coordinates":[136.653056,36.675923]},"properties":{"code":2941,"type":"IC","name":"内灘白帆台ＩＣ"}},{"type":"Feature","geometry":{"type":"Point","coordinates":[136.636105,36.652789]},"properties":{"code":2941,"type":"IC","name":"大根布ＪＣＴ"}},{"type":"Feature","geometry":{"type":"Point","coordinates":[136.646404,36.666904]},"properties":{"code":2941,"type":"IC","name":"内灘ＩＣ"}},{"type":"Feature","geometry":{"type":"Point","coordinates":[136.682625,36.717834]},"properties":{"code":2941,"type":"IC","name":"白尾ＩＣ"}},{"type":"Feature","geometry":{"type":"Point","coordinates":[136.674771,36.607295]},"properties":{"code":2941,"type":"IC","name":"金沢東ＩＣ"}},{"type":"Feature","geometry":{"type":"Point","coordinates":[136.707816,36.606502]},"properties":{"code":2941,"type":"IC","name":"金沢森本ＩＣ"}},{"type":"Feature","geometry":{"type":"Point","coordinates":[136.721163,36.605469]},"properties":{"code":2944,"type":"PA","name":"不動寺ＰＡ"}},{"type":"Feature","geometry":{"type":"Point","coordinates":[136.752319,36.839824]},"properties":{"code":2941,"type":"IC","name":"今浜ＩＣ"}},{"type":"Feature","geometry":{"type":"Point","coordinates":[136.739488,36.814473]},"properties":{"code":2941,"type":"IC","name":"米出ＩＣ"}},{"type":"Feature","geometry":{"type":"Point","coordinates":[136.709833,36.76237]},"properties":{"code":2941,"type":"IC","name":"高松ＩＣ"}},{"type":"Feature","geometry":{"type":"Point","coordinates":[136.722665,36.784095]},"properties":{"code":2941,"type":"IC","name":"県立看護大ＩＣ"}},{"type":"Feature","geometry":{"type":"Point","coordinates":[139.861665,38.959275]},"properties":{"code":2941,"type":"IC","name":"酒田みなとＩＣ"}},{"type":"Feature","geometry":{"type":"Point","coordinates":[139.875011,38.898247]},"properties":{"code":2941,"type":"IC","name":"酒田中央ＩＣ"}},{"type":"Feature","geometry":{"type":"Point","coordinates":[139.837461,38.868716]},"properties":{"code":2941,"type":"IC","name":"酒田ＩＣ"}},{"type":"Feature","geometry":{"type":"Point","coordinates":[139.865913,39.03482]},"properties":{"code":2941,"type":"IC","name":"遊佐菅里ＩＣ"}},{"type":"Feature","geometry":{"type":"Point","coordinates":[139.893079,39.052785]},"properties":{"code":2941,"type":"IC","name":"遊佐鳥海ＩＣ"}},{"type":"Feature","geometry":{"type":"Point","coordinates":[139.857073,39.004612]},"properties":{"code":2941,"type":"IC","name":"遊佐比子ＩＣ"}},{"type":"Feature","geometry":{"type":"Point","coordinates":[139.931016,39.253591]},"properties":{"code":2941,"type":"IC","name":"金浦ＩＣ"}},{"type":"Feature","geometry":{"type":"Point","coordinates":[139.977794,39.294819]},"properties":{"code":2941,"type":"IC","name":"仁賀保ＩＣ"}},{"type":"Feature","geometry":{"type":"Point","coordinates":[140.02912,39.322612]},"properties":{"code":2944,"type":"PA","name":"西目ＰＡ"}},{"type":"Feature","geometry":{"type":"Point","coordinates":[140.075254,39.36443]},"properties":{"code":2941,"type":"IC","name":"本荘ＩＣ"}},{"type":"Feature","geometry":{"type":"Point","coordinates":[139.92475,39.195245]},"properties":{"code":2941,"type":"IC","name":"象潟ＩＣ"}},{"type":"Feature","geometry":{"type":"Point","coordinates":[140.429006,39.049286]},"properties":{"code":2941,"type":"IC","name":"下院内ＩＣ"}},{"type":"Feature","geometry":{"type":"Point","coordinates":[140.35326,38.943456]},"properties":{"code":2941,"type":"IC","name":"中田ＩＣ"}},{"type":"Feature","geometry":{"type":"Point","coordinates":[140.327554,38.835429]},"properties":{"code":2941,"type":"IC","name":"新庄真室川ＩＣ"}},{"type":"Feature","geometry":{"type":"Point","coordinates":[140.463853,39.062116]},"properties":{"code":2941,"type":"IC","name":"雄勝こまちＩＣ"}},{"type":"Feature","geometry":{"type":"Point","coordinates":[140.483894,39.089634]},"properties":{"code":2941,"type":"IC","name":"須川ＩＣ"}},{"type":"Feature","geometry":{"type":"Point","coordinates":[140.481148,39.172758]},"properties":{"code":2941,"type":"IC","name":"湯沢ＩＣ"}},{"type":"Feature","geometry":{"type":"Point","coordinates":[140.482864,39.138615]},"properties":{"code":2941,"type":"IC","name":"三関ＩＣ"}},{"type":"Feature","geometry":{"type":"Point","coordinates":[140.512648,39.3257]},"properties":{"code":2945,"type":"スマートIC","name":"横手北ＳＩＣ"}},{"type":"Feature","geometry":{"type":"Point","coordinates":[140.521188,39.235976]},"properties":{"code":2941,"type":"IC","name":"十文字ＩＣ"}},{"type":"Feature","geometry":{"type":"Point","coordinates":[140.551744,39.288243]},"properties":{"code":2941,"type":"IC","name":"横手ＩＣ"}},{"type":"Feature","geometry":{"type":"Point","coordinates":[140.544276,39.279839]},"properties":{"code":2942,"type":"JCT","name":"横手ＪＣＴ"}},{"type":"Feature","geometry":{"type":"Point","coordinates":[140.485911,39.437452]},"properties":{"code":2941,"type":"IC","name":"飯田ＩＣ"}},{"type":"Feature","geometry":{"type":"Point","coordinates":[140.282235,39.596893]},"properties":{"code":2941,"type":"IC","name":"協和ＩＣ"}},{"type":"Feature","geometry":{"type":"Point","coordinates":[140.322404,39.543367]},"properties":{"code":2943,"type":"SA","name":"西仙北ＳＡ"}},{"type":"Feature","geometry":{"type":"Point","coordinates":[140.323477,39.541878]},"properties":{"code":2945,"type":"スマートIC","name":"西仙北ＳＩＣ"}},{"type":"Feature","geometry":{"type":"Point","coordinates":[140.4248,39.426647]},"properties":{"code":2941,"type":"IC","name":"大曲ＩＣ"}},{"type":"Feature","geometry":{"type":"Point","coordinates":[140.427289,39.428238]},"properties":{"code":2941,"type":"IC","name":"伊岡ＩＣ"}},{"type":"Feature","geometry":{"type":"Point","coordinates":[140.447717,39.430624]},"properties":{"code":2941,"type":"IC","name":"山根ＩＣ"}},{"type":"Feature","geometry":{"type":"Point","coordinates":[140.444069,39.408876]},"properties":{"code":2944,"type":"PA","name":"大森ＰＡ"}},{"type":"Feature","geometry":{"type":"Point","coordinates":[140.060406,39.501392]},"properties":{"code":2941,"type":"IC","name":"松ヶ崎亀田ＩＣ"}},{"type":"Feature","geometry":{"type":"Point","coordinates":[140.069976,39.442987]},"properties":{"code":2942,"type":"JCT","name":"大内ＪＣＴ"}},{"type":"Feature","geometry":{"type":"Point","coordinates":[140.078173,39.444081]},"properties":{"code":2941,"type":"IC","name":"大内ⅠＣ"}},{"type":"Feature","geometry":{"type":"Point","coordinates":[140.07328,39.547438]},"properties":{"code":2941,"type":"IC","name":"岩城ＩＣ"}},{"type":"Feature","geometry":{"type":"Point","coordinates":[140.183659,39.636233]},"properties":{"code":2941,"type":"IC","name":"秋田空港ＩＣ"}},{"type":"Feature","geometry":{"type":"Point","coordinates":[140.154819,39.747817]},"properties":{"code":2944,"type":"PA","name":"太平山ＰＡ"}},{"type":"Feature","geometry":{"type":"Point","coordinates":[140.181041,39.722735]},"properties":{"code":2941,"type":"IC","name":"秋田中央ＩＣ"}},{"type":"Feature","geometry":{"type":"Point","coordinates":[140.189838,39.661709]},"properties":{"code":2941,"type":"IC","name":"秋田南ＩＣ"}},{"type":"Feature","geometry":{"type":"Point","coordinates":[140.211039,39.64]},"properties":{"code":2942,"type":"JCT","name":"河辺ＪＣＴ"}},{"type":"Feature","geometry":{"type":"Point","coordinates":[140.072336,39.85731]},"properties":{"code":2941,"type":"IC","name":"昭和男鹿半島ＩＣ"}},{"type":"Feature","geometry":{"type":"Point","coordinates":[140.112762,39.781861]},"properties":{"code":2941,"type":"IC","name":"秋田北ＩＣ"}},{"type":"Feature","geometry":{"type":"Point","coordinates":[140.530801,40.271602]},"properties":{"code":2941,"type":"IC","name":"大館南ＩＣ"}},{"type":"Feature","geometry":{"type":"Point","coordinates":[140.515866,40.25025]},"properties":{"code":2941,"type":"IC","name":"二井田真中ＩＣ"}},{"type":"Feature","geometry":{"type":"Point","coordinates":[140.56406,40.303684]},"properties":{"code":2941,"type":"IC","name":"大館北ＩＣ"}},{"type":"Feature","geometry":{"type":"Point","coordinates":[140.577021,40.311865]},"properties":{"code":2944,"type":"PA","name":"釈迦内ＰＡ"}},{"type":"Feature","geometry":{"type":"Point","coordinates":[140.302234,40.21385]},"properties":{"code":2941,"type":"IC","name":"北秋田今泉ＩＣ"}},{"type":"Feature","geometry":{"type":"Point","coordinates":[140.314465,40.205919]},"properties":{"code":2941,"type":"IC","name":"蟹沢ＩＣ"}},{"type":"Feature","geometry":{"type":"Point","coordinates":[140.334163,40.207394]},"properties":{"code":2941,"type":"IC","name":"伊勢堂岱ＩＣ"}},{"type":"Feature","geometry":{"type":"Point","coordinates":[140.374374,40.19874]},"properties":{"code":2941,"type":"IC","name":"大館能代空港ＩＣ"}},{"type":"Feature","geometry":{"type":"Point","coordinates":[140.39609,40.202084]},"properties":{"code":2941,"type":"IC","name":"鷹巣ＩＣ"}},{"type":"Feature","geometry":{"type":"Point","coordinates":[140.191941,40.207426]},"properties":{"code":2941,"type":"IC","name":"二ツ井白神ＩＣ"}},{"type":"Feature","geometry":{"type":"Point","coordinates":[140.260735,40.218143]},"properties":{"code":2941,"type":"IC","name":"きみまち阪ＩＣ"}},{"type":"Feature","geometry":{"type":"Point","coordinates":[140.080705,40.183988]},"properties":{"code":2941,"type":"IC","name":"能代東ＩＣ"}},{"type":"Feature","geometry":{"type":"Point","coordinates":[140.022769,40.153162]},"properties":{"code":2941,"type":"IC","name":"能代南ＩＣ"}},{"type":"Feature","geometry":{"type":"Point","coordinates":[140.011225,40.118187]},"properties":{"code":2941,"type":"IC","name":"八竜ＩＣ"}},{"type":"Feature","geometry":{"type":"Point","coordinates":[140.088472,40.032774]},"properties":{"code":2941,"type":"IC","name":"琴丘森岳ＩＣ"}},{"type":"Feature","geometry":{"type":"Point","coordinates":[140.087056,40.009472]},"properties":{"code":2943,"type":"SA","name":"八郎湖ＳＡ"}},{"type":"Feature","geometry":{"type":"Point","coordinates":[140.097141,39.94847]},"properties":{"code":2941,"type":"IC","name":"五城目八郎潟ＩＣ"}},{"type":"Feature","geometry":{"type":"Point","coordinates":[140.237818,40.781776]},"properties":{"code":2941,"type":"IC","name":"鰺ヶ沢ＩＣ"}},{"type":"Feature","geometry":{"type":"Point","coordinates":[140.248632,40.782296]},"properties":{"code":2941,"type":"IC","name":"南浮田ＩＣ"}},{"type":"Feature","geometry":{"type":"Point","coordinates":[140.558567,40.54795]},"properties":{"code":2941,"type":"IC","name":"大鰐弘前ＩＣ"}},{"type":"Feature","geometry":{"type":"Point","coordinates":[140.580797,40.566437]},"properties":{"code":2943,"type":"SA","name":"津軽ＳＡ"}},{"type":"Feature","geometry":{"type":"Point","coordinates":[140.618262,40.50822]},"properties":{"code":2944,"type":"PA","name":"阿闍羅ＰＡ"}},{"type":"Feature","geometry":{"type":"Point","coordinates":[140.624313,40.683307]},"properties":{"code":2944,"type":"PA","name":"高舘ＰＡ"}},{"type":"Feature","geometry":{"type":"Point","coordinates":[140.616417,40.621966]},"properties":{"code":2941,"type":"IC","name":"黒石ＩＣ"}},{"type":"Feature","geometry":{"type":"Point","coordinates":[140.449305,40.827157]},"properties":{"code":2941,"type":"IC","name":"五所川原北ＩＣ"}},{"type":"Feature","geometry":{"type":"Point","coordinates":[140.479774,40.801758]},"properties":{"code":2941,"type":"IC","name":"五所川原ＩＣ"}},{"type":"Feature","geometry":{"type":"Point","coordinates":[140.501361,40.777162]},"properties":{"code":2941,"type":"IC","name":"五所川原東ＩＣ"}},{"type":"Feature","geometry":{"type":"Point","coordinates":[140.603242,40.739031]},"properties":{"code":2941,"type":"IC","name":"浪岡ＩＣ"}},{"type":"Feature","geometry":{"type":"Point","coordinates":[140.421882,40.806176]},"properties":{"code":2941,"type":"IC","name":"つがる柏ＩＣ"}},{"type":"Feature","geometry":{"type":"Point","coordinates":[140.675983,40.797892]},"properties":{"code":2942,"type":"JCT","name":"青森ＪＣＴ"}},{"type":"Feature","geometry":{"type":"Point","coordinates":[140.688643,40.813582]},"properties":{"code":2941,"type":"IC","name":"青森ＩＣ"}},{"type":"Feature","geometry":{"type":"Point","coordinates":[140.742803,40.796495]},"properties":{"code":2941,"type":"IC","name":"青森中央ＩＣ"}},{"type":"Feature","geometry":{"type":"Point","coordinates":[140.843396,40.831281]},"properties":{"code":2941,"type":"IC","name":"青森東ＩＣ"}},{"type":"Feature","geometry":{"type":"Point","coordinates":[141.216116,40.93005]},"properties":{"code":2941,"type":"IC","name":"野辺地北ＩＣ"}},{"type":"Feature","geometry":{"type":"Point","coordinates":[141.171312,40.885746]},"properties":{"code":2941,"type":"IC","name":"野辺地木明ＩＣ"}},{"type":"Feature","geometry":{"type":"Point","coordinates":[141.265125,40.971474]},"properties":{"code":2941,"type":"IC","name":"六ヶ所ＩＣ"}},{"type":"Feature","geometry":{"type":"Point","coordinates":[141.212296,40.732137]},"properties":{"code":2941,"type":"IC","name":"七戸ＩＣ"}},{"type":"Feature","geometry":{"type":"Point","coordinates":[141.235986,40.718835]},"properties":{"code":2941,"type":"IC","name":"東北ＩＣ"}},{"type":"Feature","geometry":{"type":"Point","coordinates":[141.12505,40.839334]},"properties":{"code":2941,"type":"IC","name":"野辺地ＩＣ"}},{"type":"Feature","geometry":{"type":"Point","coordinates":[141.147065,40.787398]},"properties":{"code":2941,"type":"IC","name":"七戸北ＩＣ"}},{"type":"Feature","geometry":{"type":"Point","coordinates":[141.278086,40.68949]},"properties":{"code":2941,"type":"IC","name":"上北ＩＣ"}},{"type":"Feature","geometry":{"type":"Point","coordinates":[141.310058,40.669767]},"properties":{"code":2941,"type":"IC","name":"六戸・三沢ＩＣ"}},{"type":"Feature","geometry":{"type":"Point","coordinates":[140.637617,40.466605]},"properties":{"code":2941,"type":"IC","name":"碇ヶ関ＩＣ"}},{"type":"Feature","geometry":{"type":"Point","coordinates":[140.708942,40.37143]},"properties":{"code":2941,"type":"IC","name":"小坂北ＩＣ"}},{"type":"Feature","geometry":{"type":"Point","coordinates":[140.714178,40.371757]},"properties":{"code":2942,"type":"JCT","name":"小坂ＪＣＴ"}},{"type":"Feature","geometry":{"type":"Point","coordinates":[140.730786,40.34517]},"properties":{"code":2944,"type":"PA","name":"小坂ＰＡ"}},{"type":"Feature","geometry":{"type":"Point","coordinates":[140.735464,40.320111]},"properties":{"code":2941,"type":"IC","name":"小坂ＩＣ"}},{"type":"Feature","geometry":{"type":"Point","coordinates":[140.802026,40.184808]},"properties":{"code":2943,"type":"SA","name":"花輪ＳＡ"}},{"type":"Feature","geometry":{"type":"Point","coordinates":[140.766792,40.255687]},"properties":{"code":2941,"type":"IC","name":"十和田ＩＣ"}},{"type":"Feature","geometry":{"type":"Point","coordinates":[140.804558,40.162116]},"properties":{"code":2941,"type":"IC","name":"鹿角八幡平ＩＣ"}},{"type":"Feature","geometry":{"type":"Point","coordinates":[140.835671,40.126227]},"properties":{"code":2944,"type":"PA","name":"湯瀬ＰＡ"}},{"type":"Feature","geometry":{"type":"Point","coordinates":[140.960813,40.136464]},"properties":{"code":2944,"type":"PA","name":"田山ＰＡ"}},{"type":"Feature","geometry":{"type":"Point","coordinates":[141.019392,40.057479]},"properties":{"code":2944,"type":"PA","name":"畑ＰＡ"}},{"type":"Feature","geometry":{"type":"Point","coordinates":[141.048274,40.109293]},"properties":{"code":2941,"type":"IC","name":"安代ＩＣ"}},{"type":"Feature","geometry":{"type":"Point","coordinates":[141.060247,40.1045]},"properties":{"code":2942,"type":"JCT","name":"安代ＪＣＴ"}},{"type":"Feature","geometry":{"type":"Point","coordinates":[141.026258,39.970279]},"properties":{"code":2944,"type":"PA","name":"前森山ＰＡ"}},{"type":"Feature","geometry":{"type":"Point","coordinates":[141.031408,39.94824]},"properties":{"code":2941,"type":"IC","name":"松尾八幡平ＩＣ"}},{"type":"Feature","geometry":{"type":"Point","coordinates":[141.046729,39.914443]},"properties":{"code":2943,"type":"SA","name":"岩手山ＳＡ"}},{"type":"Feature","geometry":{"type":"Point","coordinates":[141.175475,40.192971]},"properties":{"code":2941,"type":"IC","name":"浄法寺ＩＣ"}},{"type":"Feature","geometry":{"type":"Point","coordinates":[141.22045,40.212375]},"properties":{"code":2944,"type":"PA","name":"二戸ＰＡ"}},{"type":"Feature","geometry":{"type":"Point","coordinates":[141.296883,40.232691]},"properties":{"code":2941,"type":"IC","name":"一戸ＩＣ"}},{"type":"Feature","geometry":{"type":"Point","coordinates":[141.449575,40.444204]},"properties":{"code":2944,"type":"PA","name":"福地ＰＡ"}},{"type":"Feature","geometry":{"type":"Point","coordinates":[141.44361,40.40768]},"properties":{"code":2941,"type":"IC","name":"南郷ＩＣ"}},{"type":"Feature","geometry":{"type":"Point","coordinates":[141.449189,40.327146]},"properties":{"code":2941,"type":"IC","name":"軽米ＩＣ"}},{"type":"Feature","geometry":{"type":"Point","coordinates":[141.402497,40.252215]},"properties":{"code":2941,"type":"IC","name":"九戸ＩＣ"}},{"type":"Feature","geometry":{"type":"Point","coordinates":[141.422796,40.296483]},"properties":{"code":2943,"type":"SA","name":"折爪ＳＡ"}},{"type":"Feature","geometry":{"type":"Point","coordinates":[141.772642,40.163362]},"properties":{"code":2941,"type":"IC","name":"久慈南ＩＣ"}},{"type":"Feature","geometry":{"type":"Point","coordinates":[141.774359,40.134528]},"properties":{"code":2941,"type":"IC","name":"久慈宇部ＩＣ"}},{"type":"Feature","geometry":{"type":"Point","coordinates":[141.805558,40.112706]},"properties":{"code":2941,"type":"IC","name":"野田ＩＣ"}},{"type":"Feature","geometry":{"type":"Point","coordinates":[141.840062,39.941396]},"properties":{"code":2941,"type":"IC","name":"田野畑北ＩＣ"}},{"type":"Feature","geometry":{"type":"Point","coordinates":[141.86976,40.040134]},"properties":{"code":2941,"type":"IC","name":"普代北ＩＣ"}},{"type":"Feature","geometry":{"type":"Point","coordinates":[141.887913,40.004114]},"properties":{"code":2941,"type":"IC","name":"普代ＩＣ"}},{"type":"Feature","geometry":{"type":"Point","coordinates":[141.893878,39.924614]},"properties":{"code":2941,"type":"IC","name":"田野畑中央ＩＣ"}},{"type":"Feature","geometry":{"type":"Point","coordinates":[141.90053,39.913324]},"properties":{"code":2941,"type":"IC","name":"田野畑思惟ＩＣ"}},{"type":"Feature","geometry":{"type":"Point","coordinates":[141.786075,40.281621]},"properties":{"code":2941,"type":"IC","name":"侍浜ＩＣ"}},{"type":"Feature","geometry":{"type":"Point","coordinates":[141.788692,40.262302]},"properties":{"code":2941,"type":"IC","name":"侍浜南ＩＣ"}},{"type":"Feature","geometry":{"type":"Point","coordinates":[141.781526,40.221059]},"properties":{"code":2941,"type":"IC","name":"久慈北ＩＣ"}},{"type":"Feature","geometry":{"type":"Point","coordinates":[141.782255,40.197233]},"properties":{"code":2941,"type":"IC","name":"久慈ＩＣ"}},{"type":"Feature","geometry":{"type":"Point","coordinates":[141.701703,40.407582]},"properties":{"code":2941,"type":"IC","name":"洋野種市ＩＣ"}},{"type":"Feature","geometry":{"type":"Point","coordinates":[141.74655,40.359593]},"properties":{"code":2941,"type":"IC","name":"洋野宿戸ＩＣ"}},{"type":"Feature","geometry":{"type":"Point","coordinates":[141.761184,40.323514]},"properties":{"code":2941,"type":"IC","name":"洋野有家ＩＣ"}},{"type":"Feature","geometry":{"type":"Point","coordinates":[141.511331,40.479174]},"properties":{"code":2941,"type":"IC","name":"八戸是川ＩＣ"}},{"type":"Feature","geometry":{"type":"Point","coordinates":[141.554847,40.48061]},"properties":{"code":2941,"type":"IC","name":"八戸南ＩＣ"}},{"type":"Feature","geometry":{"type":"Point","coordinates":[141.594801,40.471371]},"properties":{"code":2941,"type":"IC","name":"種差海岸階上岳ＩＣ"}},{"type":"Feature","geometry":{"type":"Point","coordinates":[141.646299,40.44809]},"properties":{"code":2941,"type":"IC","name":"階上ＩＣ"}},{"type":"Feature","geometry":{"type":"Point","coordinates":[141.432152,40.55695]},"properties":{"code":2941,"type":"IC","name":"八戸北ＩＣ"}},{"type":"Feature","geometry":{"type":"Point","coordinates":[141.416659,40.518791]},"properties":{"code":2945,"type":"スマートIC","name":"八戸西ＳＩＣ"}},{"type":"Feature","geometry":{"type":"Point","coordinates":[141.458201,40.461446]},"properties":{"code":2942,"type":"JCT","name":"八戸ＪＣＴ"}},{"type":"Feature","geometry":{"type":"Point","coordinates":[141.464725,40.493796]},"properties":{"code":2941,"type":"IC","name":"八戸ＩＣ"}},{"type":"Feature","geometry":{"type":"Point","coordinates":[141.352201,40.650397]},"properties":{"code":2942,"type":"JCT","name":"六戸ＪＣＴ"}},{"type":"Feature","geometry":{"type":"Point","coordinates":[141.372671,40.643526]},"properties":{"code":2941,"type":"IC","name":"三沢・十和田・下田ＩＣ"}},{"type":"Feature","geometry":{"type":"Point","coordinates":[141.421638,40.601246]},"properties":{"code":2941,"type":"IC","name":"下田・百石ＩＣ"}},{"type":"Feature","geometry":{"type":"Point","coordinates":[141.712732,39.03472]},"properties":{"code":2941,"type":"IC","name":"大船渡碁石海岸ＩＣ"}},{"type":"Feature","geometry":{"type":"Point","coordinates":[141.591024,38.913543]},"properties":{"code":2941,"type":"IC","name":"気仙沼鹿折ＩＣ"}},{"type":"Feature","geometry":{"type":"Point","coordinates":[141.586046,38.885354]},"properties":{"code":2941,"type":"IC","name":"気仙沼港ＩＣ"}},{"type":"Feature","geometry":{"type":"Point","coordinates":[141.577635,38.87159]},"properties":{"code":2941,"type":"IC","name":"気仙沼中央ＩＣ"}},{"type":"Feature","geometry":{"type":"Point","coordinates":[141.559224,38.837468]},"properties":{"code":2941,"type":"IC","name":"岩井崎ＩＣ"}},{"type":"Feature","geometry":{"type":"Point","coordinates":[141.628146,38.952267]},"properties":{"code":2941,"type":"IC","name":"唐桑小原木ＩＣ"}},{"type":"Feature","geometry":{"type":"Point","coordinates":[141.616216,38.931172]},"properties":{"code":2941,"type":"IC","name":"唐桑半島ＩＣ（入口）"}},{"type":"Feature","geometry":{"type":"Point","coordinates":[141.601667,38.924862]},"properties":{"code":2941,"type":"IC","name":"唐桑半島ＩＣ（出口）"}},{"type":"Feature","geometry":{"type":"Point","coordinates":[141.594844,38.896711]},"properties":{"code":2941,"type":"IC","name":"浦島大島ＩＣ"}},{"type":"Feature","geometry":{"type":"Point","coordinates":[141.628489,39.030419]},"properties":{"code":2941,"type":"IC","name":"陸前高田ＩＣ"}},{"type":"Feature","geometry":{"type":"Point","coordinates":[141.612611,38.986034]},"properties":{"code":2941,"type":"IC","name":"陸前高田長部ＩＣ"}},{"type":"Feature","geometry":{"type":"Point","coordinates":[141.67634,39.026352]},"properties":{"code":2941,"type":"IC","name":"通岡ＩＣ"}},{"type":"Feature","geometry":{"type":"Point","coordinates":[141.403785,39.29379]},"properties":{"code":2941,"type":"IC","name":"宮守ＩＣ"}},{"type":"Feature","geometry":{"type":"Point","coordinates":[141.502619,39.324671]},"properties":{"code":2941,"type":"IC","name":"遠野ＩＣ"}},{"type":"Feature","geometry":{"type":"Point","coordinates":[141.587119,39.265753]},"properties":{"code":2941,"type":"IC","name":"遠野住田ＩＣ"}},{"type":"Feature","geometry":{"type":"Point","coordinates":[141.674495,39.238037]},"properties":{"code":2941,"type":"IC","name":"滝観洞ＩＣ"}},{"type":"Feature","geometry":{"type":"Point","coordinates":[141.774187,39.252794]},"properties":{"code":2941,"type":"IC","name":"釜石仙人峠ＩＣ"}},{"type":"Feature","geometry":{"type":"Point","coordinates":[141.844611,39.266318]},"properties":{"code":2941,"type":"IC","name":"釜石中央ＩＣ"}},{"type":"Feature","geometry":{"type":"Point","coordinates":[141.837144,39.254455]},"properties":{"code":2942,"type":"JCT","name":"釜石ＪＣＴ"}},{"type":"Feature","geometry":{"type":"Point","coordinates":[141.708312,39.107419]},"properties":{"code":2941,"type":"IC","name":"大船渡ＩＣ"}},{"type":"Feature","geometry":{"type":"Point","coordinates":[141.735477,39.125599]},"properties":{"code":2941,"type":"IC","name":"大船渡北ＩＣ"}},{"type":"Feature","geometry":{"type":"Point","coordinates":[141.851521,39.189757]},"properties":{"code":2941,"type":"IC","name":"釜石南ＩＣ"}},{"type":"Feature","geometry":{"type":"Point","coordinates":[141.79616,39.124434]},"properties":{"code":2941,"type":"IC","name":"三陸ＩＣ"}},{"type":"Feature","geometry":{"type":"Point","coordinates":[141.828904,39.149299]},"properties":{"code":2941,"type":"IC","name":"吉浜ＩＣ"}},{"type":"Feature","geometry":{"type":"Point","coordinates":[141.867142,39.218057]},"properties":{"code":2941,"type":"IC","name":"釜石唐丹ＩＣ"}},{"type":"Feature","geometry":{"type":"Point","coordinates":[141.87993,39.336223]},"properties":{"code":2941,"type":"IC","name":"釜石北ＩＣ"}},{"type":"Feature","geometry":{"type":"Point","coordinates":[141.872334,39.300233]},"properties":{"code":2941,"type":"IC","name":"釜石両石ＩＣ"}},{"type":"Feature","geometry":{"type":"Point","coordinates":[141.900487,39.371729]},"properties":{"code":2941,"type":"IC","name":"大槌ＩＣ"}},{"type":"Feature","geometry":{"type":"Point","coordinates":[141.949239,39.480924]},"properties":{"code":2941,"type":"IC","name":"山田ＩＣ"}},{"type":"Feature","geometry":{"type":"Point","coordinates":[141.968851,39.420481]},"properties":{"code":2941,"type":"IC","name":"山田南ＩＣ"}},{"type":"Feature","geometry":{"type":"Point","coordinates":[141.889372,39.632201]},"properties":{"code":2941,"type":"IC","name":"宮古根市ＩＣ"}},{"type":"Feature","geometry":{"type":"Point","coordinates":[141.903062,39.624069]},"properties":{"code":2941,"type":"IC","name":"宮古田鎖ＩＣ"}},{"type":"Feature","geometry":{"type":"Point","coordinates":[141.920013,39.622846]},"properties":{"code":2941,"type":"IC","name":"宮古中央ＩＣ"}},{"type":"Feature","geometry":{"type":"Point","coordinates":[141.929626,39.623904]},"properties":{"code":2942,"type":"JCT","name":"宮古中央ＪＣＴ"}},{"type":"Feature","geometry":{"type":"Point","coordinates":[141.93924,39.596264]},"properties":{"code":2941,"type":"IC","name":"宮古南ＩＣ"}},{"type":"Feature","geometry":{"type":"Point","coordinates":[141.920443,39.54029]},"properties":{"code":2941,"type":"IC","name":"山田北ＩＣ"}},{"type":"Feature","geometry":{"type":"Point","coordinates":[141.929326,39.65302]},"properties":{"code":2941,"type":"IC","name":"宮古北ＩＣ"}},{"type":"Feature","geometry":{"type":"Point","coordinates":[141.965761,39.751974]},"properties":{"code":2941,"type":"IC","name":"田老真崎海岸ＩＣ"}},{"type":"Feature","geometry":{"type":"Point","coordinates":[141.959453,39.730855]},"properties":{"code":2941,"type":"IC","name":"田老南ＩＣ"}},{"type":"Feature","geometry":{"type":"Point","coordinates":[141.917653,39.886887]},"properties":{"code":2941,"type":"IC","name":"田野畑南ＩＣ"}},{"type":"Feature","geometry":{"type":"Point","coordinates":[141.924047,39.875822]},"properties":{"code":2941,"type":"IC","name":"鵜の巣断崖ＩＣ"}},{"type":"Feature","geometry":{"type":"Point","coordinates":[141.955504,39.841726]},"properties":{"code":2941,"type":"IC","name":"岩泉龍泉洞ＩＣ"}},{"type":"Feature","geometry":{"type":"Point","coordinates":[141.962972,39.823567]},"properties":{"code":2941,"type":"IC","name":"岩泉南ＩＣ"}},{"type":"Feature","geometry":{"type":"Point","coordinates":[141.96516,39.786708]},"properties":{"code":2941,"type":"IC","name":"田老北ＩＣ"}},{"type":"Feature","geometry":{"type":"Point","coordinates":[141.218433,39.38261]},"properties":{"code":2941,"type":"IC","name":"東和ＩＣ"}},{"type":"Feature","geometry":{"type":"Point","coordinates":[141.109514,39.444578]},"properties":{"code":2941,"type":"IC","name":"花巻ＩＣ"}},{"type":"Feature","geometry":{"type":"Point","coordinates":[141.101403,39.421608]},"properties":{"code":2942,"type":"JCT","name":"花巻ＪＣＴ"}},{"type":"Feature","geometry":{"type":"Point","coordinates":[141.091275,39.38606]},"properties":{"code":2941,"type":"IC","name":"花巻南ＩＣ"}},{"type":"Feature","geometry":{"type":"Point","coordinates":[141.092477,39.369208]},"properties":{"code":2944,"type":"PA","name":"花巻ＰＡ"}},{"type":"Feature","geometry":{"type":"Point","coordinates":[141.092219,39.368511]},"properties":{"code":2945,"type":"スマートIC","name":"花巻ＰＡＳＩＣ"}},{"type":"Feature","geometry":{"type":"Point","coordinates":[141.139941,39.40944]},"properties":{"code":2941,"type":"IC","name":"花巻空港ＩＣ"}},{"type":"Feature","geometry":{"type":"Point","coordinates":[141.129942,39.618813]},"properties":{"code":2945,"type":"スマートIC","name":"矢巾ＳＩＣ"}},{"type":"Feature","geometry":{"type":"Point","coordinates":[141.129384,39.61802]},"properties":{"code":2944,"type":"PA","name":"矢巾ＰＡ"}},{"type":"Feature","geometry":{"type":"Point","coordinates":[141.101832,39.514537]},"properties":{"code":2943,"type":"SA","name":"紫波ＳＡ"}},{"type":"Feature","geometry":{"type":"Point","coordinates":[141.115093,39.555876]},"properties":{"code":2941,"type":"IC","name":"紫波ＩＣ"}},{"type":"Feature","geometry":{"type":"Point","coordinates":[141.177578,39.660718]},"properties":{"code":2941,"type":"IC","name":"手代森ＩＣ"}},{"type":"Feature","geometry":{"type":"Point","coordinates":[141.212382,39.669968]},"properties":{"code":2941,"type":"IC","name":"田の沢ＩＣ"}},{"type":"Feature","geometry":{"type":"Point","coordinates":[141.089902,39.883462]},"properties":{"code":2941,"type":"IC","name":"西根ＩＣ"}},{"type":"Feature","geometry":{"type":"Point","coordinates":[141.111875,39.79792]},"properties":{"code":2941,"type":"IC","name":"滝沢ＩＣ"}},{"type":"Feature","geometry":{"type":"Point","coordinates":[141.109257,39.780607]},"properties":{"code":2944,"type":"PA","name":"滝沢ＰＡ"}},{"type":"Feature","geometry":{"type":"Point","coordinates":[141.094151,39.746002]},"properties":{"code":2945,"type":"スマートIC","name":"滝沢中央ＳＩＣ"}},{"type":"Feature","geometry":{"type":"Point","coordinates":[141.095781,39.70963]},"properties":{"code":2941,"type":"IC","name":"盛岡ＩＣ"}},{"type":"Feature","geometry":{"type":"Point","coordinates":[141.122904,39.652029]},"properties":{"code":2941,"type":"IC","name":"盛岡南ＩＣ"}},{"type":"Feature","geometry":{"type":"Point","coordinates":[140.648518,39.269341]},"properties":{"code":2944,"type":"PA","name":"山内ＰＡ"}},{"type":"Feature","geometry":{"type":"Point","coordinates":[140.747437,39.313648]},"properties":{"code":2941,"type":"IC","name":"湯田ＩＣ"}},{"type":"Feature","geometry":{"type":"Point","coordinates":[140.844769,39.301096]},"properties":{"code":2943,"type":"SA","name":"錦秋湖ＳＡ"}},{"type":"Feature","geometry":{"type":"Point","coordinates":[140.986261,39.290967]},"properties":{"code":2941,"type":"IC","name":"北上西ＩＣ"}},{"type":"Feature","geometry":{"type":"Point","coordinates":[141.077285,39.274125]},"properties":{"code":2942,"type":"JCT","name":"北上ＪＣＴ"}},{"type":"Feature","geometry":{"type":"Point","coordinates":[141.087713,39.298639]},"properties":{"code":2941,"type":"IC","name":"北上江釣子ＩＣ"}},{"type":"Feature","geometry":{"type":"Point","coordinates":[141.079216,39.242325]},"properties":{"code":2944,"type":"PA","name":"北上金ヶ崎ＰＡ"}},{"type":"Feature","geometry":{"type":"Point","coordinates":[141.079302,39.240131]},"properties":{"code":2941,"type":"IC","name":"北上金ヶ崎ＩＣ"}},{"type":"Feature","geometry":{"type":"Point","coordinates":[141.273494,39.290767]},"properties":{"code":2941,"type":"IC","name":"江刺田瀬ＩＣ"}},{"type":"Feature","geometry":{"type":"Point","coordinates":[141.11814,39.171494]},"properties":{"code":2941,"type":"IC","name":"水沢ＩＣ"}},{"type":"Feature","geometry":{"type":"Point","coordinates":[141.119943,39.111715]},"properties":{"code":2945,"type":"スマートIC","name":"奥州ＳＩＣ"}},{"type":"Feature","geometry":{"type":"Point","coordinates":[141.101317,39.068147]},"properties":{"code":2943,"type":"SA","name":"前沢ＳＡ"}},{"type":"Feature","geometry":{"type":"Point","coordinates":[141.110373,39.021051]},"properties":{"code":2941,"type":"IC","name":"平泉前沢ＩＣ"}},{"type":"Feature","geometry":{"type":"Point","coordinates":[141.108398,38.980596]},"properties":{"code":2944,"type":"PA","name":"中尊寺ＰＡ"}},{"type":"Feature","geometry":{"type":"Point","coordinates":[141.11136,38.975692]},"properties":{"code":2945,"type":"スマートIC","name":"平泉ＳＩＣ"}},{"type":"Feature","geometry":{"type":"Point","coordinates":[141.111789,38.964347]},"properties":{"code":2944,"type":"PA","name":"中尊寺ＰＡ"}},{"type":"Feature","geometry":{"type":"Point","coordinates":[141.100931,38.936146]},"properties":{"code":2941,"type":"IC","name":"一関ＩＣ"}},{"type":"Feature","geometry":{"type":"Point","coordinates":[141.096382,38.841112]},"properties":{"code":2944,"type":"PA","name":"金成ＰＡ"}},{"type":"Feature","geometry":{"type":"Point","coordinates":[140.95901,38.63588]},"properties":{"code":2945,"type":"スマートIC","name":"長者原ＳＩＣ"}},{"type":"Feature","geometry":{"type":"Point","coordinates":[140.960598,38.636819]},"properties":{"code":2943,"type":"SA","name":"長者原ＳＡ"}},{"type":"Feature","geometry":{"type":"Point","coordinates":[140.931888,38.590812]},"properties":{"code":2941,"type":"IC","name":"古川ＩＣ"}},{"type":"Feature","geometry":{"type":"Point","coordinates":[140.878115,38.386981]},"properties":{"code":2941,"type":"IC","name":"富谷IＣ"}},{"type":"Feature","geometry":{"type":"Point","coordinates":[140.887384,38.374097]},"properties":{"code":2942,"type":"JCT","name":"富谷ＪＣＴ"}},{"type":"Feature","geometry":{"type":"Point","coordinates":[140.873351,38.347277]},"properties":{"code":2941,"type":"IC","name":"泉ＩＣ"}},{"type":"Feature","geometry":{"type":"Point","coordinates":[140.854125,38.326272]},"properties":{"code":2945,"type":"スマートIC","name":"泉ＰＡＳＩＣ"}},{"type":"Feature","geometry":{"type":"Point","coordinates":[140.855885,38.329706]},"properties":{"code":2944,"type":"PA","name":"泉ＰＡ"}},{"type":"Feature","geometry":{"type":"Point","coordinates":[140.953517,38.352696]},"properties":{"code":2941,"type":"IC","name":"利府しらかし台ＩＣ"}},{"type":"Feature","geometry":{"type":"Point","coordinates":[140.930514,38.516307]},"properties":{"code":2944,"type":"PA","name":"三本木ＰＡ"}},{"type":"Feature","geometry":{"type":"Point","coordinates":[140.930858,38.514762]},"properties":{"code":2945,"type":"スマートIC","name":"三本木ＳＩＣ"}},{"type":"Feature","geometry":{"type":"Point","coordinates":[140.908928,38.46367]},"properties":{"code":2941,"type":"IC","name":"大衡ＩＣ"}},{"type":"Feature","geometry":{"type":"Point","coordinates":[140.916181,38.435909]},"properties":{"code":2941,"type":"IC","name":"大和ＩＣ"}},{"type":"Feature","geometry":{"type":"Point","coordinates":[140.914979,38.411029]},"properties":{"code":2944,"type":"PA","name":"鶴巣ＰＡ"}},{"type":"Feature","geometry":{"type":"Point","coordinates":[141.13668,38.411399]},"properties":{"code":2941,"type":"IC","name":"鳴瀬奥松島ＩＣ"}},{"type":"Feature","geometry":{"type":"Point","coordinates":[141.009221,38.349162]},"properties":{"code":2944,"type":"PA","name":"春日ＰＡ"}},{"type":"Feature","geometry":{"type":"Point","coordinates":[141.040335,38.400839]},"properties":{"code":2941,"type":"IC","name":"松島大郷ＩＣ"}},{"type":"Feature","geometry":{"type":"Point","coordinates":[141.032181,38.36545]},"properties":{"code":2941,"type":"IC","name":"松島海岸ＩＣ"}},{"type":"Feature","geometry":{"type":"Point","coordinates":[140.977592,38.31277]},"properties":{"code":2942,"type":"JCT","name":"利府ＪＣＴ"}},{"type":"Feature","geometry":{"type":"Point","coordinates":[140.989265,38.322333]},"properties":{"code":2941,"type":"IC","name":"利府塩釜ＩＣ"}},{"type":"Feature","geometry":{"type":"Point","coordinates":[140.999823,38.340882]},"properties":{"code":2941,"type":"IC","name":"利府中ＩＣ"}},{"type":"Feature","geometry":{"type":"Point","coordinates":[140.981455,38.302196]},"properties":{"code":2941,"type":"IC","name":"多賀城ＩＣ"}},{"type":"Feature","geometry":{"type":"Point","coordinates":[140.992184,38.280067]},"properties":{"code":2941,"type":"IC","name":"仙台港北ＩＣ"}},{"type":"Feature","geometry":{"type":"Point","coordinates":[141.073637,38.401579]},"properties":{"code":2941,"type":"IC","name":"松島北ＩＣ"}},{"type":"Feature","geometry":{"type":"Point","coordinates":[141.196074,38.42858]},"properties":{"code":2941,"type":"IC","name":"矢本ＩＣ"}},{"type":"Feature","geometry":{"type":"Point","coordinates":[141.183157,38.425386]},"properties":{"code":2944,"type":"PA","name":"矢本ＰＡ"}},{"type":"Feature","geometry":{"type":"Point","coordinates":[141.287055,38.498911]},"properties":{"code":2941,"type":"IC","name":"河北ＩＣ"}},{"type":"Feature","geometry":{"type":"Point","coordinates":[141.267271,38.44559]},"properties":{"code":2941,"type":"IC","name":"石巻河南ＩＣ"}},{"type":"Feature","geometry":{"type":"Point","coordinates":[141.279974,38.461352]},"properties":{"code":2941,"type":"IC","name":"石巻女川ＩＣ"}},{"type":"Feature","geometry":{"type":"Point","coordinates":[141.240921,38.440985]},"properties":{"code":2941,"type":"IC","name":"石巻港ＩＣ"}},{"type":"Feature","geometry":{"type":"Point","coordinates":[141.26564,38.676833]},"properties":{"code":2941,"type":"IC","name":"登米ＩＣ"}},{"type":"Feature","geometry":{"type":"Point","coordinates":[141.282163,38.597285]},"properties":{"code":2941,"type":"IC","name":"桃生津山ＩＣ"}},{"type":"Feature","geometry":{"type":"Point","coordinates":[141.271348,38.561892]},"properties":{"code":2941,"type":"IC","name":"桃生豊里ＩＣ"}},{"type":"Feature","geometry":{"type":"Point","coordinates":[141.008148,38.710094]},"properties":{"code":2941,"type":"IC","name":"築館ＩＣ"}},{"type":"Feature","geometry":{"type":"Point","coordinates":[141.046515,38.747657]},"properties":{"code":2944,"type":"PA","name":"志波姫ＰＡ"}},{"type":"Feature","geometry":{"type":"Point","coordinates":[141.055098,38.731958]},"properties":{"code":2941,"type":"IC","name":"築館東ＩＣ"}},{"type":"Feature","geometry":{"type":"Point","coordinates":[141.08428,38.793798]},"properties":{"code":2941,"type":"IC","name":"若柳金成ＩＣ"}},{"type":"Feature","geometry":{"type":"Point","coordinates":[141.083336,38.730418]},"properties":{"code":2941,"type":"IC","name":"伊豆沼ＩＣ"}},{"type":"Feature","geometry":{"type":"Point","coordinates":[141.127753,38.734402]},"properties":{"code":2941,"type":"IC","name":"若柳南ＩＣ"}},{"type":"Feature","geometry":{"type":"Point","coordinates":[141.30332,38.707783]},"properties":{"code":2941,"type":"IC","name":"登米東和ＩＣ"}},{"type":"Feature","geometry":{"type":"Point","coordinates":[141.327095,38.706946]},"properties":{"code":2941,"type":"IC","name":"三滝堂ＩＣ"}},{"type":"Feature","geometry":{"type":"Point","coordinates":[141.431336,38.690367]},"properties":{"code":2941,"type":"IC","name":"志津川ＩＣ"}},{"type":"Feature","geometry":{"type":"Point","coordinates":[141.462579,38.692879]},"properties":{"code":2941,"type":"IC","name":"南三陸海岸ＩＣ"}},{"type":"Feature","geometry":{"type":"Point","coordinates":[141.522017,38.792861]},"properties":{"code":2941,"type":"IC","name":"本吉津谷ＩＣ"}},{"type":"Feature","geometry":{"type":"Point","coordinates":[141.51176,38.780685]},"properties":{"code":2941,"type":"IC","name":"小泉海岸ＩＣ"}},{"type":"Feature","geometry":{"type":"Point","coordinates":[141.556478,38.815369]},"properties":{"code":2941,"type":"IC","name":"大谷海岸ＩＣ"}},{"type":"Feature","geometry":{"type":"Point","coordinates":[141.523819,38.742302]},"properties":{"code":2941,"type":"IC","name":"歌津北ＩＣ"}},{"type":"Feature","geometry":{"type":"Point","coordinates":[141.506524,38.709022]},"properties":{"code":2941,"type":"IC","name":"歌津ＩＣ"}},{"type":"Feature","geometry":{"type":"Point","coordinates":[140.978279,38.269926]},"properties":{"code":2941,"type":"IC","name":"仙台港ＩＣ"}},{"type":"Feature","geometry":{"type":"Point","coordinates":[140.887942,38.134422]},"properties":{"code":2941,"type":"IC","name":"仙台空港ＩＣ"}},{"type":"Feature","geometry":{"type":"Point","coordinates":[140.887041,38.086034]},"properties":{"code":2941,"type":"IC","name":"亘理ＩＣ"}},{"type":"Feature","geometry":{"type":"Point","coordinates":[140.889573,38.105116]},"properties":{"code":2941,"type":"IC","name":"岩沼ＩＣ"}},{"type":"Feature","geometry":{"type":"Point","coordinates":[140.892534,38.039101]},"properties":{"code":2944,"type":"PA","name":"鳥の海ＰＡ"}},{"type":"Feature","geometry":{"type":"Point","coordinates":[140.892234,38.037478]},"properties":{"code":2945,"type":"スマートIC","name":"鳥の海ＳＩＣ"}},{"type":"Feature","geometry":{"type":"Point","coordinates":[140.811296,38.257694]},"properties":{"code":2941,"type":"IC","name":"仙台宮城ＩＣ"}},{"type":"Feature","geometry":{"type":"Point","coordinates":[140.803785,38.215154]},"properties":{"code":2941,"type":"IC","name":"仙台南ＩＣ"}},{"type":"Feature","geometry":{"type":"Point","coordinates":[140.840993,38.211411]},"properties":{"code":2941,"type":"IC","name":"山田ＩＣ"}},{"type":"Feature","geometry":{"type":"Point","coordinates":[140.904851,38.212693]},"properties":{"code":2941,"type":"IC","name":"長町ＩＣ"}},{"type":"Feature","geometry":{"type":"Point","coordinates":[140.931888,38.207162]},"properties":{"code":2941,"type":"IC","name":"今泉ＩＣ"}},{"type":"Feature","geometry":{"type":"Point","coordinates":[140.954032,38.245966]},"properties":{"code":2941,"type":"IC","name":"仙台東ＩＣ"}},{"type":"Feature","geometry":{"type":"Point","coordinates":[140.945191,38.207635]},"properties":{"code":2942,"type":"JCT","name":"仙台若林ＪＣＴ"}},{"type":"Feature","geometry":{"type":"Point","coordinates":[140.896783,38.15447]},"properties":{"code":2945,"type":"スマートIC","name":"名取中央ＳＩＣ"}},{"type":"Feature","geometry":{"type":"Point","coordinates":[140.932918,38.18217]},"properties":{"code":2941,"type":"IC","name":"名取ＩＣ"}},{"type":"Feature","geometry":{"type":"Point","coordinates":[140.724435,38.140059]},"properties":{"code":2942,"type":"JCT","name":"村田ＪＣＴ"}},{"type":"Feature","geometry":{"type":"Point","coordinates":[140.765977,38.167899]},"properties":{"code":2944,"type":"PA","name":"菅生ＰＡ"}},{"type":"Feature","geometry":{"type":"Point","coordinates":[140.765977,38.167899]},"properties":{"code":2945,"type":"スマートIC","name":"菅生ＳＩＣ"}},{"type":"Feature","geometry":{"type":"Point","coordinates":[140.662036,38.069785]},"properties":{"code":2944,"type":"PA","name":"蔵王ＰＡ"}},{"type":"Feature","geometry":{"type":"Point","coordinates":[140.712333,38.120513]},"properties":{"code":2941,"type":"IC","name":"村田ＩＣ"}},{"type":"Feature","geometry":{"type":"Point","coordinates":[140.631909,38.038999]},"properties":{"code":2941,"type":"IC","name":"白石ＩＣ"}},{"type":"Feature","geometry":{"type":"Point","coordinates":[140.875411,37.984968]},"properties":{"code":2941,"type":"IC","name":"山元ＩＣ"}},{"type":"Feature","geometry":{"type":"Point","coordinates":[140.869102,37.91038]},"properties":{"code":2945,"type":"スマートIC","name":"山元南ＳＩＣ"}},{"type":"Feature","geometry":{"type":"Point","coordinates":[140.880389,37.854424]},"properties":{"code":2941,"type":"IC","name":"新地ＩＣ"}},{"type":"Feature","geometry":{"type":"Point","coordinates":[140.844984,37.770036]},"properties":{"code":2941,"type":"IC","name":"相馬山上ＩＣ"}},{"type":"Feature","geometry":{"type":"Point","coordinates":[140.894852,37.782044]},"properties":{"code":2941,"type":"IC","name":"相馬ＩＣ"}},{"type":"Feature","geometry":{"type":"Point","coordinates":[140.707355,37.754464]},"properties":{"code":2941,"type":"IC","name":"霊山飯舘ＩＣ"}},{"type":"Feature","geometry":{"type":"Point","coordinates":[140.747695,37.771563]},"properties":{"code":2941,"type":"IC","name":"相馬玉野ＩＣ"}},{"type":"Feature","geometry":{"type":"Point","coordinates":[140.942659,37.498831]},"properties":{"code":2941,"type":"IC","name":"浪江ＩＣ"}},{"type":"Feature","geometry":{"type":"Point","coordinates":[140.9624,37.45827]},"properties":{"code":2941,"type":"IC","name":"常磐双葉ＩＣ"}},{"type":"Feature","geometry":{"type":"Point","coordinates":[140.919957,37.715365]},"properties":{"code":2943,"type":"SA","name":"南相馬鹿島ＳＡ"}},{"type":"Feature","geometry":{"type":"Point","coordinates":[140.921245,37.713736]},"properties":{"code":2945,"type":"スマートIC","name":"南相馬鹿島ＳＩＣ"}},{"type":"Feature","geometry":{"type":"Point","coordinates":[140.919871,37.658038]},"properties":{"code":2941,"type":"IC","name":"南相馬ＩＣ"}},{"type":"Feature","geometry":{"type":"Point","coordinates":[140.981755,37.287063]},"properties":{"code":2944,"type":"PA","name":"ならはＰＡ"}},{"type":"Feature","geometry":{"type":"Point","coordinates":[140.981412,37.283102]},"properties":{"code":2945,"type":"スマートIC","name":"ならはＳＩＣ"}},{"type":"Feature","geometry":{"type":"Point","coordinates":[140.983729,37.238358]},"properties":{"code":2941,"type":"IC","name":"広野ＩＣ"}},{"type":"Feature","geometry":{"type":"Point","coordinates":[140.962186,37.411312]},"properties":{"code":2941,"type":"IC","name":"大熊ＩＣ"}},{"type":"Feature","geometry":{"type":"Point","coordinates":[140.96652,37.37483]},"properties":{"code":2941,"type":"IC","name":"常磐富岡ＩＣ"}},{"type":"Feature","geometry":{"type":"Point","coordinates":[140.721216,37.174885]},"properties":{"code":2944,"type":"PA","name":"差塩ＰＡ"}},{"type":"Feature","geometry":{"type":"Point","coordinates":[140.769668,37.102015]},"properties":{"code":2941,"type":"IC","name":"いわき三和ＩＣ"}},{"type":"Feature","geometry":{"type":"Point","coordinates":[140.837731,37.066821]},"properties":{"code":2941,"type":"IC","name":"いわき中央ＩＣ"}},{"type":"Feature","geometry":{"type":"Point","coordinates":[140.817432,37.037982]},"properties":{"code":2942,"type":"JCT","name":"いわきＪＣＴ"}},{"type":"Feature","geometry":{"type":"Point","coordinates":[140.813913,37.023182]},"properties":{"code":2944,"type":"PA","name":"湯ノ岳ＰＡ"}},{"type":"Feature","geometry":{"type":"Point","coordinates":[140.912147,37.116629]},"properties":{"code":2944,"type":"PA","name":"四倉ＰＡ"}},{"type":"Feature","geometry":{"type":"Point","coordinates":[140.945406,37.126963]},"properties":{"code":2941,"type":"IC","name":"いわき四倉ＩＣ"}},{"type":"Feature","geometry":{"type":"Point","coordinates":[140.809879,37.003478]},"properties":{"code":2941,"type":"IC","name":"いわき湯本ＩＣ"}},{"type":"Feature","geometry":{"type":"Point","coordinates":[140.781856,36.954247]},"properties":{"code":2941,"type":"IC","name":"いわき小名浜ＩＣ"}},{"type":"Feature","geometry":{"type":"Point","coordinates":[140.751643,36.90598]},"properties":{"code":2941,"type":"IC","name":"いわき勿来ＩＣ"}},{"type":"Feature","geometry":{"type":"Point","coordinates":[140.688987,36.754737]},"properties":{"code":2943,"type":"SA","name":"中郷ＳＡ"}},{"type":"Feature","geometry":{"type":"Point","coordinates":[140.682635,36.743355]},"properties":{"code":2941,"type":"IC","name":"高萩ＩＣ"}},{"type":"Feature","geometry":{"type":"Point","coordinates":[140.742588,36.867468]},"properties":{"code":2944,"type":"PA","name":"関本ＰＡ"}},{"type":"Feature","geometry":{"type":"Point","coordinates":[140.724177,36.798014]},"properties":{"code":2941,"type":"IC","name":"北茨城ＩＣ"}},{"type":"Feature","geometry":{"type":"Point","coordinates":[140.6359,36.60099]},"properties":{"code":2941,"type":"IC","name":"日立中央ＩＣ"}},{"type":"Feature","geometry":{"type":"Point","coordinates":[140.636072,36.602402]},"properties":{"code":2944,"type":"PA","name":"日立中央ＰＡ"}},{"type":"Feature","geometry":{"type":"Point","coordinates":[140.669675,36.651481]},"properties":{"code":2941,"type":"IC","name":"日立北ＩＣ"}},{"type":"Feature","geometry":{"type":"Point","coordinates":[144.504375,43.005369]},"properties":{"code":2941,"type":"IC","name":"釧路別保ＩＣ"}},{"type":"Feature","geometry":{"type":"Point","coordinates":[144.326448,43.036494]},"properties":{"code":2941,"type":"IC","name":"釧路西ＩＣ"}},{"type":"Feature","geometry":{"type":"Point","coordinates":[144.401979,43.030126]},"properties":{"code":2941,"type":"IC","name":"釧路中央ＩＣ"}},{"type":"Feature","geometry":{"type":"Point","coordinates":[144.417515,43.021969]},"properties":{"code":2941,"type":"IC","name":"釧路中央ＩＣ"}},{"type":"Feature","geometry":{"type":"Point","coordinates":[144.431162,43.003737]},"properties":{"code":2941,"type":"IC","name":"釧路東ＩＣ"}},{"type":"Feature","geometry":{"type":"Point","coordinates":[144.23255,43.06453]},"properties":{"code":2941,"type":"IC","name":"釧路空港ＩＣ"}},{"type":"Feature","geometry":{"type":"Point","coordinates":[143.439174,42.995608]},"properties":{"code":2941,"type":"IC","name":"池田ＩＣ"}},{"type":"Feature","geometry":{"type":"Point","coordinates":[141.258259,41.083945]},"properties":{"code":2941,"type":"IC","name":"横浜ＩＣ"}},{"type":"Feature","geometry":{"type":"Point","coordinates":[141.24959,41.012677]},"properties":{"code":2941,"type":"IC","name":"横浜吹越ＩＣ"}},{"type":"Feature","geometry":{"type":"Point","coordinates":[141.240921,41.240416]},"properties":{"code":2941,"type":"IC","name":"むつ奥内ＩＣ"}},{"type":"Feature","geometry":{"type":"Point","coordinates":[141.235385,41.28703]},"properties":{"code":2941,"type":"IC","name":"むつ東通ＩＣ"}},{"type":"Feature","geometry":{"type":"Point","coordinates":[140.816703,41.784849]},"properties":{"code":2941,"type":"IC","name":"函館空港ＩＣ"}},{"type":"Feature","geometry":{"type":"Point","coordinates":[140.706539,41.898508]},"properties":{"code":2941,"type":"IC","name":"七飯本町ＩＣ"}},{"type":"Feature","geometry":{"type":"Point","coordinates":[140.648646,41.836316]},"properties":{"code":2941,"type":"IC","name":"北斗中央ＩＣ"}},{"type":"Feature","geometry":{"type":"Point","coordinates":[140.693836,41.834813]},"properties":{"code":2941,"type":"IC","name":"北斗追分ＩＣ"}},{"type":"Feature","geometry":{"type":"Point","coordinates":[140.728984,41.869785]},"properties":{"code":2941,"type":"IC","name":"七飯大川ＩＣ"}},{"type":"Feature","geometry":{"type":"Point","coordinates":[140.740056,41.844469]},"properties":{"code":2941,"type":"IC","name":"函館ＩＣ"}},{"type":"Feature","geometry":{"type":"Point","coordinates":[140.766106,41.832895]},"properties":{"code":2941,"type":"IC","name":"赤川ＩＣ"}},{"type":"Feature","geometry":{"type":"Point","coordinates":[140.797005,41.806413]},"properties":{"code":2941,"type":"IC","name":"日吉ＩＣ"}},{"type":"Feature","geometry":{"type":"Point","coordinates":[140.664654,41.923163]},"properties":{"code":2941,"type":"IC","name":"七飯藤城ＩＣ"}},{"type":"Feature","geometry":{"type":"Point","coordinates":[140.969868,42.3873]},"properties":{"code":2941,"type":"IC","name":"室蘭ＩＣ"}},{"type":"Feature","geometry":{"type":"Point","coordinates":[140.89365,42.483966]},"properties":{"code":2941,"type":"IC","name":"伊達ＩＣ"}},{"type":"Feature","geometry":{"type":"Point","coordinates":[140.908799,42.466019]},"properties":{"code":2943,"type":"SA","name":"有珠山ＳＡ"}},{"type":"Feature","geometry":{"type":"Point","coordinates":[141.144361,42.442715]},"properties":{"code":2944,"type":"PA","name":"富浦ＰＡ"}},{"type":"Feature","geometry":{"type":"Point","coordinates":[140.988278,42.383845]},"properties":{"code":2944,"type":"PA","name":"本輪西ＰＡ"}},{"type":"Feature","geometry":{"type":"Point","coordinates":[141.079774,42.398647]},"properties":{"code":2941,"type":"IC","name":"登別室蘭ＩＣ"}},{"type":"Feature","geometry":{"type":"Point","coordinates":[141.173887,42.462062]},"properties":{"code":2941,"type":"IC","name":"登別東ＩＣ"}},{"type":"Feature","geometry":{"type":"Point","coordinates":[141.281991,42.541667]},"properties":{"code":2944,"type":"PA","name":"萩野ＰＡ"}},{"type":"Feature","geometry":{"type":"Point","coordinates":[140.638304,42.604305]},"properties":{"code":2941,"type":"IC","name":"豊浦ＩＣ"}},{"type":"Feature","geometry":{"type":"Point","coordinates":[140.694952,42.592838]},"properties":{"code":2944,"type":"PA","name":"豊浦噴火湾ＰＡ"}},{"type":"Feature","geometry":{"type":"Point","coordinates":[140.776448,42.558012]},"properties":{"code":2941,"type":"IC","name":"虻田洞爺湖ＩＣ"}},{"type":"Feature","geometry":{"type":"Point","coordinates":[141.4252,43.059795]},"properties":{"code":2941,"type":"IC","name":"北郷ＩＣ"}},{"type":"Feature","geometry":{"type":"Point","coordinates":[141.437087,43.04261]},"properties":{"code":2941,"type":"IC","name":"大谷地ＩＣ"}},{"type":"Feature","geometry":{"type":"Point","coordinates":[141.464682,43.014783]},"properties":{"code":2941,"type":"IC","name":"札幌南ＩＣ"}},{"type":"Feature","geometry":{"type":"Point","coordinates":[141.478415,42.97674]},"properties":{"code":2941,"type":"IC","name":"北広島ＩＣ"}},{"type":"Feature","geometry":{"type":"Point","coordinates":[141.511717,42.951648]},"properties":{"code":2945,"type":"スマートIC","name":"輪厚ＳＩＣ"}},{"type":"Feature","geometry":{"type":"Point","coordinates":[141.51279,42.9508]},"properties":{"code":2944,"type":"PA","name":"輪厚ＰＡ"}},{"type":"Feature","geometry":{"type":"Point","coordinates":[141.554332,42.871278]},"properties":{"code":2941,"type":"IC","name":"恵庭ＩＣ"}},{"type":"Feature","geometry":{"type":"Point","coordinates":[141.585402,42.845104]},"properties":{"code":2942,"type":"JCT","name":"千歳恵庭ＪＣＴ"}},{"type":"Feature","geometry":{"type":"Point","coordinates":[141.621065,42.811616]},"properties":{"code":2941,"type":"IC","name":"千歳ＩＣ"}},{"type":"Feature","geometry":{"type":"Point","coordinates":[141.328125,42.564745]},"properties":{"code":2941,"type":"IC","name":"白老ＩＣ"}},{"type":"Feature","geometry":{"type":"Point","coordinates":[141.487598,42.63178]},"properties":{"code":2941,"type":"IC","name":"苫小牧西ＩＣ"}},{"type":"Feature","geometry":{"type":"Point","coordinates":[141.463737,42.611285]},"properties":{"code":2943,"type":"SA","name":"樽前ＳＡ"}},{"type":"Feature","geometry":{"type":"Point","coordinates":[141.468415,42.614317]},"properties":{"code":2943,"type":"SA","name":"樽前ＳＡ"}},{"type":"Feature","geometry":{"type":"Point","coordinates":[141.585875,42.663441]},"properties":{"code":2941,"type":"IC","name":"苫小牧中央ＩＣ"}},{"type":"Feature","geometry":{"type":"Point","coordinates":[141.627846,42.777354]},"properties":{"code":2941,"type":"IC","name":"新千歳空港ＩＣ"}},{"type":"Feature","geometry":{"type":"Point","coordinates":[141.642137,42.756466]},"properties":{"code":2944,"type":"PA","name":"美沢ＰＡ"}},{"type":"Feature","geometry":{"type":"Point","coordinates":[141.652179,42.709529]},"properties":{"code":2941,"type":"IC","name":"苫小牧東ＩＣ"}},{"type":"Feature","geometry":{"type":"Point","coordinates":[141.696253,42.689123]},"properties":{"code":2941,"type":"IC","name":"沼ノ端西ＩＣ"}},{"type":"Feature","geometry":{"type":"Point","coordinates":[141.734447,42.674832]},"properties":{"code":2941,"type":"IC","name":"沼ノ端東ＩＣ"}},{"type":"Feature","geometry":{"type":"Point","coordinates":[141.782942,42.67297]},"properties":{"code":2941,"type":"IC","name":"苫東中央ＩＣ"}},{"type":"Feature","geometry":{"type":"Point","coordinates":[141.837616,42.623949]},"properties":{"code":2941,"type":"IC","name":"厚真ＩＣ"}},{"type":"Feature","geometry":{"type":"Point","coordinates":[141.927567,42.589046]},"properties":{"code":2941,"type":"IC","name":"鵡川ＩＣ"}},{"type":"Feature","geometry":{"type":"Point","coordinates":[141.900187,42.907186]},"properties":{"code":2944,"type":"PA","name":"由仁ＰＡ"}},{"type":"Feature","geometry":{"type":"Point","coordinates":[141.709299,42.882128]},"properties":{"code":2941,"type":"IC","name":"千歳東ＩＣ"}},{"type":"Feature","geometry":{"type":"Point","coordinates":[141.73316,42.876908]},"properties":{"code":2944,"type":"PA","name":"キウスＰＡ"}},{"type":"Feature","geometry":{"type":"Point","coordinates":[141.814914,42.893165]},"properties":{"code":2941,"type":"IC","name":"追分町ＩＣ"}},{"type":"Feature","geometry":{"type":"Point","coordinates":[142.037258,42.922021]},"properties":{"code":2941,"type":"IC","name":"夕張ＩＣ"}},{"type":"Feature","geometry":{"type":"Point","coordinates":[142.195959,42.919129]},"properties":{"code":2941,"type":"IC","name":"むかわ穂別ＩＣ"}},{"type":"Feature","geometry":{"type":"Point","coordinates":[142.416201,43.00562]},"properties":{"code":2944,"type":"PA","name":"占冠ＰＡ"}},{"type":"Feature","geometry":{"type":"Point","coordinates":[142.422509,43.009166]},"properties":{"code":2944,"type":"PA","name":"占冠ＰＡ"}},{"type":"Feature","geometry":{"type":"Point","coordinates":[142.409377,42.979441]},"properties":{"code":2941,"type":"IC","name":"占冠ＩＣ"}},{"type":"Feature","geometry":{"type":"Point","coordinates":[142.662706,43.043457]},"properties":{"code":2941,"type":"IC","name":"トマムＩＣ"}},{"type":"Feature","geometry":{"type":"Point","coordinates":[142.038846,42.528037]},"properties":{"code":2941,"type":"IC","name":"日高富川ＩＣ"}},{"type":"Feature","geometry":{"type":"Point","coordinates":[142.088456,42.492827]},"properties":{"code":2941,"type":"IC","name":"日高門別ＩＣ"}},{"type":"Feature","geometry":{"type":"Point","coordinates":[142.241192,42.431661]},"properties":{"code":2941,"type":"IC","name":"日高厚賀ＩＣ"}},{"type":"Feature","geometry":{"type":"Point","coordinates":[142.308698,42.37294]},"properties":{"code":2941,"type":"IC","name":"新冠ＩＣ"}},{"type":"Feature","geometry":{"type":"Point","coordinates":[143.276482,42.537398]},"properties":{"code":2941,"type":"IC","name":"忠類大樹ＩＣ"}},{"type":"Feature","geometry":{"type":"Point","coordinates":[143.292575,42.558802]},"properties":{"code":2941,"type":"IC","name":"忠類ＩＣ"}},{"type":"Feature","geometry":{"type":"Point","coordinates":[143.16812,42.747769]},"properties":{"code":2941,"type":"IC","name":"幸福ＩＣ"}},{"type":"Feature","geometry":{"type":"Point","coordinates":[143.154087,42.690637]},"properties":{"code":2941,"type":"IC","name":"中札内ＩＣ"}},{"type":"Feature","geometry":{"type":"Point","coordinates":[143.17915,42.647533]},"properties":{"code":2941,"type":"IC","name":"更別ＩＣ"}},{"type":"Feature","geometry":{"type":"Point","coordinates":[142.854409,42.996173]},"properties":{"code":2941,"type":"IC","name":"十勝清水ＩＣ"}},{"type":"Feature","geometry":{"type":"Point","coordinates":[143.022938,42.982109]},"properties":{"code":2943,"type":"SA","name":"十勝平原ＳＡ"}},{"type":"Feature","geometry":{"type":"Point","coordinates":[143.041263,42.9709]},"properties":{"code":2941,"type":"IC","name":"芽室ＩＣ"}},{"type":"Feature","geometry":{"type":"Point","coordinates":[143.095679,42.970461]},"properties":{"code":2942,"type":"JCT","name":"帯広ＪＣＴ"}},{"type":"Feature","geometry":{"type":"Point","coordinates":[143.183656,42.981356]},"properties":{"code":2941,"type":"IC","name":"音更帯広ＩＣ"}},{"type":"Feature","geometry":{"type":"Point","coordinates":[143.108382,42.930536]},"properties":{"code":2941,"type":"IC","name":"芽室帯広ＩＣ"}},{"type":"Feature","geometry":{"type":"Point","coordinates":[143.178806,42.849132]},"properties":{"code":2941,"type":"IC","name":"帯広川西ＩＣ"}},{"type":"Feature","geometry":{"type":"Point","coordinates":[143.335576,42.991621]},"properties":{"code":2944,"type":"PA","name":"長流枝ＰＡ"}},{"type":"Feature","geometry":{"type":"Point","coordinates":[143.326907,43.988523]},"properties":{"code":2941,"type":"IC","name":"丸瀬布ＩＣ"}},{"type":"Feature","geometry":{"type":"Point","coordinates":[143.433037,44.005749]},"properties":{"code":2941,"type":"IC","name":"遠軽瀬戸瀬ＩＣ"}},{"type":"Feature","geometry":{"type":"Point","coordinates":[143.197346,43.886728]},"properties":{"code":2941,"type":"IC","name":"白滝ＩＣ"}},{"type":"Feature","geometry":{"type":"Point","coordinates":[142.966547,43.885955]},"properties":{"code":2941,"type":"IC","name":"浮島ＩＣ"}},{"type":"Feature","geometry":{"type":"Point","coordinates":[143.075209,43.870302]},"properties":{"code":2941,"type":"IC","name":"奥白滝ＩＣ"}},{"type":"Feature","geometry":{"type":"Point","coordinates":[142.766519,43.837963]},"properties":{"code":2941,"type":"IC","name":"上川層雲峡ＩＣ"}},{"type":"Feature","geometry":{"type":"Point","coordinates":[142.575631,43.894243]},"properties":{"code":2941,"type":"IC","name":"愛別ＩＣ"}},{"type":"Feature","geometry":{"type":"Point","coordinates":[142.68352,43.859751]},"properties":{"code":2941,"type":"IC","name":"愛山上川ＩＣ"}},{"type":"Feature","geometry":{"type":"Point","coordinates":[142.436242,44.009145]},"properties":{"code":2941,"type":"IC","name":"和寒ＩＣ"}},{"type":"Feature","geometry":{"type":"Point","coordinates":[142.468729,43.920092]},"properties":{"code":2942,"type":"JCT","name":"比布ＪＣＴ"}},{"type":"Feature","geometry":{"type":"Point","coordinates":[142.408433,43.837777]},"properties":{"code":2941,"type":"IC","name":"旭川北ＩＣ"}},{"type":"Feature","geometry":{"type":"Point","coordinates":[142.459073,43.892728]},"properties":{"code":2944,"type":"PA","name":"比布大雪ＰＡ"}},{"type":"Feature","geometry":{"type":"Point","coordinates":[142.500529,43.917959]},"properties":{"code":2941,"type":"IC","name":"比布北ＩＣ"}},{"type":"Feature","geometry":{"type":"Point","coordinates":[142.145233,43.708338]},"properties":{"code":2944,"type":"PA","name":"音江ＰＡ"}},{"type":"Feature","geometry":{"type":"Point","coordinates":[142.323074,43.804274]},"properties":{"code":2941,"type":"IC","name":"旭川鷹栖ＩＣ"}},{"type":"Feature","geometry":{"type":"Point","coordinates":[142.080388,43.69146]},"properties":{"code":2941,"type":"IC","name":"深川ＩＣ"}},{"type":"Feature","geometry":{"type":"Point","coordinates":[142.361183,43.358043]},"properties":{"code":2941,"type":"IC","name":"北の峰ＩＣ"}},{"type":"Feature","geometry":{"type":"Point","coordinates":[142.379165,43.325771]},"properties":{"code":2941,"type":"IC","name":"富良野ＩＣ"}},{"type":"Feature","geometry":{"type":"Point","coordinates":[142.382383,43.291982]},"properties":{"code":2941,"type":"IC","name":"布部ＩＣ"}},{"type":"Feature","geometry":{"type":"Point","coordinates":[141.766205,43.174606]},"properties":{"code":2941,"type":"IC","name":"岩見沢ＩＣ"}},{"type":"Feature","geometry":{"type":"Point","coordinates":[141.80294,43.195165]},"properties":{"code":2943,"type":"SA","name":"岩見沢ＳＡ"}},{"type":"Feature","geometry":{"type":"Point","coordinates":[141.830492,43.244671]},"properties":{"code":2941,"type":"IC","name":"三笠ＩＣ"}},{"type":"Feature","geometry":{"type":"Point","coordinates":[141.917439,43.448401]},"properties":{"code":2941,"type":"IC","name":"奈井江砂川ＩＣ"}},{"type":"Feature","geometry":{"type":"Point","coordinates":[141.889758,43.379008]},"properties":{"code":2944,"type":"PA","name":"茶志内ＰＡ"}},{"type":"Feature","geometry":{"type":"Point","coordinates":[141.888256,43.333107]},"properties":{"code":2941,"type":"IC","name":"美唄ＩＣ"}},{"type":"Feature","geometry":{"type":"Point","coordinates":[141.928768,43.528576]},"properties":{"code":2943,"type":"SA","name":"砂川ＳＡ"}},{"type":"Feature","geometry":{"type":"Point","coordinates":[141.92997,43.521108]},"properties":{"code":2945,"type":"スマートIC","name":"砂川ＳＡＳＩＣ"}},{"type":"Feature","geometry":{"type":"Point","coordinates":[141.954732,43.565311]},"properties":{"code":2941,"type":"IC","name":"滝川ＩＣ"}},{"type":"Feature","geometry":{"type":"Point","coordinates":[141.533904,43.079797]},"properties":{"code":2944,"type":"PA","name":"野幌ＰＡ"}},{"type":"Feature","geometry":{"type":"Point","coordinates":[141.600595,43.105432]},"properties":{"code":2941,"type":"IC","name":"江別東ＩＣ"}},{"type":"Feature","geometry":{"type":"Point","coordinates":[141.352715,43.102362]},"properties":{"code":2941,"type":"IC","name":"札幌北ＩＣ"}},{"type":"Feature","geometry":{"type":"Point","coordinates":[141.338425,43.100325]},"properties":{"code":2941,"type":"IC","name":"札幌北ＩＣ"}},{"type":"Feature","geometry":{"type":"Point","coordinates":[141.392283,43.097975]},"properties":{"code":2941,"type":"IC","name":"伏古ＩＣ"}},{"type":"Feature","geometry":{"type":"Point","coordinates":[141.413827,43.088761]},"properties":{"code":2941,"type":"IC","name":"雁来ＩＣ"}},{"type":"Feature","geometry":{"type":"Point","coordinates":[141.420822,43.077195]},"properties":{"code":2942,"type":"JCT","name":"札幌ＪＣＴ"}},{"type":"Feature","geometry":{"type":"Point","coordinates":[141.427989,43.079107]},"properties":{"code":2941,"type":"IC","name":"札幌ＩＣ"}},{"type":"Feature","geometry":{"type":"Point","coordinates":[141.497126,43.093462]},"properties":{"code":2941,"type":"IC","name":"江別西ＩＣ"}},{"type":"Feature","geometry":{"type":"Point","coordinates":[141.173673,43.132905]},"properties":{"code":2941,"type":"IC","name":"銭函ＩＣ"}},{"type":"Feature","geometry":{"type":"Point","coordinates":[141.213756,43.123508]},"properties":{"code":2944,"type":"PA","name":"金山ＰＡ"}},{"type":"Feature","geometry":{"type":"Point","coordinates":[141.239805,43.110571]},"properties":{"code":2941,"type":"IC","name":"手稲ＩＣ"}},{"type":"Feature","geometry":{"type":"Point","coordinates":[141.269717,43.090171]},"properties":{"code":2941,"type":"IC","name":"札幌西ＩＣ"}},{"type":"Feature","geometry":{"type":"Point","coordinates":[141.310959,43.101578]},"properties":{"code":2941,"type":"IC","name":"新川ＩＣ"}},{"type":"Feature","geometry":{"type":"Point","coordinates":[141.020079,43.181116]},"properties":{"code":2941,"type":"IC","name":"小樽ＩＣ"}},{"type":"Feature","geometry":{"type":"Point","coordinates":[141.051149,43.167877]},"properties":{"code":2941,"type":"IC","name":"朝里ＩＣ"}},{"type":"Feature","geometry":{"type":"Point","coordinates":[141.067886,43.171602]},"properties":{"code":2942,"type":"JCT","name":"小樽ＪＣＴ"}},{"type":"Feature","geometry":{"type":"Point","coordinates":[140.821209,43.180928]},"properties":{"code":2941,"type":"IC","name":"余市ＩＣ"}},{"type":"Feature","geometry":{"type":"Point","coordinates":[140.79134,43.158862]},"properties":{"code":2941,"type":"IC","name":"仁木ＩＣ"}},{"type":"Feature","geometry":{"type":"Point","coordinates":[140.928969,43.198732]},"properties":{"code":2941,"type":"IC","name":"小樽塩谷ＩＣ"}},{"type":"Feature","geometry":{"type":"Point","coordinates":[141.669431,43.938945]},"properties":{"code":2941,"type":"IC","name":"留萌ＩＣ"}},{"type":"Feature","geometry":{"type":"Point","coordinates":[141.836672,43.826044]},"properties":{"code":2941,"type":"IC","name":"北竜ひまわりＩＣ"}},{"type":"Feature","geometry":{"type":"Point","coordinates":[142.002883,43.706601]},"properties":{"code":2941,"type":"IC","name":"深川西ＩＣ"}},{"type":"Feature","geometry":{"type":"Point","coordinates":[142.026315,43.666071]},"properties":{"code":2942,"type":"JCT","name":"深川ＪＣＴ"}},{"type":"Feature","geometry":{"type":"Point","coordinates":[141.906538,43.800589]},"properties":{"code":2941,"type":"IC","name":"沼田ＩＣ"}},{"type":"Feature","geometry":{"type":"Point","coordinates":[141.973701,43.77599]},"properties":{"code":2944,"type":"PA","name":"秩父別ＰＡ"}},{"type":"Feature","geometry":{"type":"Point","coordinates":[141.98164,43.764524]},"properties":{"code":2941,"type":"IC","name":"秩父別ＩＣ"}},{"type":"Feature","geometry":{"type":"Point","coordinates":[141.690502,43.911837]},"properties":{"code":2941,"type":"IC","name":"留萌大和田ＩＣ"}},{"type":"Feature","geometry":{"type":"Point","coordinates":[141.756849,43.84991]},"properties":{"code":2941,"type":"IC","name":"留萌幌糠ＩＣ"}},{"type":"Feature","geometry":{"type":"Point","coordinates":[141.837616,45.014392]},"properties":{"code":2941,"type":"IC","name":"幌延ＩＣ"}},{"type":"Feature","geometry":{"type":"Point","coordinates":[142.255783,44.73579]},"properties":{"code":2941,"type":"IC","name":"音威子府ＩＣ"}},{"type":"Feature","geometry":{"type":"Point","coordinates":[142.059231,44.786343]},"properties":{"code":2941,"type":"IC","name":"中川ＩＣ"}},{"type":"Feature","geometry":{"type":"Point","coordinates":[142.069359,44.779794]},"properties":{"code":2941,"type":"IC","name":"中川ＩＣ"}},{"type":"Feature","geometry":{"type":"Point","coordinates":[142.339597,44.496107]},"properties":{"code":2941,"type":"IC","name":"美深北ＩＣ"}},{"type":"Feature","geometry":{"type":"Point","coordinates":[142.370067,44.474492]},"properties":{"code":2941,"type":"IC","name":"美深ＩＣ"}},{"type":"Feature","geometry":{"type":"Point","coordinates":[142.371268,44.44429]},"properties":{"code":2941,"type":"IC","name":"智恵文ＩＣ"}},{"type":"Feature","geometry":{"type":"Point","coordinates":[142.447572,44.326151]},"properties":{"code":2941,"type":"IC","name":"名寄ＩＣ"}},{"type":"Feature","geometry":{"type":"Point","coordinates":[142.402339,44.143568]},"properties":{"code":2941,"type":"IC","name":"士別剣淵ＩＣ"}},{"type":"Feature","geometry":{"type":"Point","coordinates":[142.433882,44.36436]},"properties":{"code":2941,"type":"IC","name":"名寄北ＩＣ"}},{"type":"Feature","geometry":{"type":"Point","coordinates":[143.495436,44.022477]},"properties":{"code":2941,"type":"IC","name":"遠軽ＩＣ"}},{"type":"Feature","geometry":{"type":"Point","coordinates":[144.122987,43.847589]},"properties":{"code":2941,"type":"IC","name":"美幌ＩＣ"}},{"type":"Feature","geometry":{"type":"Point","coordinates":[143.869057,43.771404]},"properties":{"code":2941,"type":"IC","name":"北見北上ＩＣ"}},{"type":"Feature","geometry":{"type":"Point","coordinates":[143.853564,43.769327]},"properties":{"code":2941,"type":"IC","name":"北見西ＩＣ"}},{"type":"Feature","geometry":{"type":"Point","coordinates":[143.917894,43.793867]},"properties":{"code":2941,"type":"IC","name":"北見中央ＩＣ"}},{"type":"Feature","geometry":{"type":"Point","coordinates":[143.933816,43.809478]},"properties":{"code":2941,"type":"IC","name":"北見川東ＩＣ"}},{"type":"Feature","geometry":{"type":"Point","coordinates":[143.943172,43.82914]},"properties":{"code":2941,"type":"IC","name":"北見東ＩＣ"}},{"type":"Feature","geometry":{"type":"Point","coordinates":[143.739839,43.710851]},"properties":{"code":2941,"type":"IC","name":"訓子府ＩＣ"}},{"type":"Feature","geometry":{"type":"Point","coordinates":[143.560796,43.208836]},"properties":{"code":2941,"type":"IC","name":"足寄ＩＣ"}},{"type":"Feature","geometry":{"type":"Point","coordinates":[143.55556,43.103051]},"properties":{"code":2942,"type":"JCT","name":"本別ＪＣＴ"}},{"type":"Feature","geometry":{"type":"Point","coordinates":[143.578091,43.107061]},"properties":{"code":2941,"type":"IC","name":"本別ＩＣ"}},{"type":"Feature","geometry":{"type":"Point","coordinates":[143.637915,43.115458]},"properties":{"code":2941,"type":"IC","name":"上浦幌ＰＡ"}},{"type":"Feature","geometry":{"type":"Point","coordinates":[143.66684,43.120627]},"properties":{"code":2941,"type":"IC","name":"浦幌ＩＣ"}},{"type":"Feature","geometry":{"type":"Point","coordinates":[143.961325,43.079201]},"properties":{"code":2941,"type":"IC","name":"白糠ＩＣ"}},{"type":"Feature","geometry":{"type":"Point","coordinates":[144.064021,43.077195]},"properties":{"code":2941,"type":"IC","name":"庶路ＩＣ"}},{"type":"Feature","geometry":{"type":"Point","coordinates":[144.132857,43.087037]},"properties":{"code":2941,"type":"IC","name":"阿寒ＩＣ"}},{"type":"Feature","geometry":{"type":"Point","coordinates":[144.156203,43.882892]},"properties":{"code":2941,"type":"IC","name":"女満別空港ＩＣ"}},{"type":"Feature","geometry":{"type":"Point","coordinates":[145.500398,43.274206]},"properties":{"code":2941,"type":"IC","name":"温根沼ＩＣ"}},{"type":"Feature","geometry":{"type":"Point","coordinates":[145.551081,43.315561]},"properties":{"code":2941,"type":"IC","name":"根室ＩＣ"}},{"type":"Feature","geometry":{"type":"Point","coordinates":[141.749167,45.226818]},"properties":{"code":2941,"type":"IC","name":"豊富北ＩＣ"}},{"type":"Feature","geometry":{"type":"Point","coordinates":[141.787577,45.157469]},"properties":{"code":2941,"type":"IC","name":"豊富幌加ＩＣ"}},{"type":"Feature","geometry":{"type":"Point","coordinates":[141.795988,45.099215]},"properties":{"code":2941,"type":"IC","name":"豊富サロベツＩＣ"}},{"type":"Feature","geometry":{"type":"Point","coordinates":[140.393643,42.670383]},"properties":{"code":2941,"type":"IC","name":"黒松内ＩＣ"}},{"type":"Feature","geometry":{"type":"Point","coordinates":[140.436001,42.645545]},"properties":{"code":2941,"type":"IC","name":"黒松内南ＩＣ"}},{"type":"Feature","geometry":{"type":"Point","coordinates":[140.440764,42.641315]},"properties":{"code":2942,"type":"JCT","name":"黒松内ＪＣＴ"}},{"type":"Feature","geometry":{"type":"Point","coordinates":[140.392528,42.562374]},"properties":{"code":2944,"type":"PA","name":"静狩ＰＡ"}},{"type":"Feature","geometry":{"type":"Point","coordinates":[140.314722,42.439833]},"properties":{"code":2941,"type":"IC","name":"国縫ＩＣ"}},{"type":"Feature","geometry":{"type":"Point","coordinates":[140.365233,42.525412]},"properties":{"code":2941,"type":"IC","name":"長万部ＩＣ"}},{"type":"Feature","geometry":{"type":"Point","coordinates":[140.312448,42.225467]},"properties":{"code":2944,"type":"PA","name":"八雲ＰＡ"}},{"type":"Feature","geometry":{"type":"Point","coordinates":[140.396776,42.205347]},"properties":{"code":2941,"type":"IC","name":"落部ＩＣ"}},{"type":"Feature","geometry":{"type":"Point","coordinates":[140.571785,42.083732]},"properties":{"code":2941,"type":"IC","name":"森ＩＣ"}},{"type":"Feature","geometry":{"type":"Point","coordinates":[140.252109,42.263717]},"properties":{"code":2941,"type":"IC","name":"八雲ＩＣ"}},{"type":"Feature","geometry":{"type":"Point","coordinates":[140.622554,42.007022]},"properties":{"code":2941,"type":"IC","name":"大沼公園ＩＣ"}},{"type":"Feature","geometry":{"type":"Point","coordinates":[140.619035,41.805806]},"properties":{"code":2941,"type":"IC","name":"北斗富川ＩＣ"}},{"type":"Feature","geometry":{"type":"Point","coordinates":[140.44909,41.694193]},"properties":{"code":2941,"type":"IC","name":"木古内ＩＣ"}},{"type":"Feature","geometry":{"type":"Point","coordinates":[140.590539,41.76587]},"properties":{"code":2941,"type":"IC","name":"北斗茂辺地ＩＣ"}},{"type":"Feature","geometry":{"type":"Point","coordinates":[131.139765,34.308101]},"properties":{"code":2941,"type":"IC","name":"俵山北ＩＣ"}},{"type":"Feature","geometry":{"type":"Point","coordinates":[131.17547,34.342834]},"properties":{"code":2941,"type":"IC","name":"長門湯本温泉ＩＣ"}},{"type":"Feature","geometry":{"type":"Point","coordinates":[131.255722,34.362604]},"properties":{"code":2941,"type":"IC","name":"三隅ＩＣ"}},{"type":"Feature","geometry":{"type":"Point","coordinates":[131.322198,34.387646]},"properties":{"code":2944,"type":"PA","name":"明石ＰＡ"}},{"type":"Feature","geometry":{"type":"Point","coordinates":[131.324215,34.38839]},"properties":{"code":2941,"type":"IC","name":"明石ＩＣ"}},{"type":"Feature","geometry":{"type":"Point","coordinates":[131.349063,34.385663]},"properties":{"code":2941,"type":"IC","name":"三見ＩＣ"}},{"type":"Feature","geometry":{"type":"Point","coordinates":[131.403909,34.388673]},"properties":{"code":2941,"type":"IC","name":"萩ＩＣ"}},{"type":"Feature","geometry":{"type":"Point","coordinates":[131.810746,34.67317]},"properties":{"code":2941,"type":"IC","name":"萩・石見空港ＩＣ"}},{"type":"Feature","geometry":{"type":"Point","coordinates":[131.824436,34.688134]},"properties":{"code":2941,"type":"IC","name":"高津ＩＣ"}},{"type":"Feature","geometry":{"type":"Point","coordinates":[131.811519,34.659687]},"properties":{"code":2941,"type":"IC","name":"須子ＩＣ"}},{"type":"Feature","geometry":{"type":"Point","coordinates":[131.898336,34.359096]},"properties":{"code":2944,"type":"PA","name":"朝倉ＰＡ"}},{"type":"Feature","geometry":{"type":"Point","coordinates":[131.9455,34.351656]},"properties":{"code":2941,"type":"IC","name":"六日市ＩＣ"}},{"type":"Feature","geometry":{"type":"Point","coordinates":[132.015409,34.38669]},"properties":{"code":2944,"type":"PA","name":"深谷ＰＡ"}},{"type":"Feature","geometry":{"type":"Point","coordinates":[132.129908,34.476703]},"properties":{"code":2943,"type":"SA","name":"吉和ＳＡ"}},{"type":"Feature","geometry":{"type":"Point","coordinates":[132.153425,34.483672]},"properties":{"code":2941,"type":"IC","name":"吉和ＩＣ"}},{"type":"Feature","geometry":{"type":"Point","coordinates":[131.860957,34.708175]},"properties":{"code":2941,"type":"IC","name":"遠田ＩＣ"}},{"type":"Feature","geometry":{"type":"Point","coordinates":[131.848941,34.69692]},"properties":{"code":2941,"type":"IC","name":"久城ＩＣ"}},{"type":"Feature","geometry":{"type":"Point","coordinates":[132.008801,34.841352]},"properties":{"code":2941,"type":"IC","name":"西村ＩＣ"}},{"type":"Feature","geometry":{"type":"Point","coordinates":[131.927948,34.764461]},"properties":{"code":2941,"type":"IC","name":"岡見ＩＣ"}},{"type":"Feature","geometry":{"type":"Point","coordinates":[131.967816,34.797312]},"properties":{"code":2941,"type":"IC","name":"石見三隅ＩＣ"}},{"type":"Feature","geometry":{"type":"Point","coordinates":[132.065792,34.878432]},"properties":{"code":2941,"type":"IC","name":"浜田港ＩＣ"}},{"type":"Feature","geometry":{"type":"Point","coordinates":[132.066951,34.884276]},"properties":{"code":2941,"type":"IC","name":"原井ＩＣ"}},{"type":"Feature","geometry":{"type":"Point","coordinates":[132.083344,34.893746]},"properties":{"code":2941,"type":"IC","name":"竹迫ＩＣ"}},{"type":"Feature","geometry":{"type":"Point","coordinates":[132.177114,34.970621]},"properties":{"code":2941,"type":"IC","name":"江津西ＩＣ"}},{"type":"Feature","geometry":{"type":"Point","coordinates":[132.106519,34.911203]},"properties":{"code":2941,"type":"IC","name":"浜田ＩＣ"}},{"type":"Feature","geometry":{"type":"Point","coordinates":[132.120166,34.906909]},"properties":{"code":2942,"type":"JCT","name":"浜田ＪＣＴ"}},{"type":"Feature","geometry":{"type":"Point","coordinates":[132.103643,34.894696]},"properties":{"code":2941,"type":"IC","name":"相生ＩＣ"}},{"type":"Feature","geometry":{"type":"Point","coordinates":[132.145743,34.928269]},"properties":{"code":2941,"type":"IC","name":"浜田東ＩＣ"}},{"type":"Feature","geometry":{"type":"Point","coordinates":[133.094902,35.470946]},"properties":{"code":2941,"type":"IC","name":"西尾ＩＣ"}},{"type":"Feature","geometry":{"type":"Point","coordinates":[133.438826,35.460985]},"properties":{"code":2941,"type":"IC","name":"淀江ＩＣ"}},{"type":"Feature","geometry":{"type":"Point","coordinates":[133.465819,35.478216]},"properties":{"code":2941,"type":"IC","name":"大山ＩＣ"}},{"type":"Feature","geometry":{"type":"Point","coordinates":[133.507276,35.501452]},"properties":{"code":2941,"type":"IC","name":"名和ＩＣ"}},{"type":"Feature","geometry":{"type":"Point","coordinates":[133.582292,35.508649]},"properties":{"code":2941,"type":"IC","name":"中山ＩＣ"}},{"type":"Feature","geometry":{"type":"Point","coordinates":[134.68616,35.622733]},"properties":{"code":2941,"type":"IC","name":"佐津ＩＣ"}},{"type":"Feature","geometry":{"type":"Point","coordinates":[134.763322,35.466577]},"properties":{"code":2941,"type":"IC","name":"日高神鍋高原ＩＣ"}},{"type":"Feature","geometry":{"type":"Point","coordinates":[134.802074,35.50809]},"properties":{"code":2941,"type":"IC","name":"但馬空港ＩＣ"}},{"type":"Feature","geometry":{"type":"Point","coordinates":[134.802375,35.523111]},"properties":{"code":2941,"type":"IC","name":"豊岡出石ＩＣ"}},{"type":"Feature","geometry":{"type":"Point","coordinates":[134.782891,35.491634]},"properties":{"code":2941,"type":"IC","name":"日高北ＩＣ"}},{"type":"Feature","geometry":{"type":"Point","coordinates":[134.500465,35.621128]},"properties":{"code":2941,"type":"IC","name":"久斗ＩＣ"}},{"type":"Feature","geometry":{"type":"Point","coordinates":[134.567199,35.637906]},"properties":{"code":2941,"type":"IC","name":"余部ＩＣ"}},{"type":"Feature","geometry":{"type":"Point","coordinates":[134.623504,35.629779]},"properties":{"code":2941,"type":"IC","name":"香住ＩＣ"}},{"type":"Feature","geometry":{"type":"Point","coordinates":[134.393649,35.614884]},"properties":{"code":2941,"type":"IC","name":"居組ＩＣ"}},{"type":"Feature","geometry":{"type":"Point","coordinates":[134.470382,35.611569]},"properties":{"code":2941,"type":"IC","name":"新温泉浜坂ＩＣ"}},{"type":"Feature","geometry":{"type":"Point","coordinates":[134.29812,35.569691]},"properties":{"code":2941,"type":"IC","name":"大谷ＩＣ"}},{"type":"Feature","geometry":{"type":"Point","coordinates":[134.315801,35.572937]},"properties":{"code":2941,"type":"IC","name":"岩美ＩＣ"}},{"type":"Feature","geometry":{"type":"Point","coordinates":[134.332623,35.581629]},"properties":{"code":2941,"type":"IC","name":"浦富ＩＣ"}},{"type":"Feature","geometry":{"type":"Point","coordinates":[134.365711,35.597403]},"properties":{"code":2941,"type":"IC","name":"東浜ＩＣ"}},{"type":"Feature","geometry":{"type":"Point","coordinates":[134.134526,35.493521]},"properties":{"code":2941,"type":"IC","name":"吉岡温泉ＩＣ"}},{"type":"Feature","geometry":{"type":"Point","coordinates":[134.190788,35.493416]},"properties":{"code":2941,"type":"IC","name":"鳥取西ＩＣ"}},{"type":"Feature","geometry":{"type":"Point","coordinates":[134.197183,35.479334]},"properties":{"code":2941,"type":"IC","name":"鳥取ＩＣ"}},{"type":"Feature","geometry":{"type":"Point","coordinates":[134.256663,35.541271]},"properties":{"code":2941,"type":"IC","name":"福部ＩＣ"}},{"type":"Feature","geometry":{"type":"Point","coordinates":[134.001617,35.512666]},"properties":{"code":2941,"type":"IC","name":"青谷ＩＣ"}},{"type":"Feature","geometry":{"type":"Point","coordinates":[134.052515,35.498657]},"properties":{"code":2941,"type":"IC","name":"浜村鹿野温泉ＩＣ"}},{"type":"Feature","geometry":{"type":"Point","coordinates":[134.071355,35.501173]},"properties":{"code":2941,"type":"IC","name":"瑞穂宝木ＩＣ"}},{"type":"Feature","geometry":{"type":"Point","coordinates":[133.809099,35.486043]},"properties":{"code":2941,"type":"IC","name":"北栄ＩＣ"}},{"type":"Feature","geometry":{"type":"Point","coordinates":[133.808584,35.465284]},"properties":{"code":2941,"type":"IC","name":"北栄南ＩＣ"}},{"type":"Feature","geometry":{"type":"Point","coordinates":[133.873301,35.496805]},"properties":{"code":2941,"type":"IC","name":"はわいＩＣ"}},{"type":"Feature","geometry":{"type":"Point","coordinates":[133.927031,35.507706]},"properties":{"code":2941,"type":"IC","name":"泊東郷ＩＣ"}},{"type":"Feature","geometry":{"type":"Point","coordinates":[133.599801,35.508719]},"properties":{"code":2941,"type":"IC","name":"赤碕中山ＩＣ"}},{"type":"Feature","geometry":{"type":"Point","coordinates":[133.631215,35.509103]},"properties":{"code":2941,"type":"IC","name":"琴浦船上山ＩＣ"}},{"type":"Feature","geometry":{"type":"Point","coordinates":[133.65881,35.500404]},"properties":{"code":2941,"type":"IC","name":"琴の浦ＩＣ"}},{"type":"Feature","geometry":{"type":"Point","coordinates":[133.718891,35.50002]},"properties":{"code":2941,"type":"IC","name":"大栄東伯ＩＣ"}},{"type":"Feature","geometry":{"type":"Point","coordinates":[133.69679,35.485065]},"properties":{"code":2941,"type":"IC","name":"琴浦東ＩＣ"}},{"type":"Feature","geometry":{"type":"Point","coordinates":[133.808112,35.446966]},"properties":{"code":2941,"type":"IC","name":"倉吉ＩＣ"}},{"type":"Feature","geometry":{"type":"Point","coordinates":[133.779488,35.391744]},"properties":{"code":2941,"type":"IC","name":"倉吉南ＩＣ"}},{"type":"Feature","geometry":{"type":"Point","coordinates":[133.791976,35.423854]},"properties":{"code":2941,"type":"IC","name":"倉吉西ＩＣ"}},{"type":"Feature","geometry":{"type":"Point","coordinates":[133.793435,35.416475]},"properties":{"code":2941,"type":"IC","name":"倉吉小鴨ＩＣ"}},{"type":"Feature","geometry":{"type":"Point","coordinates":[133.618212,35.271726]},"properties":{"code":2941,"type":"IC","name":"蒜山ＩＣ"}},{"type":"Feature","geometry":{"type":"Point","coordinates":[133.629069,35.272146]},"properties":{"code":2943,"type":"SA","name":"蒜山高原ＳＡ"}},{"type":"Feature","geometry":{"type":"Point","coordinates":[133.741465,35.169458]},"properties":{"code":2941,"type":"IC","name":"湯原ＩＣ"}},{"type":"Feature","geometry":{"type":"Point","coordinates":[133.658509,34.976951]},"properties":{"code":2941,"type":"IC","name":"北房ＩＣ"}},{"type":"Feature","geometry":{"type":"Point","coordinates":[133.681383,34.911308]},"properties":{"code":2941,"type":"IC","name":"有漢ＩＣ"}},{"type":"Feature","geometry":{"type":"Point","coordinates":[133.683014,34.984054]},"properties":{"code":2942,"type":"JCT","name":"北房ＪＣＴ"}},{"type":"Feature","geometry":{"type":"Point","coordinates":[133.746786,35.025112]},"properties":{"code":2941,"type":"IC","name":"落合ＩＣ"}},{"type":"Feature","geometry":{"type":"Point","coordinates":[133.729577,35.009366]},"properties":{"code":2944,"type":"PA","name":"真庭ＰＡ"}},{"type":"Feature","geometry":{"type":"Point","coordinates":[133.781419,35.104392]},"properties":{"code":2944,"type":"PA","name":"上野ＰＡ"}},{"type":"Feature","geometry":{"type":"Point","coordinates":[133.791718,35.070715]},"properties":{"code":2941,"type":"IC","name":"久世ＩＣ"}},{"type":"Feature","geometry":{"type":"Point","coordinates":[133.808928,35.051114]},"properties":{"code":2942,"type":"JCT","name":"落合ＪＣＴ"}},{"type":"Feature","geometry":{"type":"Point","coordinates":[133.819184,35.0554]},"properties":{"code":2944,"type":"PA","name":"美作追分ＰＡ"}},{"type":"Feature","geometry":{"type":"Point","coordinates":[133.950763,35.065481]},"properties":{"code":2941,"type":"IC","name":"院庄ＩＣ"}},{"type":"Feature","geometry":{"type":"Point","coordinates":[133.973379,35.064954]},"properties":{"code":2944,"type":"PA","name":"二宮ＰＡ"}},{"type":"Feature","geometry":{"type":"Point","coordinates":[134.049039,35.063936]},"properties":{"code":2941,"type":"IC","name":"津山ＩＣ"}},{"type":"Feature","geometry":{"type":"Point","coordinates":[134.099851,35.045035]},"properties":{"code":2943,"type":"SA","name":"勝央ＳＡ"}},{"type":"Feature","geometry":{"type":"Point","coordinates":[134.061699,34.886776]},"properties":{"code":2941,"type":"IC","name":"吉井ＩＣ"}},{"type":"Feature","geometry":{"type":"Point","coordinates":[134.137702,35.029364]},"properties":{"code":2941,"type":"IC","name":"勝央ＩＣ"}},{"type":"Feature","geometry":{"type":"Point","coordinates":[134.162378,35.02606]},"properties":{"code":2941,"type":"IC","name":"美作ＩＣ"}},{"type":"Feature","geometry":{"type":"Point","coordinates":[134.193578,35.022757]},"properties":{"code":2944,"type":"PA","name":"楢原ＰＡ"}},{"type":"Feature","geometry":{"type":"Point","coordinates":[134.24911,35.015482]},"properties":{"code":2941,"type":"IC","name":"作東ＩＣ"}},{"type":"Feature","geometry":{"type":"Point","coordinates":[134.138474,35.035197]},"properties":{"code":2942,"type":"JCT","name":"勝央ＪＣＴ"}},{"type":"Feature","geometry":{"type":"Point","coordinates":[134.226108,35.285144]},"properties":{"code":2941,"type":"IC","name":"智頭ＩＣ"}},{"type":"Feature","geometry":{"type":"Point","coordinates":[134.288292,35.237558]},"properties":{"code":2941,"type":"IC","name":"智頭南ＩＣ"}},{"type":"Feature","geometry":{"type":"Point","coordinates":[134.206281,35.431267]},"properties":{"code":2941,"type":"IC","name":"鳥取南ＩＣ"}},{"type":"Feature","geometry":{"type":"Point","coordinates":[134.204307,35.394123]},"properties":{"code":2941,"type":"IC","name":"河原ＩＣ"}},{"type":"Feature","geometry":{"type":"Point","coordinates":[134.195809,35.355491]},"properties":{"code":2941,"type":"IC","name":"用瀬ＩＣ"}},{"type":"Feature","geometry":{"type":"Point","coordinates":[134.196582,35.355841]},"properties":{"code":2944,"type":"PA","name":"用瀬ＰＡ"}},{"type":"Feature","geometry":{"type":"Point","coordinates":[134.300566,35.22925]},"properties":{"code":2941,"type":"IC","name":"福原ＰＡ"}},{"type":"Feature","geometry":{"type":"Point","coordinates":[134.334426,35.178509]},"properties":{"code":2941,"type":"IC","name":"西粟倉ＩＣ"}},{"type":"Feature","geometry":{"type":"Point","coordinates":[134.74813,35.390484]},"properties":{"code":2941,"type":"IC","name":"八鹿氷ノ山ＩＣ"}},{"type":"Feature","geometry":{"type":"Point","coordinates":[134.761519,35.359691]},"properties":{"code":2941,"type":"IC","name":"養父ＩＣ"}},{"type":"Feature","geometry":{"type":"Point","coordinates":[134.824734,35.294777]},"properties":{"code":2944,"type":"PA","name":"和田山ＰＡ"}},{"type":"Feature","geometry":{"type":"Point","coordinates":[134.847565,35.314495]},"properties":{"code":2942,"type":"JCT","name":"和田山ＪＣＴ・ＩＣ"}},{"type":"Feature","geometry":{"type":"Point","coordinates":[134.86855,35.310187]},"properties":{"code":2944,"type":"PA","name":"山東ＰＡ"}},{"type":"Feature","geometry":{"type":"Point","coordinates":[134.90756,35.302833]},"properties":{"code":2941,"type":"IC","name":"山東ＩＣ"}},{"type":"Feature","geometry":{"type":"Point","coordinates":[134.783278,35.228198]},"properties":{"code":2941,"type":"IC","name":"朝来ＩＣ"}},{"type":"Feature","geometry":{"type":"Point","coordinates":[134.793577,35.212702]},"properties":{"code":2943,"type":"SA","name":"朝来ＳＡ"}},{"type":"Feature","geometry":{"type":"Point","coordinates":[134.862885,34.934145]},"properties":{"code":2941,"type":"IC","name":"加西ＩＣ"}},{"type":"Feature","geometry":{"type":"Point","coordinates":[134.963951,34.931084]},"properties":{"code":2941,"type":"IC","name":"滝野社ＩＣ"}},{"type":"Feature","geometry":{"type":"Point","coordinates":[134.692554,34.963165]},"properties":{"code":2945,"type":"スマートIC","name":"夢前ＳＩＣ"}},{"type":"Feature","geometry":{"type":"Point","coordinates":[134.767613,35.024971]},"properties":{"code":2943,"type":"SA","name":"市川ＳＡ"}},{"type":"Feature","geometry":{"type":"Point","coordinates":[134.762721,34.948744]},"properties":{"code":2941,"type":"IC","name":"福崎ＩＣ"}},{"type":"Feature","geometry":{"type":"Point","coordinates":[134.801173,34.946845]},"properties":{"code":2943,"type":"SA","name":"加西ＳＡ"}},{"type":"Feature","geometry":{"type":"Point","coordinates":[134.513512,35.014357]},"properties":{"code":2942,"type":"JCT","name":"宍粟ＪＣＴ"}},{"type":"Feature","geometry":{"type":"Point","coordinates":[134.549904,34.998855]},"properties":{"code":2941,"type":"IC","name":"山崎ＩＣ"}},{"type":"Feature","geometry":{"type":"Point","coordinates":[134.603248,34.983808]},"properties":{"code":2944,"type":"PA","name":"安富ＰＡ"}},{"type":"Feature","geometry":{"type":"Point","coordinates":[134.485488,35.031437]},"properties":{"code":2944,"type":"PA","name":"揖保川ＰＡ"}},{"type":"Feature","geometry":{"type":"Point","coordinates":[134.332581,35.102987]},"properties":{"code":2941,"type":"IC","name":"大原ＩＣ"}},{"type":"Feature","geometry":{"type":"Point","coordinates":[134.36408,35.058245]},"properties":{"code":2941,"type":"IC","name":"佐用平福ＩＣ"}},{"type":"Feature","geometry":{"type":"Point","coordinates":[134.307947,35.008768]},"properties":{"code":2944,"type":"PA","name":"上月ＰＡ"}},{"type":"Feature","geometry":{"type":"Point","coordinates":[134.37129,35.021492]},"properties":{"code":2941,"type":"IC","name":"佐用ＩＣ"}},{"type":"Feature","geometry":{"type":"Point","coordinates":[134.389443,35.02107]},"properties":{"code":2942,"type":"JCT","name":"佐用ＪＣＴ"}},{"type":"Feature","geometry":{"type":"Point","coordinates":[134.453259,34.932597]},"properties":{"code":2941,"type":"IC","name":"播磨新宮ＩＣ"}},{"type":"Feature","geometry":{"type":"Point","coordinates":[134.299836,34.779373]},"properties":{"code":2944,"type":"PA","name":"福石ＰＡ"}},{"type":"Feature","geometry":{"type":"Point","coordinates":[134.373522,34.773944]},"properties":{"code":2941,"type":"IC","name":"赤穂ＩＣ"}},{"type":"Feature","geometry":{"type":"Point","coordinates":[134.490166,34.829516]},"properties":{"code":2942,"type":"JCT","name":"播磨ＪＣＴ"}},{"type":"Feature","geometry":{"type":"Point","coordinates":[134.501667,34.83251]},"properties":{"code":2943,"type":"SA","name":"龍野西ＳＡ"}},{"type":"Feature","geometry":{"type":"Point","coordinates":[134.503641,34.833391]},"properties":{"code":2941,"type":"IC","name":"龍野西ＩＣ"}},{"type":"Feature","geometry":{"type":"Point","coordinates":[134.545012,34.850932]},"properties":{"code":2941,"type":"IC","name":"龍野ＩＣ"}},{"type":"Feature","geometry":{"type":"Point","coordinates":[134.618611,34.869454]},"properties":{"code":2941,"type":"IC","name":"山陽姫路西ＩＣ"}},{"type":"Feature","geometry":{"type":"Point","coordinates":[134.623461,34.873996]},"properties":{"code":2944,"type":"PA","name":"白鳥ＰＡ"}},{"type":"Feature","geometry":{"type":"Point","coordinates":[134.6314,34.87882]},"properties":{"code":2944,"type":"PA","name":"白鳥ＰＡ"}},{"type":"Feature","geometry":{"type":"Point","coordinates":[134.741478,34.861179]},"properties":{"code":2944,"type":"PA","name":"豊富ＰＡ"}},{"type":"Feature","geometry":{"type":"Point","coordinates":[134.739976,34.851284]},"properties":{"code":2941,"type":"IC","name":"山陽姫路東ＩＣ"}},{"type":"Feature","geometry":{"type":"Point","coordinates":[134.739633,34.836244]},"properties":{"code":2941,"type":"IC","name":"花田ＩＣ"}},{"type":"Feature","geometry":{"type":"Point","coordinates":[134.743023,34.800131]},"properties":{"code":2942,"type":"JCT","name":"姫路ＪＣＴ"}},{"type":"Feature","geometry":{"type":"Point","coordinates":[134.75122,34.800096]},"properties":{"code":2944,"type":"PA","name":"別所ＰＡ"}},{"type":"Feature","geometry":{"type":"Point","coordinates":[134.830956,34.8491]},"properties":{"code":2941,"type":"IC","name":"加古川北ＩＣ"}},{"type":"Feature","geometry":{"type":"Point","coordinates":[134.87606,34.836914]},"properties":{"code":2944,"type":"PA","name":"権現湖ＰＡ"}},{"type":"Feature","geometry":{"type":"Point","coordinates":[134.853959,34.762064]},"properties":{"code":2942,"type":"JCT","name":"加古川中央ＪＣＴ"}},{"type":"Feature","geometry":{"type":"Point","coordinates":[134.980474,34.816552]},"properties":{"code":2943,"type":"SA","name":"三木ＳＡ"}},{"type":"Feature","geometry":{"type":"Point","coordinates":[134.959874,34.813169]},"properties":{"code":2941,"type":"IC","name":"三木小野ＩＣ"}},{"type":"Feature","geometry":{"type":"Point","coordinates":[134.896917,34.721086]},"properties":{"code":2941,"type":"IC","name":"明石西ＩＣ"}},{"type":"Feature","geometry":{"type":"Point","coordinates":[134.942021,34.710432]},"properties":{"code":2941,"type":"IC","name":"大久保ＩＣ"}},{"type":"Feature","geometry":{"type":"Point","coordinates":[134.954596,34.70447]},"properties":{"code":2943,"type":"SA","name":"明石ＳＡ"}},{"type":"Feature","geometry":{"type":"Point","coordinates":[134.982448,34.683405]},"properties":{"code":2941,"type":"IC","name":"玉津ＩＣ"}},{"type":"Feature","geometry":{"type":"Point","coordinates":[134.873013,34.51179]},"properties":{"code":2944,"type":"PA","name":"室津ＰＡ"}},{"type":"Feature","geometry":{"type":"Point","coordinates":[134.89254,34.520984]},"properties":{"code":2941,"type":"IC","name":"北淡ＩＣ"}},{"type":"Feature","geometry":{"type":"Point","coordinates":[134.980173,34.544282]},"properties":{"code":2941,"type":"IC","name":"東浦ＩＣ"}},{"type":"Feature","geometry":{"type":"Point","coordinates":[134.872413,34.439903]},"properties":{"code":2941,"type":"IC","name":"津名一宮ＩＣ"}},{"type":"Feature","geometry":{"type":"Point","coordinates":[134.860396,34.373231]},"properties":{"code":2945,"type":"スマートIC","name":"淡路島中央ＳＩＣ"}},{"type":"Feature","geometry":{"type":"Point","coordinates":[134.840913,34.34294]},"properties":{"code":2941,"type":"IC","name":"洲本ＩＣ"}},{"type":"Feature","geometry":{"type":"Point","coordinates":[134.751735,34.311929]},"properties":{"code":2941,"type":"IC","name":"西淡三原ＩＣ"}},{"type":"Feature","geometry":{"type":"Point","coordinates":[134.816451,34.326958]},"properties":{"code":2944,"type":"PA","name":"緑ＰＡ"}},{"type":"Feature","geometry":{"type":"Point","coordinates":[134.194179,34.308739]},"properties":{"code":2941,"type":"IC","name":"志度ＩＣ"}},{"type":"Feature","geometry":{"type":"Point","coordinates":[134.160833,34.787268]},"properties":{"code":2941,"type":"IC","name":"和気ＩＣ"}},{"type":"Feature","geometry":{"type":"Point","coordinates":[134.264345,34.783215]},"properties":{"code":2941,"type":"IC","name":"備前ＩＣ"}},{"type":"Feature","geometry":{"type":"Point","coordinates":[134.027839,34.74535]},"properties":{"code":2941,"type":"IC","name":"山陽ＩＣ"}},{"type":"Feature","geometry":{"type":"Point","coordinates":[134.062042,34.833602]},"properties":{"code":2941,"type":"IC","name":"佐伯ＩＣ"}},{"type":"Feature","geometry":{"type":"Point","coordinates":[134.062257,34.797101]},"properties":{"code":2941,"type":"IC","name":"熊山ＩＣ"}},{"type":"Feature","geometry":{"type":"Point","coordinates":[134.053674,34.766329]},"properties":{"code":2941,"type":"IC","name":"瀬戸ＩＣ"}},{"type":"Feature","geometry":{"type":"Point","coordinates":[134.081955,34.770525]},"properties":{"code":2944,"type":"PA","name":"瀬戸ＰＡ"}},{"type":"Feature","geometry":{"type":"Point","coordinates":[133.797426,34.693427]},"properties":{"code":2941,"type":"IC","name":"岡山総社ＩＣ"}},{"type":"Feature","geometry":{"type":"Point","coordinates":[133.819098,34.677053]},"properties":{"code":2942,"type":"JCT","name":"岡山ＪＣＴ"}},{"type":"Feature","geometry":{"type":"Point","coordinates":[133.776183,34.623991]},"properties":{"code":2941,"type":"IC","name":"倉敷ＩＣ"}},{"type":"Feature","geometry":{"type":"Point","coordinates":[133.792748,34.626393]},"properties":{"code":2942,"type":"JCT","name":"倉敷ＪＣＴ"}},{"type":"Feature","geometry":{"type":"Point","coordinates":[133.812876,34.600609]},"properties":{"code":2941,"type":"IC","name":"早島ＩＣ"}},{"type":"Feature","geometry":{"type":"Point","coordinates":[133.871584,34.694732]},"properties":{"code":2943,"type":"SA","name":"吉備ＳＡ"}},{"type":"Feature","geometry":{"type":"Point","coordinates":[133.871541,34.691592]},"properties":{"code":2945,"type":"スマートIC","name":"吉備ＳＩＣ"}},{"type":"Feature","geometry":{"type":"Point","coordinates":[133.886776,34.701507]},"properties":{"code":2941,"type":"IC","name":"岡山ＩＣ"}},{"type":"Feature","geometry":{"type":"Point","coordinates":[133.661599,34.876038]},"properties":{"code":2943,"type":"SA","name":"高梁ＳＡ"}},{"type":"Feature","geometry":{"type":"Point","coordinates":[133.682671,34.809927]},"properties":{"code":2941,"type":"IC","name":"賀陽ＩＣ"}},{"type":"Feature","geometry":{"type":"Point","coordinates":[133.754125,34.698225]},"properties":{"code":2944,"type":"PA","name":"総社ＰＡ"}},{"type":"Feature","geometry":{"type":"Point","coordinates":[133.643746,34.567327]},"properties":{"code":2944,"type":"PA","name":"道口ＰＡ"}},{"type":"Feature","geometry":{"type":"Point","coordinates":[133.687263,34.5845]},"properties":{"code":2941,"type":"IC","name":"玉島ＩＣ"}},{"type":"Feature","geometry":{"type":"Point","coordinates":[133.799229,34.542833]},"properties":{"code":2944,"type":"PA","name":"粒江ＰＡ"}},{"type":"Feature","geometry":{"type":"Point","coordinates":[133.802147,34.531591]},"properties":{"code":2941,"type":"IC","name":"水島ＩＣ"}},{"type":"Feature","geometry":{"type":"Point","coordinates":[133.779402,34.475182]},"properties":{"code":2943,"type":"SA","name":"鴻ノ池ＳＡ"}},{"type":"Feature","geometry":{"type":"Point","coordinates":[133.801589,34.449883]},"properties":{"code":2941,"type":"IC","name":"児島ＩＣ"}},{"type":"Feature","geometry":{"type":"Point","coordinates":[133.817811,34.386477]},"properties":{"code":2944,"type":"PA","name":"与島ＰＡ"}},{"type":"Feature","geometry":{"type":"Point","coordinates":[133.834763,34.319657]},"properties":{"code":2941,"type":"IC","name":"坂出北ＩＣ"}},{"type":"Feature","geometry":{"type":"Point","coordinates":[133.459296,34.535728]},"properties":{"code":2944,"type":"PA","name":"篠坂ＰＡ"}},{"type":"Feature","geometry":{"type":"Point","coordinates":[133.49968,34.472387]},"properties":{"code":2941,"type":"IC","name":"カブト南ＩＣ"}},{"type":"Feature","geometry":{"type":"Point","coordinates":[133.512039,34.535728]},"properties":{"code":2941,"type":"IC","name":"笠岡ＩＣ"}},{"type":"Feature","geometry":{"type":"Point","coordinates":[133.591261,34.55266]},"properties":{"code":2941,"type":"IC","name":"鴨方ＩＣ"}},{"type":"Feature","geometry":{"type":"Point","coordinates":[133.52839,34.482222]},"properties":{"code":2941,"type":"IC","name":"笠岡東ＩＣ"}},{"type":"Feature","geometry":{"type":"Point","coordinates":[133.314886,34.490853]},"properties":{"code":2945,"type":"スマートIC","name":"福山ＳＡＳＩＣ"}},{"type":"Feature","geometry":{"type":"Point","coordinates":[133.314757,34.490287]},"properties":{"code":2943,"type":"SA","name":"福山ＳＡ"}},{"type":"Feature","geometry":{"type":"Point","coordinates":[133.395138,34.513735]},"properties":{"code":2941,"type":"IC","name":"福山東ＩＣ"}},{"type":"Feature","geometry":{"type":"Point","coordinates":[133.192964,34.381377]},"properties":{"code":2941,"type":"IC","name":"向島ＩＣ"}},{"type":"Feature","geometry":{"type":"Point","coordinates":[133.217897,34.431726]},"properties":{"code":2941,"type":"IC","name":"西瀬戸尾道ＩＣ"}},{"type":"Feature","geometry":{"type":"Point","coordinates":[133.219228,34.418345]},"properties":{"code":2941,"type":"IC","name":"尾道大橋出入口"}},{"type":"Feature","geometry":{"type":"Point","coordinates":[133.23545,34.449387]},"properties":{"code":2941,"type":"IC","name":"西藤ＩＣ"}},{"type":"Feature","geometry":{"type":"Point","coordinates":[133.169961,34.352259]},"properties":{"code":2944,"type":"PA","name":"大浜ＰＡ"}},{"type":"Feature","geometry":{"type":"Point","coordinates":[133.158202,34.335392]},"properties":{"code":2941,"type":"IC","name":"因島北ＩＣ"}},{"type":"Feature","geometry":{"type":"Point","coordinates":[133.155756,34.310547]},"properties":{"code":2941,"type":"IC","name":"因島南ＩＣ"}},{"type":"Feature","geometry":{"type":"Point","coordinates":[132.954826,34.430523]},"properties":{"code":2941,"type":"IC","name":"本郷ＩＣ"}},{"type":"Feature","geometry":{"type":"Point","coordinates":[133.010659,34.469521]},"properties":{"code":2944,"type":"PA","name":"高坂ＰＡ"}},{"type":"Feature","geometry":{"type":"Point","coordinates":[133.052545,34.462763]},"properties":{"code":2941,"type":"IC","name":"三原久井ＩＣ"}},{"type":"Feature","geometry":{"type":"Point","coordinates":[133.087606,34.591954]},"properties":{"code":2941,"type":"IC","name":"世羅ＩＣ"}},{"type":"Feature","geometry":{"type":"Point","coordinates":[133.097649,34.474404]},"properties":{"code":2944,"type":"PA","name":"八幡ＰＡ"}},{"type":"Feature","geometry":{"type":"Point","coordinates":[133.166227,34.516918]},"properties":{"code":2941,"type":"IC","name":"尾道北ＩＣ"}},{"type":"Feature","geometry":{"type":"Point","coordinates":[133.177643,34.462763]},"properties":{"code":2941,"type":"IC","name":"尾道ＩＣ"}},{"type":"Feature","geometry":{"type":"Point","coordinates":[133.193049,34.45919]},"properties":{"code":2942,"type":"JCT","name":"尾道ＪＣＴ"}},{"type":"Feature","geometry":{"type":"Point","coordinates":[133.237982,34.46156]},"properties":{"code":2941,"type":"IC","name":"福山西ＩＣ"}},{"type":"Feature","geometry":{"type":"Point","coordinates":[132.979031,34.735511]},"properties":{"code":2941,"type":"IC","name":"吉舎ＩＣ"}},{"type":"Feature","geometry":{"type":"Point","coordinates":[133.044348,34.690075]},"properties":{"code":2941,"type":"IC","name":"甲奴ＩＣ"}},{"type":"Feature","geometry":{"type":"Point","coordinates":[132.957015,34.826064]},"properties":{"code":2943,"type":"SA","name":"七塚原ＳＡ"}},{"type":"Feature","geometry":{"type":"Point","coordinates":[132.910709,34.80799]},"properties":{"code":2941,"type":"IC","name":"三次東ＩＣ"}},{"type":"Feature","geometry":{"type":"Point","coordinates":[132.908993,34.802704]},"properties":{"code":2942,"type":"JCT","name":"三次東ＪＣＴ"}},{"type":"Feature","geometry":{"type":"Point","coordinates":[132.942252,34.758185]},"properties":{"code":2941,"type":"IC","name":"三良坂ＩＣ"}},{"type":"Feature","geometry":{"type":"Point","coordinates":[133.02259,34.845754]},"properties":{"code":2941,"type":"IC","name":"庄原ＩＣ"}},{"type":"Feature","geometry":{"type":"Point","coordinates":[133.097134,34.855158]},"properties":{"code":2944,"type":"PA","name":"本村ＰＡ"}},{"type":"Feature","geometry":{"type":"Point","coordinates":[133.104386,34.86375]},"properties":{"code":2944,"type":"PA","name":"本村ＰＡ"}},{"type":"Feature","geometry":{"type":"Point","coordinates":[133.448224,34.998293]},"properties":{"code":2941,"type":"IC","name":"新見ＩＣ"}},{"type":"Feature","geometry":{"type":"Point","coordinates":[133.249784,34.893816]},"properties":{"code":2944,"type":"PA","name":"帝釈峡ＰＡ"}},{"type":"Feature","geometry":{"type":"Point","coordinates":[133.279481,34.888536]},"properties":{"code":2941,"type":"IC","name":"東城ＩＣ"}},{"type":"Feature","geometry":{"type":"Point","coordinates":[133.392477,34.995867]},"properties":{"code":2944,"type":"PA","name":"神郷ＰＡ"}},{"type":"Feature","geometry":{"type":"Point","coordinates":[133.541007,35.035865]},"properties":{"code":2943,"type":"SA","name":"大佐ＳＡ"}},{"type":"Feature","geometry":{"type":"Point","coordinates":[133.543839,35.036532]},"properties":{"code":2945,"type":"スマートIC","name":"大佐ＳＩＣ"}},{"type":"Feature","geometry":{"type":"Point","coordinates":[133.479338,35.300907]},"properties":{"code":2941,"type":"IC","name":"江府ＩＣ"}},{"type":"Feature","geometry":{"type":"Point","coordinates":[133.419642,35.386776]},"properties":{"code":2944,"type":"PA","name":"大山ＰＡ"}},{"type":"Feature","geometry":{"type":"Point","coordinates":[133.420329,35.384047]},"properties":{"code":2945,"type":"スマートIC","name":"大山高原ＳＩＣ"}},{"type":"Feature","geometry":{"type":"Point","coordinates":[133.452001,35.362631]},"properties":{"code":2941,"type":"IC","name":"溝口ＩＣ"}},{"type":"Feature","geometry":{"type":"Point","coordinates":[133.26107,35.416894]},"properties":{"code":2941,"type":"IC","name":"安来ＩＣ"}},{"type":"Feature","geometry":{"type":"Point","coordinates":[133.326259,35.409025]},"properties":{"code":2941,"type":"IC","name":"米子西ＩＣ"}},{"type":"Feature","geometry":{"type":"Point","coordinates":[133.331323,35.411543]},"properties":{"code":2941,"type":"IC","name":"米子中ＩＣ"}},{"type":"Feature","geometry":{"type":"Point","coordinates":[133.355784,35.416929]},"properties":{"code":2941,"type":"IC","name":"米子南ＩＣ"}},{"type":"Feature","geometry":{"type":"Point","coordinates":[133.399987,35.426442]},"properties":{"code":2942,"type":"JCT","name":"米子ＪＣＴ"}},{"type":"Feature","geometry":{"type":"Point","coordinates":[133.40548,35.426512]},"properties":{"code":2941,"type":"IC","name":"米子東ＩＣ"}},{"type":"Feature","geometry":{"type":"Point","coordinates":[133.37986,35.42263]},"properties":{"code":2941,"type":"IC","name":"日野川東ＩＣ"}},{"type":"Feature","geometry":{"type":"Point","coordinates":[133.400073,35.422035]},"properties":{"code":2941,"type":"IC","name":"米子ＩＣ"}},{"type":"Feature","geometry":{"type":"Point","coordinates":[133.068981,35.443715]},"properties":{"code":2941,"type":"IC","name":"松江中央ＩＣ"}},{"type":"Feature","geometry":{"type":"Point","coordinates":[133.085847,35.450078]},"properties":{"code":2941,"type":"IC","name":"松江東ＩＣ"}},{"type":"Feature","geometry":{"type":"Point","coordinates":[133.093486,35.448015]},"properties":{"code":2942,"type":"JCT","name":"松江ＪＣＴ"}},{"type":"Feature","geometry":{"type":"Point","coordinates":[133.102841,35.443575]},"properties":{"code":2941,"type":"IC","name":"矢田ＩＣ"}},{"type":"Feature","geometry":{"type":"Point","coordinates":[133.113141,35.440254]},"properties":{"code":2941,"type":"IC","name":"竹矢ＩＣ"}},{"type":"Feature","geometry":{"type":"Point","coordinates":[133.131852,35.427491]},"properties":{"code":2941,"type":"IC","name":"東出雲ＩＣ"}},{"type":"Feature","geometry":{"type":"Point","coordinates":[132.899938,35.393213]},"properties":{"code":2941,"type":"IC","name":"宍道ＩＣ"}},{"type":"Feature","geometry":{"type":"Point","coordinates":[132.894745,35.334033]},"properties":{"code":2945,"type":"スマートIC","name":"雲南加茂ＳＩＣ"}},{"type":"Feature","geometry":{"type":"Point","coordinates":[133.014822,35.424658]},"properties":{"code":2943,"type":"SA","name":"宍道湖ＳＡ"}},{"type":"Feature","geometry":{"type":"Point","coordinates":[133.038082,35.434135]},"properties":{"code":2941,"type":"IC","name":"松江玉造ＩＣ"}},{"type":"Feature","geometry":{"type":"Point","coordinates":[133.048382,35.436477]},"properties":{"code":2941,"type":"IC","name":"松江西ＩＣ"}},{"type":"Feature","geometry":{"type":"Point","coordinates":[132.880454,35.024795]},"properties":{"code":2941,"type":"IC","name":"高野ＩＣ"}},{"type":"Feature","geometry":{"type":"Point","coordinates":[132.880712,34.908669]},"properties":{"code":2941,"type":"IC","name":"口和ＩＣ"}},{"type":"Feature","geometry":{"type":"Point","coordinates":[132.829642,35.166196]},"properties":{"code":2941,"type":"IC","name":"雲南吉田ＩＣ"}},{"type":"Feature","geometry":{"type":"Point","coordinates":[132.890067,35.294427]},"properties":{"code":2941,"type":"IC","name":"三刀屋木次ＩＣ"}},{"type":"Feature","geometry":{"type":"Point","coordinates":[132.84359,35.196572]},"properties":{"code":2941,"type":"IC","name":"吉田掛合ＩＣ"}},{"type":"Feature","geometry":{"type":"Point","coordinates":[132.842431,35.367811]},"properties":{"code":2941,"type":"IC","name":"斐川ＩＣ"}},{"type":"Feature","geometry":{"type":"Point","coordinates":[132.882814,35.387546]},"properties":{"code":2942,"type":"JCT","name":"宍道ＪＣＴ"}},{"type":"Feature","geometry":{"type":"Point","coordinates":[132.888994,35.357416]},"properties":{"code":2944,"type":"PA","name":"加茂岩倉ＰＡ"}},{"type":"Feature","geometry":{"type":"Point","coordinates":[132.713299,35.325455]},"properties":{"code":2941,"type":"IC","name":"出雲ＩＣ"}},{"type":"Feature","geometry":{"type":"Point","coordinates":[132.56464,35.243832]},"properties":{"code":2941,"type":"IC","name":"大田朝山ＩＣ"}},{"type":"Feature","geometry":{"type":"Point","coordinates":[132.642832,35.285915]},"properties":{"code":2941,"type":"IC","name":"出雲多伎ＩＣ"}},{"type":"Feature","geometry":{"type":"Point","coordinates":[132.683988,35.302132]},"properties":{"code":2941,"type":"IC","name":"出雲湖陵ＩＣ"}},{"type":"Feature","geometry":{"type":"Point","coordinates":[132.458682,35.199588]},"properties":{"code":2941,"type":"IC","name":"大田静間ＩＣ"}},{"type":"Feature","geometry":{"type":"Point","coordinates":[132.509365,35.213088]},"properties":{"code":2941,"type":"IC","name":"大田中央・三瓶山ＩＣ"}},{"type":"Feature","geometry":{"type":"Point","coordinates":[132.328734,35.070083]},"properties":{"code":2941,"type":"IC","name":"石見福光ＩＣ"}},{"type":"Feature","geometry":{"type":"Point","coordinates":[132.344141,35.082305]},"properties":{"code":2941,"type":"IC","name":"温泉津ＩＣ"}},{"type":"Feature","geometry":{"type":"Point","coordinates":[132.413406,35.142441]},"properties":{"code":2941,"type":"IC","name":"仁摩・石見銀山ＩＣ"}},{"type":"Feature","geometry":{"type":"Point","coordinates":[132.377014,35.099336]},"properties":{"code":2941,"type":"IC","name":"湯里ＩＣ"}},{"type":"Feature","geometry":{"type":"Point","coordinates":[132.213635,35.002863]},"properties":{"code":2941,"type":"IC","name":"江津ＩＣ"}},{"type":"Feature","geometry":{"type":"Point","coordinates":[132.189946,34.883713]},"properties":{"code":2945,"type":"スマートIC","name":"金城ＳＩＣ"}},{"type":"Feature","geometry":{"type":"Point","coordinates":[132.192607,34.883009]},"properties":{"code":2944,"type":"PA","name":"金城ＰＡ"}},{"type":"Feature","geometry":{"type":"Point","coordinates":[132.262301,34.87294]},"properties":{"code":2941,"type":"IC","name":"旭ＩＣ"}},{"type":"Feature","geometry":{"type":"Point","coordinates":[132.525244,34.661134]},"properties":{"code":2942,"type":"JCT","name":"千代田ＪＣＴ"}},{"type":"Feature","geometry":{"type":"Point","coordinates":[132.40036,34.827614]},"properties":{"code":2941,"type":"IC","name":"瑞穂ＩＣ"}},{"type":"Feature","geometry":{"type":"Point","coordinates":[132.454734,34.780395]},"properties":{"code":2944,"type":"PA","name":"寒曵山ＰＡ"}},{"type":"Feature","geometry":{"type":"Point","coordinates":[132.487049,34.759807]},"properties":{"code":2941,"type":"IC","name":"大朝ＩＣ"}},{"type":"Feature","geometry":{"type":"Point","coordinates":[132.78441,34.75889]},"properties":{"code":2944,"type":"PA","name":"江の川ＰＡ"}},{"type":"Feature","geometry":{"type":"Point","coordinates":[132.812262,34.769009]},"properties":{"code":2944,"type":"PA","name":"江の川ＰＡ"}},{"type":"Feature","geometry":{"type":"Point","coordinates":[132.8614,34.785506]},"properties":{"code":2941,"type":"IC","name":"三次ＩＣ"}},{"type":"Feature","geometry":{"type":"Point","coordinates":[132.542067,34.67137]},"properties":{"code":2941,"type":"IC","name":"千代田ＩＣ"}},{"type":"Feature","geometry":{"type":"Point","coordinates":[132.600088,34.695579]},"properties":{"code":2944,"type":"PA","name":"本郷ＰＡ"}},{"type":"Feature","geometry":{"type":"Point","coordinates":[132.638154,34.716006]},"properties":{"code":2944,"type":"PA","name":"本郷ＰＡ"}},{"type":"Feature","geometry":{"type":"Point","coordinates":[132.680812,34.717664]},"properties":{"code":2941,"type":"IC","name":"高田ＩＣ"}},{"type":"Feature","geometry":{"type":"Point","coordinates":[132.622318,34.456359]},"properties":{"code":2944,"type":"PA","name":"奥屋ＰＡ"}},{"type":"Feature","geometry":{"type":"Point","coordinates":[132.644205,34.46011]},"properties":{"code":2941,"type":"IC","name":"志和ＩＣ"}},{"type":"Feature","geometry":{"type":"Point","coordinates":[132.75424,34.441637]},"properties":{"code":2941,"type":"IC","name":"西条ＩＣ"}},{"type":"Feature","geometry":{"type":"Point","coordinates":[132.793422,34.395543]},"properties":{"code":2941,"type":"IC","name":"上三永ＩＣ"}},{"type":"Feature","geometry":{"type":"Point","coordinates":[132.728791,34.361435]},"properties":{"code":2941,"type":"IC","name":"馬木ＩＣ"}},{"type":"Feature","geometry":{"type":"Point","coordinates":[132.752395,34.377552]},"properties":{"code":2941,"type":"IC","name":"下三永福本ＩＣ"}},{"type":"Feature","geometry":{"type":"Point","coordinates":[132.804794,34.433567]},"properties":{"code":2941,"type":"IC","name":"高屋ＩＣ"}},{"type":"Feature","geometry":{"type":"Point","coordinates":[132.808571,34.430877]},"properties":{"code":2942,"type":"JCT","name":"高屋ＪＣＴ"}},{"type":"Feature","geometry":{"type":"Point","coordinates":[132.834878,34.431266]},"properties":{"code":2943,"type":"SA","name":"小谷ＳＡ"}},{"type":"Feature","geometry":{"type":"Point","coordinates":[132.871571,34.429284]},"properties":{"code":2941,"type":"IC","name":"河内ＩＣ"}},{"type":"Feature","geometry":{"type":"Point","coordinates":[132.543526,34.450768]},"properties":{"code":2941,"type":"IC","name":"広島東ＩＣ"}},{"type":"Feature","geometry":{"type":"Point","coordinates":[132.64648,34.331317]},"properties":{"code":2941,"type":"IC","name":"黒瀬ＩＣ"}},{"type":"Feature","geometry":{"type":"Point","coordinates":[132.685747,34.345562]},"properties":{"code":2941,"type":"IC","name":"大多田ＩＣ"}},{"type":"Feature","geometry":{"type":"Point","coordinates":[132.392206,34.430523]},"properties":{"code":2941,"type":"IC","name":"五日市ＩＣ"}},{"type":"Feature","geometry":{"type":"Point","coordinates":[132.411819,34.449033]},"properties":{"code":2942,"type":"JCT","name":"広島ＪＣＴ"}},{"type":"Feature","geometry":{"type":"Point","coordinates":[132.519665,34.42139]},"properties":{"code":2944,"type":"PA","name":"温品ＰＡ"}},{"type":"Feature","geometry":{"type":"Point","coordinates":[132.49722,34.3569]},"properties":{"code":2942,"type":"JCT","name":"仁保ＪＣＴ"}},{"type":"Feature","geometry":{"type":"Point","coordinates":[132.50546,34.338333]},"properties":{"code":2941,"type":"IC","name":"坂北ＩＣ"}},{"type":"Feature","geometry":{"type":"Point","coordinates":[132.506146,34.328446]},"properties":{"code":2941,"type":"IC","name":"坂南ＩＣ"}},{"type":"Feature","geometry":{"type":"Point","coordinates":[132.403879,34.498847]},"properties":{"code":2944,"type":"PA","name":"久地ＰＡ"}},{"type":"Feature","geometry":{"type":"Point","coordinates":[132.388687,34.475324]},"properties":{"code":2941,"type":"IC","name":"広島西風新都ＩＣ"}},{"type":"Feature","geometry":{"type":"Point","coordinates":[132.423277,34.464356]},"properties":{"code":2945,"type":"スマートIC","name":"沼田ＰＡＳＩＣ"}},{"type":"Feature","geometry":{"type":"Point","coordinates":[132.422161,34.463259]},"properties":{"code":2944,"type":"PA","name":"沼田ＰＡ"}},{"type":"Feature","geometry":{"type":"Point","coordinates":[132.456579,34.574111]},"properties":{"code":2942,"type":"JCT","name":"広島北ＪＣＴ"}},{"type":"Feature","geometry":{"type":"Point","coordinates":[132.478595,34.586549]},"properties":{"code":2943,"type":"SA","name":"安佐ＳＡ"}},{"type":"Feature","geometry":{"type":"Point","coordinates":[132.452073,34.550009]},"properties":{"code":2941,"type":"IC","name":"広島北ＩＣ"}},{"type":"Feature","geometry":{"type":"Point","coordinates":[132.480783,34.465453]},"properties":{"code":2941,"type":"IC","name":"広島ＩＣ"}},{"type":"Feature","geometry":{"type":"Point","coordinates":[132.254491,34.561637]},"properties":{"code":2944,"type":"PA","name":"筒賀ＰＡ"}},{"type":"Feature","geometry":{"type":"Point","coordinates":[132.275176,34.576585]},"properties":{"code":2941,"type":"IC","name":"戸河内ＩＣ"}},{"type":"Feature","geometry":{"type":"Point","coordinates":[132.329249,34.576797]},"properties":{"code":2945,"type":"スマートIC","name":"加計ＳＩＣ"}},{"type":"Feature","geometry":{"type":"Point","coordinates":[132.31483,34.365261]},"properties":{"code":2943,"type":"SA","name":"宮島ＳＡ"}},{"type":"Feature","geometry":{"type":"Point","coordinates":[132.316804,34.366111]},"properties":{"code":2945,"type":"スマートIC","name":"宮島ＳＩＣ"}},{"type":"Feature","geometry":{"type":"Point","coordinates":[132.315474,34.344853]},"properties":{"code":2941,"type":"IC","name":"廿日市ＩＣ"}},{"type":"Feature","geometry":{"type":"Point","coordinates":[132.294617,34.337164]},"properties":{"code":2942,"type":"JCT","name":"廿日市ＪＣＴ"}},{"type":"Feature","geometry":{"type":"Point","coordinates":[132.216897,34.244907]},"properties":{"code":2941,"type":"IC","name":"大竹ＩＣ"}},{"type":"Feature","geometry":{"type":"Point","coordinates":[132.270069,34.295338]},"properties":{"code":2941,"type":"IC","name":"大野ＩＣ"}},{"type":"Feature","geometry":{"type":"Point","coordinates":[132.516832,34.290907]},"properties":{"code":2941,"type":"IC","name":"天応西ＩＣ"}},{"type":"Feature","geometry":{"type":"Point","coordinates":[132.52048,34.285765]},"properties":{"code":2941,"type":"IC","name":"天応東ＩＣ"}},{"type":"Feature","geometry":{"type":"Point","coordinates":[132.561636,34.252676]},"properties":{"code":2941,"type":"IC","name":"呉ＩＣ"}},{"type":"Feature","geometry":{"type":"Point","coordinates":[132.626524,34.306116]},"properties":{"code":2941,"type":"IC","name":"郷原ＩＣ"}},{"type":"Feature","geometry":{"type":"Point","coordinates":[132.607512,34.237422]},"properties":{"code":2941,"type":"IC","name":"阿賀ＩＣ"}},{"type":"Feature","geometry":{"type":"Point","coordinates":[132.714972,33.820444]},"properties":{"code":2941,"type":"IC","name":"東垣生ＩＣ"}},{"type":"Feature","geometry":{"type":"Point","coordinates":[132.737246,33.808785]},"properties":{"code":2941,"type":"IC","name":"余戸南ＩＣ"}},{"type":"Feature","geometry":{"type":"Point","coordinates":[132.752566,33.806752]},"properties":{"code":2941,"type":"IC","name":"市坪ＩＣ"}},{"type":"Feature","geometry":{"type":"Point","coordinates":[132.769561,33.802473]},"properties":{"code":2941,"type":"IC","name":"古川ＩＣ"}},{"type":"Feature","geometry":{"type":"Point","coordinates":[132.778101,33.80258]},"properties":{"code":2942,"type":"JCT","name":"松山ＪＣＴ"}},{"type":"Feature","geometry":{"type":"Point","coordinates":[132.754927,33.770586]},"properties":{"code":2943,"type":"SA","name":"伊予灘ＳＡ"}},{"type":"Feature","geometry":{"type":"Point","coordinates":[132.780933,33.795412]},"properties":{"code":2941,"type":"IC","name":"松山ＩＣ"}},{"type":"Feature","geometry":{"type":"Point","coordinates":[132.869639,33.78596]},"properties":{"code":2945,"type":"スマートIC","name":"東温ＳＩＣ"}},{"type":"Feature","geometry":{"type":"Point","coordinates":[132.701583,33.736403]},"properties":{"code":2941,"type":"IC","name":"伊予ＩＣ"}},{"type":"Feature","geometry":{"type":"Point","coordinates":[132.538548,33.490802]},"properties":{"code":2941,"type":"IC","name":"大洲北只ＩＣ"}},{"type":"Feature","geometry":{"type":"Point","coordinates":[132.520308,33.142187]},"properties":{"code":2941,"type":"IC","name":"津島高田ＩＣ"}},{"type":"Feature","geometry":{"type":"Point","coordinates":[132.526488,33.361323]},"properties":{"code":2941,"type":"IC","name":"西予宇和ＩＣ"}},{"type":"Feature","geometry":{"type":"Point","coordinates":[132.544942,33.212876]},"properties":{"code":2941,"type":"IC","name":"宇和島別当ＩＣ"}},{"type":"Feature","geometry":{"type":"Point","coordinates":[132.558503,33.228026]},"properties":{"code":2941,"type":"IC","name":"宇和島朝日ＩＣ"}},{"type":"Feature","geometry":{"type":"Point","coordinates":[132.552495,33.216574]},"properties":{"code":2941,"type":"IC","name":"宇和島坂下津ＩＣ"}},{"type":"Feature","geometry":{"type":"Point","coordinates":[132.567086,33.242959]},"properties":{"code":2941,"type":"IC","name":"宇和島北ＩＣ"}},{"type":"Feature","geometry":{"type":"Point","coordinates":[132.591376,33.283615]},"properties":{"code":2941,"type":"IC","name":"三間ＩＣ"}},{"type":"Feature","geometry":{"type":"Point","coordinates":[132.545929,33.19862]},"properties":{"code":2941,"type":"IC","name":"宇和島南ＩＣ"}},{"type":"Feature","geometry":{"type":"Point","coordinates":[132.574596,33.531021]},"properties":{"code":2941,"type":"IC","name":"大洲ＩＣ"}},{"type":"Feature","geometry":{"type":"Point","coordinates":[132.5773,33.520896]},"properties":{"code":2941,"type":"IC","name":"大洲北ＩＣ"}},{"type":"Feature","geometry":{"type":"Point","coordinates":[132.574725,33.50662]},"properties":{"code":2941,"type":"IC","name":"大洲冨士ＩＣ"}},{"type":"Feature","geometry":{"type":"Point","coordinates":[132.546916,33.495991]},"properties":{"code":2941,"type":"IC","name":"大洲南ＩＣ"}},{"type":"Feature","geometry":{"type":"Point","coordinates":[132.552967,33.499534]},"properties":{"code":2941,"type":"IC","name":"大洲肱南ＩＣ"}},{"type":"Feature","geometry":{"type":"Point","coordinates":[132.667422,33.567574]},"properties":{"code":2944,"type":"PA","name":"内子ＰＡ"}},{"type":"Feature","geometry":{"type":"Point","coordinates":[132.65296,33.544292]},"properties":{"code":2941,"type":"IC","name":"内子五十崎ＩＣ"}},{"type":"Feature","geometry":{"type":"Point","coordinates":[132.686048,33.675104]},"properties":{"code":2945,"type":"スマートIC","name":"中山ＳＩＣ"}},{"type":"Feature","geometry":{"type":"Point","coordinates":[133.146358,33.18738]},"properties":{"code":2941,"type":"IC","name":"四万十町西ＩＣ"}},{"type":"Feature","geometry":{"type":"Point","coordinates":[133.179016,33.278306]},"properties":{"code":2941,"type":"IC","name":"四万十町東ＩＣ"}},{"type":"Feature","geometry":{"type":"Point","coordinates":[133.156185,33.229247]},"properties":{"code":2941,"type":"IC","name":"四万十町中央ＩＣ"}},{"type":"Feature","geometry":{"type":"Point","coordinates":[133.222189,33.343436]},"properties":{"code":2941,"type":"IC","name":"中土佐ＩＣ"}},{"type":"Feature","geometry":{"type":"Point","coordinates":[133.273687,33.384547]},"properties":{"code":2941,"type":"IC","name":"須崎西ＩＣ"}},{"type":"Feature","geometry":{"type":"Point","coordinates":[133.281369,33.394508]},"properties":{"code":2941,"type":"IC","name":"須崎中央ＩＣ"}},{"type":"Feature","geometry":{"type":"Point","coordinates":[133.303084,33.416863]},"properties":{"code":2941,"type":"IC","name":"須崎東ＩＣ"}},{"type":"Feature","geometry":{"type":"Point","coordinates":[133.468952,33.559528]},"properties":{"code":2941,"type":"IC","name":"伊野ＩＣ"}},{"type":"Feature","geometry":{"type":"Point","coordinates":[133.573151,33.564713]},"properties":{"code":2941,"type":"IC","name":"高知中央ＩＣ"}},{"type":"Feature","geometry":{"type":"Point","coordinates":[133.58109,33.539642]},"properties":{"code":2941,"type":"IC","name":"高知南ＩＣ"}},{"type":"Feature","geometry":{"type":"Point","coordinates":[133.368444,33.47831]},"properties":{"code":2945,"type":"スマートIC","name":"土佐ＰＡＳＩＣ"}},{"type":"Feature","geometry":{"type":"Point","coordinates":[133.368831,33.479026]},"properties":{"code":2944,"type":"PA","name":"土佐ＰＡ"}},{"type":"Feature","geometry":{"type":"Point","coordinates":[133.415952,33.501753]},"properties":{"code":2941,"type":"IC","name":"土佐ＩＣ"}},{"type":"Feature","geometry":{"type":"Point","coordinates":[133.560619,33.587239]},"properties":{"code":2941,"type":"IC","name":"高知ＩＣ"}},{"type":"Feature","geometry":{"type":"Point","coordinates":[133.422689,33.9487]},"properties":{"code":2944,"type":"PA","name":"入野ＰＡ"}},{"type":"Feature","geometry":{"type":"Point","coordinates":[133.464961,33.955606]},"properties":{"code":2941,"type":"IC","name":"土居ＩＣ"}},{"type":"Feature","geometry":{"type":"Point","coordinates":[133.587055,33.984221]},"properties":{"code":2944,"type":"PA","name":"上分ＰＡ"}},{"type":"Feature","geometry":{"type":"Point","coordinates":[133.577399,33.979097]},"properties":{"code":2941,"type":"IC","name":"三島川之江ＩＣ"}},{"type":"Feature","geometry":{"type":"Point","coordinates":[133.326817,33.926447]},"properties":{"code":2941,"type":"IC","name":"新居浜ＩＣ"}},{"type":"Feature","geometry":{"type":"Point","coordinates":[132.939205,33.803257]},"properties":{"code":2944,"type":"PA","name":"桜三里ＰＡ"}},{"type":"Feature","geometry":{"type":"Point","coordinates":[132.903328,33.794449]},"properties":{"code":2941,"type":"IC","name":"川内ＩＣ"}},{"type":"Feature","geometry":{"type":"Point","coordinates":[133.043532,33.99696]},"properties":{"code":2941,"type":"IC","name":"今治湯ノ浦ＩＣ"}},{"type":"Feature","geometry":{"type":"Point","coordinates":[133.073144,33.917972]},"properties":{"code":2941,"type":"IC","name":"東予丹原ＩＣ"}},{"type":"Feature","geometry":{"type":"Point","coordinates":[133.083744,33.892505]},"properties":{"code":2941,"type":"IC","name":"いよ小松北ＩＣ"}},{"type":"Feature","geometry":{"type":"Point","coordinates":[133.088937,33.88285]},"properties":{"code":2942,"type":"JCT","name":"いよ小松ＩＣ・ＪＣＴ"}},{"type":"Feature","geometry":{"type":"Point","coordinates":[133.10915,33.885344]},"properties":{"code":2943,"type":"SA","name":"石鎚山ＳＡ"}},{"type":"Feature","geometry":{"type":"Point","coordinates":[133.237724,33.912202]},"properties":{"code":2941,"type":"IC","name":"いよ西条ＩＣ"}},{"type":"Feature","geometry":{"type":"Point","coordinates":[132.977915,34.09983]},"properties":{"code":2943,"type":"SA","name":"来島海峡ＳＡ"}},{"type":"Feature","geometry":{"type":"Point","coordinates":[132.977958,34.098017]},"properties":{"code":2941,"type":"IC","name":"今治北ＩＣ"}},{"type":"Feature","geometry":{"type":"Point","coordinates":[132.973065,34.054224]},"properties":{"code":2941,"type":"IC","name":"今治ＩＣ"}},{"type":"Feature","geometry":{"type":"Point","coordinates":[133.030958,34.130386]},"properties":{"code":2941,"type":"IC","name":"大島南ＩＣ"}},{"type":"Feature","geometry":{"type":"Point","coordinates":[133.048553,34.248987]},"properties":{"code":2941,"type":"IC","name":"大三島ＩＣ"}},{"type":"Feature","geometry":{"type":"Point","coordinates":[133.046966,34.229687]},"properties":{"code":2944,"type":"PA","name":"上浦ＰＡ"}},{"type":"Feature","geometry":{"type":"Point","coordinates":[133.064389,34.166967]},"properties":{"code":2941,"type":"IC","name":"大島北ＩＣ"}},{"type":"Feature","geometry":{"type":"Point","coordinates":[133.078122,34.260834]},"properties":{"code":2944,"type":"PA","name":"瀬戸田ＰＡ"}},{"type":"Feature","geometry":{"type":"Point","coordinates":[133.094602,34.264594]},"properties":{"code":2941,"type":"IC","name":"生口島南ＩＣ"}},{"type":"Feature","geometry":{"type":"Point","coordinates":[133.145328,34.299238]},"properties":{"code":2941,"type":"IC","name":"生口島北ＩＣ"}},{"type":"Feature","geometry":{"type":"Point","coordinates":[133.078809,34.205769]},"properties":{"code":2941,"type":"IC","name":"伯方島ＩＣ"}},{"type":"Feature","geometry":{"type":"Point","coordinates":[133.732924,34.204633]},"properties":{"code":2941,"type":"IC","name":"三豊鳥坂ＩＣ"}},{"type":"Feature","geometry":{"type":"Point","coordinates":[133.734469,34.181347]},"properties":{"code":2944,"type":"PA","name":"高瀬ＰＡ"}},{"type":"Feature","geometry":{"type":"Point","coordinates":[133.790689,34.245227]},"properties":{"code":2941,"type":"IC","name":"善通寺ＩＣ"}},{"type":"Feature","geometry":{"type":"Point","coordinates":[133.843088,34.299026]},"properties":{"code":2941,"type":"IC","name":"坂出ＩＣ"}},{"type":"Feature","geometry":{"type":"Point","coordinates":[133.851199,34.281687]},"properties":{"code":2942,"type":"JCT","name":"坂出ＪＣＴ"}},{"type":"Feature","geometry":{"type":"Point","coordinates":[133.921838,34.274099]},"properties":{"code":2944,"type":"PA","name":"府中湖ＰＡ"}},{"type":"Feature","geometry":{"type":"Point","coordinates":[133.922482,34.273744]},"properties":{"code":2945,"type":"スマートIC","name":"府中湖ＳＩＣ"}},{"type":"Feature","geometry":{"type":"Point","coordinates":[133.839526,34.027873]},"properties":{"code":2941,"type":"IC","name":"井川池田ＩＣ"}},{"type":"Feature","geometry":{"type":"Point","coordinates":[133.891196,34.038044]},"properties":{"code":2945,"type":"スマートIC","name":"吉野川ＳＩＣ"}},{"type":"Feature","geometry":{"type":"Point","coordinates":[133.8936,34.037618]},"properties":{"code":2943,"type":"SA","name":"吉野川ＳＡ"}},{"type":"Feature","geometry":{"type":"Point","coordinates":[133.637009,34.055113]},"properties":{"code":2943,"type":"SA","name":"豊浜ＳＡ"}},{"type":"Feature","geometry":{"type":"Point","coordinates":[133.655334,34.085649]},"properties":{"code":2941,"type":"IC","name":"大野原ＩＣ"}},{"type":"Feature","geometry":{"type":"Point","coordinates":[133.7152,34.148749]},"properties":{"code":2941,"type":"IC","name":"さぬき豊中ＩＣ"}},{"type":"Feature","geometry":{"type":"Point","coordinates":[133.694644,34.123352]},"properties":{"code":2945,"type":"スマートIC","name":"観音寺ＳＩＣ"}},{"type":"Feature","geometry":{"type":"Point","coordinates":[133.596926,34.000945]},"properties":{"code":2942,"type":"JCT","name":"川之江ＪＣＴ"}},{"type":"Feature","geometry":{"type":"Point","coordinates":[133.619628,33.997387]},"properties":{"code":2942,"type":"JCT","name":"川之江東ＪＣＴ"}},{"type":"Feature","geometry":{"type":"Point","coordinates":[133.630271,33.911205]},"properties":{"code":2944,"type":"PA","name":"馬立ＰＡ"}},{"type":"Feature","geometry":{"type":"Point","coordinates":[133.638682,33.923242]},"properties":{"code":2941,"type":"IC","name":"新宮ＩＣ"}},{"type":"Feature","geometry":{"type":"Point","coordinates":[133.706102,34.005961]},"properties":{"code":2944,"type":"PA","name":"池田ＰＡ"}},{"type":"Feature","geometry":{"type":"Point","coordinates":[133.664689,33.817806]},"properties":{"code":2944,"type":"PA","name":"立川ＰＡ"}},{"type":"Feature","geometry":{"type":"Point","coordinates":[133.65881,33.770515]},"properties":{"code":2941,"type":"IC","name":"大豊ＩＣ"}},{"type":"Feature","geometry":{"type":"Point","coordinates":[134.206538,34.089132]},"properties":{"code":2944,"type":"PA","name":"阿波ＰＡ"}},{"type":"Feature","geometry":{"type":"Point","coordinates":[134.169459,34.076657]},"properties":{"code":2941,"type":"IC","name":"脇町ＩＣ"}},{"type":"Feature","geometry":{"type":"Point","coordinates":[134.048781,34.057424]},"properties":{"code":2941,"type":"IC","name":"美馬ＩＣ"}},{"type":"Feature","geometry":{"type":"Point","coordinates":[133.989129,34.295268]},"properties":{"code":2941,"type":"IC","name":"高松西ＩＣ"}},{"type":"Feature","geometry":{"type":"Point","coordinates":[134.004149,34.306364]},"properties":{"code":2941,"type":"IC","name":"高松檀紙ＩＣ"}},{"type":"Feature","geometry":{"type":"Point","coordinates":[134.073071,34.305159]},"properties":{"code":2941,"type":"IC","name":"高松中央ＩＣ"}},{"type":"Feature","geometry":{"type":"Point","coordinates":[134.115558,34.297997]},"properties":{"code":2941,"type":"IC","name":"高松東ＩＣ"}},{"type":"Feature","geometry":{"type":"Point","coordinates":[134.14371,34.301365]},"properties":{"code":2941,"type":"IC","name":"さぬき三木ＩＣ"}},{"type":"Feature","geometry":{"type":"Point","coordinates":[134.225378,34.295338]},"properties":{"code":2941,"type":"IC","name":"津田寒川ＩＣ"}},{"type":"Feature","geometry":{"type":"Point","coordinates":[134.264345,34.275907]},"properties":{"code":2943,"type":"SA","name":"津田の松原ＳＡ"}},{"type":"Feature","geometry":{"type":"Point","coordinates":[134.276319,34.276014]},"properties":{"code":2941,"type":"IC","name":"津田東ＩＣ"}},{"type":"Feature","geometry":{"type":"Point","coordinates":[134.333611,34.23398]},"properties":{"code":2941,"type":"IC","name":"白鳥大内ＩＣ"}},{"type":"Feature","geometry":{"type":"Point","coordinates":[134.385109,34.226848]},"properties":{"code":2941,"type":"IC","name":"引田ＩＣ"}},{"type":"Feature","geometry":{"type":"Point","coordinates":[134.355884,34.12122]},"properties":{"code":2941,"type":"IC","name":"土成ＩＣ"}},{"type":"Feature","geometry":{"type":"Point","coordinates":[134.409785,34.139728]},"properties":{"code":2943,"type":"SA","name":"上板ＳＡ"}},{"type":"Feature","geometry":{"type":"Point","coordinates":[134.417295,34.14058]},"properties":{"code":2943,"type":"SA","name":"上板ＳＡ"}},{"type":"Feature","geometry":{"type":"Point","coordinates":[134.473214,34.152762]},"properties":{"code":2941,"type":"IC","name":"板野ＩＣ"}},{"type":"Feature","geometry":{"type":"Point","coordinates":[134.492655,34.161783]},"properties":{"code":2944,"type":"PA","name":"鳴門西ＰＡ"}},{"type":"Feature","geometry":{"type":"Point","coordinates":[134.480081,34.11756]},"properties":{"code":2941,"type":"IC","name":"藍住ＩＣ"}},{"type":"Feature","geometry":{"type":"Point","coordinates":[134.564495,34.143102]},"properties":{"code":2944,"type":"PA","name":"松茂ＰＡ"}},{"type":"Feature","geometry":{"type":"Point","coordinates":[134.564753,34.141575]},"properties":{"code":2941,"type":"IC","name":"松茂ＳＩＣ"}},{"type":"Feature","geometry":{"type":"Point","coordinates":[134.576898,34.101144]},"properties":{"code":2941,"type":"IC","name":"徳島ＩＣ"}},{"type":"Feature","geometry":{"type":"Point","coordinates":[134.594021,34.103703]},"properties":{"code":2942,"type":"JCT","name":"徳島ＪＣＴ"}},{"type":"Feature","geometry":{"type":"Point","coordinates":[134.593678,34.063681]},"properties":{"code":2941,"type":"IC","name":"徳島沖洲ＩＣ"}},{"type":"Feature","geometry":{"type":"Point","coordinates":[134.585438,34.048144]},"properties":{"code":2941,"type":"IC","name":"徳島津田ＩＣ"}},{"type":"Feature","geometry":{"type":"Point","coordinates":[134.562221,34.168884]},"properties":{"code":2942,"type":"JCT","name":"鳴門ＪＣＴ"}},{"type":"Feature","geometry":{"type":"Point","coordinates":[134.581704,34.174743]},"properties":{"code":2941,"type":"IC","name":"鳴門ＩＣ"}},{"type":"Feature","geometry":{"type":"Point","coordinates":[134.626765,34.220461]},"properties":{"code":2941,"type":"IC","name":"鳴門北ＩＣ"}},{"type":"Feature","geometry":{"type":"Point","coordinates":[134.682126,34.257855]},"properties":{"code":2944,"type":"PA","name":"淡路島南ＰＡ"}},{"type":"Feature","geometry":{"type":"Point","coordinates":[134.684143,34.259167]},"properties":{"code":2941,"type":"IC","name":"淡路島南ＩＣ"}},{"type":"Feature","geometry":{"type":"Point","coordinates":[134.584022,33.77665]},"properties":{"code":2941,"type":"IC","name":"由岐ＩＣ"}},{"type":"Feature","geometry":{"type":"Point","coordinates":[134.597239,33.955677]},"properties":{"code":2941,"type":"IC","name":"小松島南ＩＣ"}},{"type":"Feature","geometry":{"type":"Point","coordinates":[134.611444,33.932465]},"properties":{"code":2941,"type":"IC","name":"阿南ＩＣ"}},{"type":"Feature","geometry":{"type":"Point","coordinates":[134.033546,33.444942]},"properties":{"code":2941,"type":"IC","name":"野友ＩＣ"}},{"type":"Feature","geometry":{"type":"Point","coordinates":[134.061356,33.462451]},"properties":{"code":2941,"type":"IC","name":"柏木ＩＣ"}},{"type":"Feature","geometry":{"type":"Point","coordinates":[133.788972,33.519537]},"properties":{"code":2941,"type":"IC","name":"芸西西ＩＣ"}},{"type":"Feature","geometry":{"type":"Point","coordinates":[133.635635,33.616263]},"properties":{"code":2941,"type":"IC","name":"南国ＩＣ"}},{"type":"Feature","geometry":{"type":"Point","coordinates":[133.614907,33.601645]},"properties":{"code":2943,"type":"SA","name":"南国ＳＡ"}},{"type":"Feature","geometry":{"type":"Point","coordinates":[133.628039,33.559099]},"properties":{"code":2941,"type":"IC","name":"なんこく南ＩＣ"}},{"type":"Feature","geometry":{"type":"Point","coordinates":[133.672757,33.557024]},"properties":{"code":2941,"type":"IC","name":"高知龍馬空港ＩＣ"}},{"type":"Feature","geometry":{"type":"Point","coordinates":[133.70945,33.555522]},"properties":{"code":2941,"type":"IC","name":"香南のいちＩＣ"}},{"type":"Feature","geometry":{"type":"Point","coordinates":[133.733311,33.551696]},"properties":{"code":2941,"type":"IC","name":"香南かがみＩＣ"}},{"type":"Feature","geometry":{"type":"Point","coordinates":[133.759146,33.541395]},"properties":{"code":2941,"type":"IC","name":"香南やすＩＣ"}},{"type":"Feature","geometry":{"type":"Point","coordinates":[133.125501,33.136437]},"properties":{"code":2941,"type":"IC","name":"黒潮拳ノ川ＩＣ"}},{"type":"Feature","geometry":{"type":"Point","coordinates":[132.938347,32.981956]},"properties":{"code":2941,"type":"IC","name":"四万十ＩＣ"}},{"type":"Feature","geometry":{"type":"Point","coordinates":[132.745357,32.947642]},"properties":{"code":2941,"type":"IC","name":"宿毛和田ＩＣ"}},{"type":"Feature","geometry":{"type":"Point","coordinates":[132.81312,32.957329]},"properties":{"code":2941,"type":"IC","name":"平田ＩＣ"}},{"type":"Feature","geometry":{"type":"Point","coordinates":[132.883329,32.969284]},"properties":{"code":2941,"type":"IC","name":"間ＩＣ"}},{"type":"Feature","geometry":{"type":"Point","coordinates":[132.514901,33.110487]},"properties":{"code":2941,"type":"IC","name":"津島岩松ＩＣ"}},{"type":"Feature","geometry":{"type":"Point","coordinates":[131.665649,32.529049]},"properties":{"code":2941,"type":"IC","name":"延岡南ＩＣ"}},{"type":"Feature","geometry":{"type":"Point","coordinates":[131.662087,32.502958]},"properties":{"code":2941,"type":"IC","name":"門川ＩＣ"}},{"type":"Feature","geometry":{"type":"Point","coordinates":[131.653118,32.49228]},"properties":{"code":2945,"type":"スマートIC","name":"門川南ＳＩＣ"}},{"type":"Feature","geometry":{"type":"Point","coordinates":[131.61634,32.401306]},"properties":{"code":2941,"type":"IC","name":"日向ＩＣ"}},{"type":"Feature","geometry":{"type":"Point","coordinates":[131.525316,32.251934]},"properties":{"code":2941,"type":"IC","name":"都農ＩＣ"}},{"type":"Feature","geometry":{"type":"Point","coordinates":[131.485062,32.200201]},"properties":{"code":2944,"type":"PA","name":"川南ＰＡ"}},{"type":"Feature","geometry":{"type":"Point","coordinates":[131.491413,32.156286]},"properties":{"code":2941,"type":"IC","name":"高鍋ＩＣ"}},{"type":"Feature","geometry":{"type":"Point","coordinates":[131.368032,31.978886]},"properties":{"code":2945,"type":"スマートIC","name":"国富ＳＩＣ"}},{"type":"Feature","geometry":{"type":"Point","coordinates":[131.41305,32.073484]},"properties":{"code":2941,"type":"IC","name":"西都ＩＣ"}},{"type":"Feature","geometry":{"type":"Point","coordinates":[131.482744,31.984492]},"properties":{"code":2941,"type":"IC","name":"住吉ＩＣ"}},{"type":"Feature","geometry":{"type":"Point","coordinates":[131.475534,31.958971]},"properties":{"code":2941,"type":"IC","name":"シーガイアＩＣ"}},{"type":"Feature","geometry":{"type":"Point","coordinates":[130.797043,32.068611]},"properties":{"code":2944,"type":"PA","name":"えびのＰＡ"}},{"type":"Feature","geometry":{"type":"Point","coordinates":[130.801377,32.049189]},"properties":{"code":2941,"type":"IC","name":"えびのＩＣ"}},{"type":"Feature","geometry":{"type":"Point","coordinates":[130.798373,32.031909]},"properties":{"code":2942,"type":"JCT","name":"えびのＪＣＴ"}},{"type":"Feature","geometry":{"type":"Point","coordinates":[130.932612,31.984455]},"properties":{"code":2941,"type":"IC","name":"小林ＩＣ"}},{"type":"Feature","geometry":{"type":"Point","coordinates":[130.953684,31.966617]},"properties":{"code":2943,"type":"SA","name":"霧島ＳＡ"}},{"type":"Feature","geometry":{"type":"Point","coordinates":[131.346874,32.692338]},"properties":{"code":2941,"type":"IC","name":"日之影深角ＩＣ"}},{"type":"Feature","geometry":{"type":"Point","coordinates":[130.991063,32.689485]},"properties":{"code":2941,"type":"IC","name":"山都通潤橋ＩＣ"}},{"type":"Feature","geometry":{"type":"Point","coordinates":[130.793867,32.809171]},"properties":{"code":2944,"type":"PA","name":"託麻ＰＡ"}},{"type":"Feature","geometry":{"type":"Point","coordinates":[130.790133,32.79081]},"properties":{"code":2941,"type":"IC","name":"益城熊本空港ＩＣ"}},{"type":"Feature","geometry":{"type":"Point","coordinates":[130.788803,32.75404]},"properties":{"code":2942,"type":"JCT","name":"嘉島ＪＣＴ"}},{"type":"Feature","geometry":{"type":"Point","coordinates":[130.801764,32.745233]},"properties":{"code":2941,"type":"IC","name":"小池高山ＩＣ"}},{"type":"Feature","geometry":{"type":"Point","coordinates":[130.872831,32.748229]},"properties":{"code":2941,"type":"IC","name":"上野吉無田ＩＣ"}},{"type":"Feature","geometry":{"type":"Point","coordinates":[130.894632,32.739819]},"properties":{"code":2941,"type":"IC","name":"山都中島西ＩＣ"}},{"type":"Feature","geometry":{"type":"Point","coordinates":[131.000118,32.921061]},"properties":{"code":2941,"type":"IC","name":"阿蘇西ＩＣ"}},{"type":"Feature","geometry":{"type":"Point","coordinates":[130.982223,32.915945]},"properties":{"code":2941,"type":"IC","name":"車帰ＩＣ"}},{"type":"Feature","geometry":{"type":"Point","coordinates":[130.896993,32.888164]},"properties":{"code":2941,"type":"IC","name":"大津ＩＣ"}},{"type":"Feature","geometry":{"type":"Point","coordinates":[130.93111,32.89739]},"properties":{"code":2941,"type":"IC","name":"大津東ＩＣ"}},{"type":"Feature","geometry":{"type":"Point","coordinates":[131.393738,32.977924]},"properties":{"code":2941,"type":"IC","name":"竹田ＩＣ"}},{"type":"Feature","geometry":{"type":"Point","coordinates":[131.451459,33.00564]},"properties":{"code":2941,"type":"IC","name":"朝地ＩＣ"}},{"type":"Feature","geometry":{"type":"Point","coordinates":[131.502914,33.034535]},"properties":{"code":2941,"type":"IC","name":"大野ＩＣ"}},{"type":"Feature","geometry":{"type":"Point","coordinates":[131.552567,33.038745]},"properties":{"code":2941,"type":"IC","name":"大野東ＩＣ"}},{"type":"Feature","geometry":{"type":"Point","coordinates":[131.629901,33.072196]},"properties":{"code":2941,"type":"IC","name":"犬飼ＩＣ"}},{"type":"Feature","geometry":{"type":"Point","coordinates":[131.590075,33.044465]},"properties":{"code":2941,"type":"IC","name":"千歳ＩＣ"}},{"type":"Feature","geometry":{"type":"Point","coordinates":[131.780534,33.103837]},"properties":{"code":2941,"type":"IC","name":"臼杵ＩＣ"}},{"type":"Feature","geometry":{"type":"Point","coordinates":[131.535058,32.572639]},"properties":{"code":2941,"type":"IC","name":"北方ＩＣ"}},{"type":"Feature","geometry":{"type":"Point","coordinates":[131.60192,32.573651]},"properties":{"code":2941,"type":"IC","name":"舞野ＩＣ"}},{"type":"Feature","geometry":{"type":"Point","coordinates":[131.622562,32.575966]},"properties":{"code":2942,"type":"JCT","name":"延岡ＪＣＴ"}},{"type":"Feature","geometry":{"type":"Point","coordinates":[131.626339,32.576834]},"properties":{"code":2941,"type":"IC","name":"延岡ＩＣ"}},{"type":"Feature","geometry":{"type":"Point","coordinates":[131.706376,32.664379]},"properties":{"code":2941,"type":"IC","name":"北川ＩＣ"}},{"type":"Feature","geometry":{"type":"Point","coordinates":[131.760535,32.677745]},"properties":{"code":2941,"type":"IC","name":"須美江ＩＣ"}},{"type":"Feature","geometry":{"type":"Point","coordinates":[131.815767,32.711369]},"properties":{"code":2941,"type":"IC","name":"北浦ＩＣ"}},{"type":"Feature","geometry":{"type":"Point","coordinates":[131.890569,32.813103]},"properties":{"code":2941,"type":"IC","name":"蒲江ＩＣ"}},{"type":"Feature","geometry":{"type":"Point","coordinates":[131.855593,32.742923]},"properties":{"code":2941,"type":"IC","name":"蒲江波当津ＩＣ"}},{"type":"Feature","geometry":{"type":"Point","coordinates":[131.862116,32.972272]},"properties":{"code":2941,"type":"IC","name":"佐伯ＩＣ"}},{"type":"Feature","geometry":{"type":"Point","coordinates":[131.864605,32.93021]},"properties":{"code":2941,"type":"IC","name":"佐伯堅田ＩＣ"}},{"type":"Feature","geometry":{"type":"Point","coordinates":[131.842246,33.08453]},"properties":{"code":2941,"type":"IC","name":"津久見ＩＣ"}},{"type":"Feature","geometry":{"type":"Point","coordinates":[131.864691,33.001825]},"properties":{"code":2944,"type":"PA","name":"佐伯弥生ＰＡ"}},{"type":"Feature","geometry":{"type":"Point","coordinates":[131.665564,33.197651]},"properties":{"code":2944,"type":"PA","name":"大分松岡ＰＡ"}},{"type":"Feature","geometry":{"type":"Point","coordinates":[131.70084,33.194167]},"properties":{"code":2941,"type":"IC","name":"大分宮河内ＩＣ"}},{"type":"Feature","geometry":{"type":"Point","coordinates":[131.573167,33.223216]},"properties":{"code":2941,"type":"IC","name":"大分ＩＣ"}},{"type":"Feature","geometry":{"type":"Point","coordinates":[131.60089,33.197579]},"properties":{"code":2941,"type":"IC","name":"大分光吉ＩＣ"}},{"type":"Feature","geometry":{"type":"Point","coordinates":[131.63548,33.199806]},"properties":{"code":2941,"type":"IC","name":"大分米良ＩＣ"}},{"type":"Feature","geometry":{"type":"Point","coordinates":[131.566772,33.398629]},"properties":{"code":2944,"type":"PA","name":"相原ＰＡ"}},{"type":"Feature","geometry":{"type":"Point","coordinates":[131.538577,33.384368]},"properties":{"code":2941,"type":"IC","name":"日出ＩＣ"}},{"type":"Feature","geometry":{"type":"Point","coordinates":[131.559134,33.393469]},"properties":{"code":2942,"type":"JCT","name":"藤原ＪＣＴ"}},{"type":"Feature","geometry":{"type":"Point","coordinates":[131.598272,33.426069]},"properties":{"code":2941,"type":"IC","name":"杵築ＩＣ"}},{"type":"Feature","geometry":{"type":"Point","coordinates":[131.678567,33.443009]},"properties":{"code":2941,"type":"IC","name":"安岐ＩＣ"}},{"type":"Feature","geometry":{"type":"Point","coordinates":[132.081327,34.082664]},"properties":{"code":2941,"type":"IC","name":"玖珂ＩＣ"}},{"type":"Feature","geometry":{"type":"Point","coordinates":[132.103386,34.100363]},"properties":{"code":2944,"type":"PA","name":"玖珂ＰＡ"}},{"type":"Feature","geometry":{"type":"Point","coordinates":[132.165914,34.175808]},"properties":{"code":2941,"type":"IC","name":"岩国ＩＣ"}},{"type":"Feature","geometry":{"type":"Point","coordinates":[131.853833,34.045299]},"properties":{"code":2941,"type":"IC","name":"徳山東ＩＣ"}},{"type":"Feature","geometry":{"type":"Point","coordinates":[131.914816,34.041956]},"properties":{"code":2943,"type":"SA","name":"下松ＳＡ"}},{"type":"Feature","geometry":{"type":"Point","coordinates":[131.972365,34.034844]},"properties":{"code":2941,"type":"IC","name":"熊毛ＩＣ"}},{"type":"Feature","geometry":{"type":"Point","coordinates":[131.687536,34.068445]},"properties":{"code":2941,"type":"IC","name":"徳山西ＩＣ"}},{"type":"Feature","geometry":{"type":"Point","coordinates":[131.666937,34.2008]},"properties":{"code":2941,"type":"IC","name":"徳地ＩＣ"}},{"type":"Feature","geometry":{"type":"Point","coordinates":[131.797271,34.219042]},"properties":{"code":2943,"type":"SA","name":"鹿野ＳＡ"}},{"type":"Feature","geometry":{"type":"Point","coordinates":[131.809673,34.2332]},"properties":{"code":2941,"type":"IC","name":"鹿野ＩＣ"}},{"type":"Feature","geometry":{"type":"Point","coordinates":[131.592178,34.17982]},"properties":{"code":2944,"type":"PA","name":"荷卸峠ＰＡ"}},{"type":"Feature","geometry":{"type":"Point","coordinates":[131.523213,34.153508]},"properties":{"code":2941,"type":"IC","name":"山口ＩＣ"}},{"type":"Feature","geometry":{"type":"Point","coordinates":[131.509137,34.053015]},"properties":{"code":2943,"type":"SA","name":"佐波川ＳＡ"}},{"type":"Feature","geometry":{"type":"Point","coordinates":[131.540036,34.057246]},"properties":{"code":2941,"type":"IC","name":"防府西ＩＣ"}},{"type":"Feature","geometry":{"type":"Point","coordinates":[131.561623,34.071822]},"properties":{"code":2941,"type":"IC","name":"防府東ＩＣ"}},{"type":"Feature","geometry":{"type":"Point","coordinates":[131.653976,34.062615]},"properties":{"code":2944,"type":"PA","name":"富海ＰＡ"}},{"type":"Feature","geometry":{"type":"Point","coordinates":[131.284046,33.991836]},"properties":{"code":2941,"type":"IC","name":"宇部ＩＣ"}},{"type":"Feature","geometry":{"type":"Point","coordinates":[131.327477,34.01393]},"properties":{"code":2941,"type":"IC","name":"阿知須ＩＣ"}},{"type":"Feature","geometry":{"type":"Point","coordinates":[131.317177,33.994434]},"properties":{"code":2942,"type":"JCT","name":"宇部ＪＣＴ"}},{"type":"Feature","geometry":{"type":"Point","coordinates":[131.317048,33.987068]},"properties":{"code":2941,"type":"IC","name":"宇部東ＩＣ"}},{"type":"Feature","geometry":{"type":"Point","coordinates":[131.337776,34.153402]},"properties":{"code":2943,"type":"SA","name":"美東ＳＡ"}},{"type":"Feature","geometry":{"type":"Point","coordinates":[131.35138,34.054331]},"properties":{"code":2941,"type":"IC","name":"嘉川ＩＣ"}},{"type":"Feature","geometry":{"type":"Point","coordinates":[131.335931,34.026699]},"properties":{"code":2941,"type":"IC","name":"由良ＩＣ"}},{"type":"Feature","geometry":{"type":"Point","coordinates":[131.39966,34.131096]},"properties":{"code":2942,"type":"JCT","name":"小郡ＪＣＴ"}},{"type":"Feature","geometry":{"type":"Point","coordinates":[131.40378,34.126442]},"properties":{"code":2941,"type":"IC","name":"小郡ＩＣ"}},{"type":"Feature","geometry":{"type":"Point","coordinates":[131.453648,34.132055]},"properties":{"code":2942,"type":"JCT","name":"山口ＪＣＴ"}},{"type":"Feature","geometry":{"type":"Point","coordinates":[131.465278,34.139124]},"properties":{"code":2945,"type":"スマートIC","name":"湯田温泉ＳＩＣ"}},{"type":"Feature","geometry":{"type":"Point","coordinates":[131.465793,34.139444]},"properties":{"code":2944,"type":"PA","name":"湯田温泉ＰＡ"}},{"type":"Feature","geometry":{"type":"Point","coordinates":[131.464977,34.087071]},"properties":{"code":2941,"type":"IC","name":"山口南ＩＣ"}},{"type":"Feature","geometry":{"type":"Point","coordinates":[131.324773,34.177086]},"properties":{"code":2941,"type":"IC","name":"十文字ＩＣ"}},{"type":"Feature","geometry":{"type":"Point","coordinates":[131.319923,34.1724]},"properties":{"code":2942,"type":"JCT","name":"美祢東ＪＣＴ"}},{"type":"Feature","geometry":{"type":"Point","coordinates":[131.244178,34.171121]},"properties":{"code":2941,"type":"IC","name":"美祢ＩＣ"}},{"type":"Feature","geometry":{"type":"Point","coordinates":[131.140666,34.10818]},"properties":{"code":2941,"type":"IC","name":"美祢西ＩＣ"}},{"type":"Feature","geometry":{"type":"Point","coordinates":[131.203365,34.119017]},"properties":{"code":2944,"type":"PA","name":"伊佐ＰＡ"}},{"type":"Feature","geometry":{"type":"Point","coordinates":[131.188002,34.021755]},"properties":{"code":2941,"type":"IC","name":"小野田ＩＣ"}},{"type":"Feature","geometry":{"type":"Point","coordinates":[131.029387,34.078363]},"properties":{"code":2941,"type":"IC","name":"小月ＩＣ"}},{"type":"Feature","geometry":{"type":"Point","coordinates":[131.002522,34.049033]},"properties":{"code":2944,"type":"PA","name":"王司ＰＡ"}},{"type":"Feature","geometry":{"type":"Point","coordinates":[131.078868,34.091976]},"properties":{"code":2942,"type":"JCT","name":"下関ＪＣＴ"}},{"type":"Feature","geometry":{"type":"Point","coordinates":[131.098824,34.047219]},"properties":{"code":2941,"type":"IC","name":"埴生ＩＣ"}},{"type":"Feature","geometry":{"type":"Point","coordinates":[131.110711,34.03143]},"properties":{"code":2944,"type":"PA","name":"周防灘ＰＡ"}},{"type":"Feature","geometry":{"type":"Point","coordinates":[130.952439,33.978634]},"properties":{"code":2941,"type":"IC","name":"下関ＩＣ"}},{"type":"Feature","geometry":{"type":"Point","coordinates":[130.952868,33.964968]},"properties":{"code":2944,"type":"PA","name":"壇之浦ＰＡ"}},{"type":"Feature","geometry":{"type":"Point","coordinates":[130.963426,33.959415]},"properties":{"code":2944,"type":"PA","name":"めかりＰＡ"}},{"type":"Feature","geometry":{"type":"Point","coordinates":[130.976257,33.954325]},"properties":{"code":2941,"type":"IC","name":"門司港ＩＣ"}},{"type":"Feature","geometry":{"type":"Point","coordinates":[130.983124,33.924952]},"properties":{"code":2941,"type":"IC","name":"門司ＩＣ"}},{"type":"Feature","geometry":{"type":"Point","coordinates":[130.964627,33.872553]},"properties":{"code":2944,"type":"PA","name":"吉志ＰＡ"}},{"type":"Feature","geometry":{"type":"Point","coordinates":[130.96909,33.888123]},"properties":{"code":2941,"type":"IC","name":"新門司ＩＣ"}},{"type":"Feature","geometry":{"type":"Point","coordinates":[130.966558,33.794235]},"properties":{"code":2941,"type":"IC","name":"苅田北九州空港ＩＣ"}},{"type":"Feature","geometry":{"type":"Point","coordinates":[130.853047,33.803471]},"properties":{"code":2941,"type":"IC","name":"小倉南ＩＣ"}},{"type":"Feature","geometry":{"type":"Point","coordinates":[130.884891,33.815845]},"properties":{"code":2942,"type":"JCT","name":"北九州ＪＣＴ"}},{"type":"Feature","geometry":{"type":"Point","coordinates":[130.916219,33.833706]},"properties":{"code":2941,"type":"IC","name":"小倉東ＩＣ"}},{"type":"Feature","geometry":{"type":"Point","coordinates":[130.949693,33.723376]},"properties":{"code":2941,"type":"IC","name":"行橋ＩＣ"}},{"type":"Feature","geometry":{"type":"Point","coordinates":[130.959821,33.704527]},"properties":{"code":2944,"type":"PA","name":"今川ＰＡ"}},{"type":"Feature","geometry":{"type":"Point","coordinates":[130.960293,33.704206]},"properties":{"code":2945,"type":"スマートIC","name":"今川ＳＩＣ"}},{"type":"Feature","geometry":{"type":"Point","coordinates":[130.996513,33.676283]},"properties":{"code":2941,"type":"IC","name":"みやこ豊津ＩＣ"}},{"type":"Feature","geometry":{"type":"Point","coordinates":[131.01428,33.661996]},"properties":{"code":2941,"type":"IC","name":"築城ＩＣ"}},{"type":"Feature","geometry":{"type":"Point","coordinates":[131.05638,33.635488]},"properties":{"code":2941,"type":"IC","name":"椎田ＩＣ"}},{"type":"Feature","geometry":{"type":"Point","coordinates":[131.071658,33.630808]},"properties":{"code":2941,"type":"IC","name":"椎田南ＩＣ"}},{"type":"Feature","geometry":{"type":"Point","coordinates":[131.125603,33.587453]},"properties":{"code":2941,"type":"IC","name":"豊前ＩＣ"}},{"type":"Feature","geometry":{"type":"Point","coordinates":[131.317348,33.497888]},"properties":{"code":2941,"type":"IC","name":"宇佐ＩＣ"}},{"type":"Feature","geometry":{"type":"Point","coordinates":[131.334257,33.475053]},"properties":{"code":2941,"type":"IC","name":"院内ＩＣ"}},{"type":"Feature","geometry":{"type":"Point","coordinates":[131.371679,33.444907]},"properties":{"code":2941,"type":"IC","name":"安心院ＩＣ"}},{"type":"Feature","geometry":{"type":"Point","coordinates":[131.168389,33.561674]},"properties":{"code":2945,"type":"スマートIC","name":"上毛ＳＩＣ"}},{"type":"Feature","geometry":{"type":"Point","coordinates":[131.169806,33.561316]},"properties":{"code":2944,"type":"PA","name":"上毛ＰＡ"}},{"type":"Feature","geometry":{"type":"Point","coordinates":[131.233492,33.532738]},"properties":{"code":2941,"type":"IC","name":"中津ＩＣ"}},{"type":"Feature","geometry":{"type":"Point","coordinates":[131.163669,33.290647]},"properties":{"code":2941,"type":"IC","name":"玖珠ＩＣ"}},{"type":"Feature","geometry":{"type":"Point","coordinates":[131.424422,33.423526]},"properties":{"code":2941,"type":"IC","name":"大分農業文化公園ＩＣ"}},{"type":"Feature","geometry":{"type":"Point","coordinates":[131.451459,33.378419]},"properties":{"code":2941,"type":"IC","name":"速見ＩＣ"}},{"type":"Feature","geometry":{"type":"Point","coordinates":[131.398373,33.303058]},"properties":{"code":2945,"type":"スマートIC","name":"由布岳ＰＡＳＩＣ"}},{"type":"Feature","geometry":{"type":"Point","coordinates":[131.396527,33.302735]},"properties":{"code":2944,"type":"PA","name":"由布岳ＰＡ"}},{"type":"Feature","geometry":{"type":"Point","coordinates":[131.447082,33.352183]},"properties":{"code":2942,"type":"JCT","name":"日出ＪＣＴ"}},{"type":"Feature","geometry":{"type":"Point","coordinates":[131.461716,33.33562]},"properties":{"code":2945,"type":"スマートIC","name":"別府湾ＳＩＣ"}},{"type":"Feature","geometry":{"type":"Point","coordinates":[131.462231,33.334257]},"properties":{"code":2943,"type":"SA","name":"別府湾ＳＡ"}},{"type":"Feature","geometry":{"type":"Point","coordinates":[131.463604,33.295382]},"properties":{"code":2941,"type":"IC","name":"別府ＩＣ"}},{"type":"Feature","geometry":{"type":"Point","coordinates":[131.327949,33.257494]},"properties":{"code":2941,"type":"IC","name":"湯布院ＩＣ"}},{"type":"Feature","geometry":{"type":"Point","coordinates":[131.209416,33.232119]},"properties":{"code":2941,"type":"IC","name":"九重ＩＣ"}},{"type":"Feature","geometry":{"type":"Point","coordinates":[131.246839,33.248486]},"properties":{"code":2944,"type":"PA","name":"水分ＰＡ"}},{"type":"Feature","geometry":{"type":"Point","coordinates":[131.117277,33.282826]},"properties":{"code":2943,"type":"SA","name":"玖珠ＳＡ"}},{"type":"Feature","geometry":{"type":"Point","coordinates":[131.050844,33.294808]},"properties":{"code":2941,"type":"IC","name":"天瀬高塚ＩＣ"}},{"type":"Feature","geometry":{"type":"Point","coordinates":[130.807815,33.370069]},"properties":{"code":2941,"type":"IC","name":"杷木ＩＣ"}},{"type":"Feature","geometry":{"type":"Point","coordinates":[130.903087,33.335082]},"properties":{"code":2944,"type":"PA","name":"萩尾ＰＡ"}},{"type":"Feature","geometry":{"type":"Point","coordinates":[130.929351,33.340711]},"properties":{"code":2941,"type":"IC","name":"日田ＩＣ"}},{"type":"Feature","geometry":{"type":"Point","coordinates":[130.615339,33.394401]},"properties":{"code":2944,"type":"PA","name":"大刀洗ＰＡ"}},{"type":"Feature","geometry":{"type":"Point","coordinates":[130.649757,33.401602]},"properties":{"code":2941,"type":"IC","name":"甘木ＩＣ"}},{"type":"Feature","geometry":{"type":"Point","coordinates":[130.723228,33.381035]},"properties":{"code":2941,"type":"IC","name":"朝倉ＩＣ"}},{"type":"Feature","geometry":{"type":"Point","coordinates":[130.753355,33.375552]},"properties":{"code":2943,"type":"SA","name":"山田ＳＡ"}},{"type":"Feature","geometry":{"type":"Point","coordinates":[130.482688,33.385765]},"properties":{"code":2944,"type":"PA","name":"山浦ＰＡ"}},{"type":"Feature","geometry":{"type":"Point","coordinates":[130.522513,33.394867]},"properties":{"code":2941,"type":"IC","name":"鳥栖ＩＣ"}},{"type":"Feature","geometry":{"type":"Point","coordinates":[130.538435,33.396479]},"properties":{"code":2942,"type":"JCT","name":"鳥栖ＪＣＴ"}},{"type":"Feature","geometry":{"type":"Point","coordinates":[130.542512,33.369101]},"properties":{"code":2945,"type":"スマートIC","name":"小郡鳥栖南ＳＩＣ"}},{"type":"Feature","geometry":{"type":"Point","coordinates":[130.573668,33.400958]},"properties":{"code":2944,"type":"PA","name":"井上ＰＡ"}},{"type":"Feature","geometry":{"type":"Point","coordinates":[130.590363,33.403322]},"properties":{"code":2941,"type":"IC","name":"筑後小郡ＩＣ"}},{"type":"Feature","geometry":{"type":"Point","coordinates":[130.557747,33.318085]},"properties":{"code":2941,"type":"IC","name":"久留米ＩＣ"}},{"type":"Feature","geometry":{"type":"Point","coordinates":[130.508566,33.147397]},"properties":{"code":2941,"type":"IC","name":"みやま柳川ＩＣ"}},{"type":"Feature","geometry":{"type":"Point","coordinates":[130.536418,33.253546]},"properties":{"code":2941,"type":"IC","name":"広川ＩＣ"}},{"type":"Feature","geometry":{"type":"Point","coordinates":[130.537019,33.255269]},"properties":{"code":2943,"type":"SA","name":"広川ＳＡ"}},{"type":"Feature","geometry":{"type":"Point","coordinates":[130.523543,33.211978]},"properties":{"code":2941,"type":"IC","name":"八女ＩＣ"}},{"type":"Feature","geometry":{"type":"Point","coordinates":[130.351067,33.20433]},"properties":{"code":2941,"type":"IC","name":"大野島ＩＣ"}},{"type":"Feature","geometry":{"type":"Point","coordinates":[130.368919,33.200883]},"properties":{"code":2941,"type":"IC","name":"大川中央ＩＣ"}},{"type":"Feature","geometry":{"type":"Point","coordinates":[130.382738,33.189355]},"properties":{"code":2941,"type":"IC","name":"大川東ＩＣ"}},{"type":"Feature","geometry":{"type":"Point","coordinates":[130.404754,33.180268]},"properties":{"code":2941,"type":"IC","name":"柳川西ＩＣ"}},{"type":"Feature","geometry":{"type":"Point","coordinates":[130.414968,33.179298]},"properties":{"code":2941,"type":"IC","name":"柳川東ＩＣ"}},{"type":"Feature","geometry":{"type":"Point","coordinates":[130.423164,33.168594]},"properties":{"code":2941,"type":"IC","name":"三橋ＩＣ"}},{"type":"Feature","geometry":{"type":"Point","coordinates":[130.421963,33.150307]},"properties":{"code":2941,"type":"IC","name":"徳益ＩＣ"}},{"type":"Feature","geometry":{"type":"Point","coordinates":[130.083146,33.262374]},"properties":{"code":2944,"type":"PA","name":"多久西ＰＡ"}},{"type":"Feature","geometry":{"type":"Point","coordinates":[130.096922,33.30044]},"properties":{"code":2941,"type":"IC","name":"小侍ＩＣ"}},{"type":"Feature","geometry":{"type":"Point","coordinates":[130.118594,33.292261]},"properties":{"code":2941,"type":"IC","name":"多久原ＩＣ"}},{"type":"Feature","geometry":{"type":"Point","coordinates":[130.129237,33.287239]},"properties":{"code":2941,"type":"IC","name":"多久ＩＣ"}},{"type":"Feature","geometry":{"type":"Point","coordinates":[130.209532,33.311164]},"properties":{"code":2944,"type":"PA","name":"小城ＰＡ"}},{"type":"Feature","geometry":{"type":"Point","coordinates":[130.210176,33.311235]},"properties":{"code":2945,"type":"スマートIC","name":"小城ＳＩＣ"}},{"type":"Feature","geometry":{"type":"Point","coordinates":[130.27854,33.32203]},"properties":{"code":2941,"type":"IC","name":"佐賀大和ＩＣ"}},{"type":"Feature","geometry":{"type":"Point","coordinates":[130.310941,33.329058]},"properties":{"code":2943,"type":"SA","name":"金立ＳＡ"}},{"type":"Feature","geometry":{"type":"Point","coordinates":[130.395226,33.353903]},"properties":{"code":2941,"type":"IC","name":"東脊振ＩＣ"}},{"type":"Feature","geometry":{"type":"Point","coordinates":[130.278497,33.572759]},"properties":{"code":2941,"type":"IC","name":"今宿ＩＣ"}},{"type":"Feature","geometry":{"type":"Point","coordinates":[130.294676,33.569362]},"properties":{"code":2941,"type":"IC","name":"拾六町ＩＣ"}},{"type":"Feature","geometry":{"type":"Point","coordinates":[130.317464,33.568396]},"properties":{"code":2942,"type":"JCT","name":"福重ＪＣＴ"}},{"type":"Feature","geometry":{"type":"Point","coordinates":[130.184469,33.530627]},"properties":{"code":2941,"type":"IC","name":"前原東ＩＣ"}},{"type":"Feature","geometry":{"type":"Point","coordinates":[130.199618,33.540465]},"properties":{"code":2941,"type":"IC","name":"前原ＩＣ"}},{"type":"Feature","geometry":{"type":"Point","coordinates":[130.25219,33.570578]},"properties":{"code":2941,"type":"IC","name":"周船寺ＩＣ"}},{"type":"Feature","geometry":{"type":"Point","coordinates":[130.493846,33.718736]},"properties":{"code":2941,"type":"IC","name":"古賀ＩＣ"}},{"type":"Feature","geometry":{"type":"Point","coordinates":[130.488782,33.627985]},"properties":{"code":2941,"type":"IC","name":"福岡ＩＣ"}},{"type":"Feature","geometry":{"type":"Point","coordinates":[130.498223,33.58967]},"properties":{"code":2944,"type":"PA","name":"須恵ＰＡ"}},{"type":"Feature","geometry":{"type":"Point","coordinates":[130.500455,33.586667]},"properties":{"code":2945,"type":"スマートIC","name":"須恵ＳＩＣ"}},{"type":"Feature","geometry":{"type":"Point","coordinates":[130.554314,33.622053]},"properties":{"code":2941,"type":"IC","name":"篠栗ＩＣ"}},{"type":"Feature","geometry":{"type":"Point","coordinates":[130.599976,33.600394]},"properties":{"code":2941,"type":"IC","name":"筑穂ＩＣ"}},{"type":"Feature","geometry":{"type":"Point","coordinates":[130.462947,33.565893]},"properties":{"code":2942,"type":"JCT","name":"月隈ＪＣＴ"}},{"type":"Feature","geometry":{"type":"Point","coordinates":[130.497408,33.531092]},"properties":{"code":2941,"type":"IC","name":"太宰府ＩＣ"}},{"type":"Feature","geometry":{"type":"Point","coordinates":[130.52011,33.473943]},"properties":{"code":2941,"type":"IC","name":"筑紫野ＩＣ"}},{"type":"Feature","geometry":{"type":"Point","coordinates":[130.531311,33.441791]},"properties":{"code":2944,"type":"PA","name":"基山ＰＡ"}},{"type":"Feature","geometry":{"type":"Point","coordinates":[130.637999,33.609794]},"properties":{"code":2941,"type":"IC","name":"穂波西ＩＣ"}},{"type":"Feature","geometry":{"type":"Point","coordinates":[130.669885,33.622803]},"properties":{"code":2941,"type":"IC","name":"穂波東ＩＣ"}},{"type":"Feature","geometry":{"type":"Point","coordinates":[130.609074,33.746788]},"properties":{"code":2941,"type":"IC","name":"若宮ＩＣ"}},{"type":"Feature","geometry":{"type":"Point","coordinates":[130.639415,33.751034]},"properties":{"code":2945,"type":"スマートIC","name":"宮田ＳＩＣ"}},{"type":"Feature","geometry":{"type":"Point","coordinates":[130.689883,33.775509]},"properties":{"code":2944,"type":"PA","name":"鞍手ＰＡ"}},{"type":"Feature","geometry":{"type":"Point","coordinates":[130.691857,33.776615]},"properties":{"code":2941,"type":"IC","name":"鞍手ＩＣ"}},{"type":"Feature","geometry":{"type":"Point","coordinates":[130.704861,33.779504]},"properties":{"code":2944,"type":"PA","name":"直方ＰＡ"}},{"type":"Feature","geometry":{"type":"Point","coordinates":[130.745373,33.780396]},"properties":{"code":2941,"type":"IC","name":"八幡ＩＣ"}},{"type":"Feature","geometry":{"type":"Point","coordinates":[130.518909,33.737866]},"properties":{"code":2943,"type":"SA","name":"古賀ＳＡ"}},{"type":"Feature","geometry":{"type":"Point","coordinates":[130.042977,33.471688]},"properties":{"code":2941,"type":"IC","name":"二丈鹿家ＩＣ"}},{"type":"Feature","geometry":{"type":"Point","coordinates":[130.077481,33.494989]},"properties":{"code":2941,"type":"IC","name":"吉井ＩＣ"}},{"type":"Feature","geometry":{"type":"Point","coordinates":[130.050488,33.44462]},"properties":{"code":2941,"type":"IC","name":"浜玉ＩＣ"}},{"type":"Feature","geometry":{"type":"Point","coordinates":[129.739566,33.354334]},"properties":{"code":2941,"type":"IC","name":"調川ＩＣ"}},{"type":"Feature","geometry":{"type":"Point","coordinates":[129.765873,33.349064]},"properties":{"code":2941,"type":"IC","name":"今福ＩＣ"}},{"type":"Feature","geometry":{"type":"Point","coordinates":[129.804969,33.319448]},"properties":{"code":2941,"type":"IC","name":"山代久原ＩＣ"}},{"type":"Feature","geometry":{"type":"Point","coordinates":[129.934788,33.38401]},"properties":{"code":2941,"type":"IC","name":"北波多ＩＣ"}},{"type":"Feature","geometry":{"type":"Point","coordinates":[129.954958,33.402749]},"properties":{"code":2941,"type":"IC","name":"唐津千々賀山田ＩＣ"}},{"type":"Feature","geometry":{"type":"Point","coordinates":[129.92393,33.343041]},"properties":{"code":2941,"type":"IC","name":"南波多谷口ＩＣ"}},{"type":"Feature","geometry":{"type":"Point","coordinates":[129.912214,33.296494]},"properties":{"code":2941,"type":"IC","name":"伊万里東府招ＩＣ"}},{"type":"Feature","geometry":{"type":"Point","coordinates":[130.000792,33.415001]},"properties":{"code":2941,"type":"IC","name":"唐津ＩＣ"}},{"type":"Feature","geometry":{"type":"Point","coordinates":[130.055938,33.317691]},"properties":{"code":2941,"type":"IC","name":"浪瀬ＩＣ"}},{"type":"Feature","geometry":{"type":"Point","coordinates":[130.070572,33.310877]},"properties":{"code":2941,"type":"IC","name":"牧瀬ＩＣ"}},{"type":"Feature","geometry":{"type":"Point","coordinates":[129.98899,33.148439]},"properties":{"code":2941,"type":"IC","name":"武雄南ＩＣ"}},{"type":"Feature","geometry":{"type":"Point","coordinates":[130.078082,33.252757]},"properties":{"code":2944,"type":"PA","name":"多久西ＰＡ"}},{"type":"Feature","geometry":{"type":"Point","coordinates":[130.049629,33.219769]},"properties":{"code":2941,"type":"IC","name":"武雄北方ＩＣ"}},{"type":"Feature","geometry":{"type":"Point","coordinates":[130.000706,33.148367]},"properties":{"code":2942,"type":"JCT","name":"武雄ＪＣＴ"}},{"type":"Feature","geometry":{"type":"Point","coordinates":[130.017443,33.160367]},"properties":{"code":2943,"type":"SA","name":"川登ＳＡ"}},{"type":"Feature","geometry":{"type":"Point","coordinates":[129.730854,33.152966]},"properties":{"code":2941,"type":"IC","name":"佐世保みなとＩＣ"}},{"type":"Feature","geometry":{"type":"Point","coordinates":[129.777417,33.146642]},"properties":{"code":2941,"type":"IC","name":"佐世保大塔ＩＣ"}},{"type":"Feature","geometry":{"type":"Point","coordinates":[129.847283,33.169528]},"properties":{"code":2941,"type":"IC","name":"佐世保三川内ＩＣ"}},{"type":"Feature","geometry":{"type":"Point","coordinates":[129.892817,33.155517]},"properties":{"code":2941,"type":"IC","name":"波佐見有田ＩＣ"}},{"type":"Feature","geometry":{"type":"Point","coordinates":[129.64335,33.228278]},"properties":{"code":2941,"type":"IC","name":"佐々ＩＣ"}},{"type":"Feature","geometry":{"type":"Point","coordinates":[129.672618,33.202283]},"properties":{"code":2941,"type":"IC","name":"相浦中里ＩＣ"}},{"type":"Feature","geometry":{"type":"Point","coordinates":[129.711885,33.173048]},"properties":{"code":2941,"type":"IC","name":"佐世保中央ＩＣ"}},{"type":"Feature","geometry":{"type":"Point","coordinates":[129.647083,33.327122]},"properties":{"code":2941,"type":"IC","name":"平戸ＩＣ"}},{"type":"Feature","geometry":{"type":"Point","coordinates":[129.721541,33.348204]},"properties":{"code":2941,"type":"IC","name":"松浦ＩＣ"}},{"type":"Feature","geometry":{"type":"Point","coordinates":[129.886551,32.796185]},"properties":{"code":2941,"type":"IC","name":"川平ＩＣ"}},{"type":"Feature","geometry":{"type":"Point","coordinates":[129.937019,32.811841]},"properties":{"code":2941,"type":"IC","name":"間の瀬ＩＣ"}},{"type":"Feature","geometry":{"type":"Point","coordinates":[129.95822,32.812598]},"properties":{"code":2941,"type":"IC","name":"古賀市布ＩＣ"}},{"type":"Feature","geometry":{"type":"Point","coordinates":[129.971781,32.811299]},"properties":{"code":2941,"type":"IC","name":"長崎多良見ＩＣ"}},{"type":"Feature","geometry":{"type":"Point","coordinates":[129.927363,32.751622]},"properties":{"code":2941,"type":"IC","name":"長崎芒塚ＩＣ"}},{"type":"Feature","geometry":{"type":"Point","coordinates":[129.904103,32.727653]},"properties":{"code":2941,"type":"IC","name":"長崎ＩＣ"}},{"type":"Feature","geometry":{"type":"Point","coordinates":[130.011606,32.833659]},"properties":{"code":2941,"type":"IC","name":"諫早ＩＣ"}},{"type":"Feature","geometry":{"type":"Point","coordinates":[129.970536,32.932912]},"properties":{"code":2941,"type":"IC","name":"大村ＩＣ"}},{"type":"Feature","geometry":{"type":"Point","coordinates":[129.980321,32.902506]},"properties":{"code":2944,"type":"PA","name":"木場ＰＡ"}},{"type":"Feature","geometry":{"type":"Point","coordinates":[129.979763,32.901461]},"properties":{"code":2945,"type":"スマートIC","name":"木場ＳＩＣ"}},{"type":"Feature","geometry":{"type":"Point","coordinates":[130.001135,32.860988]},"properties":{"code":2944,"type":"PA","name":"今村ＰＡ"}},{"type":"Feature","geometry":{"type":"Point","coordinates":[129.762311,33.065687]},"properties":{"code":2941,"type":"IC","name":"針尾ＩＣ"}},{"type":"Feature","geometry":{"type":"Point","coordinates":[129.766216,33.071908]},"properties":{"code":2944,"type":"PA","name":"高畑ＰＡ"}},{"type":"Feature","geometry":{"type":"Point","coordinates":[129.777117,33.084386]},"properties":{"code":2941,"type":"IC","name":"江上ＩＣ"}},{"type":"Feature","geometry":{"type":"Point","coordinates":[129.748321,33.043709]},"properties":{"code":2941,"type":"IC","name":"小迎ＩＣ"}},{"type":"Feature","geometry":{"type":"Point","coordinates":[129.975386,33.111422]},"properties":{"code":2941,"type":"IC","name":"嬉野ＩＣ"}},{"type":"Feature","geometry":{"type":"Point","coordinates":[129.926805,33.037018]},"properties":{"code":2941,"type":"IC","name":"東そのぎＩＣ"}},{"type":"Feature","geometry":{"type":"Point","coordinates":[129.949336,33.017588]},"properties":{"code":2944,"type":"PA","name":"大村湾ＰＡ"}},{"type":"Feature","geometry":{"type":"Point","coordinates":[130.424967,33.128315]},"properties":{"code":2941,"type":"IC","name":"大和北ＩＣ"}},{"type":"Feature","geometry":{"type":"Point","coordinates":[130.425439,33.122852]},"properties":{"code":2941,"type":"IC","name":"大和南ＩＣ"}},{"type":"Feature","geometry":{"type":"Point","coordinates":[130.429173,33.055975]},"properties":{"code":2941,"type":"IC","name":"大牟田北ＩＣ"}},{"type":"Feature","geometry":{"type":"Point","coordinates":[130.429258,33.0259]},"properties":{"code":2941,"type":"IC","name":"大牟田ＩＣ"}},{"type":"Feature","geometry":{"type":"Point","coordinates":[130.424237,33.009347]},"properties":{"code":2941,"type":"IC","name":"三池港ＩＣ"}},{"type":"Feature","geometry":{"type":"Point","coordinates":[130.437756,33.108834]},"properties":{"code":2941,"type":"IC","name":"高田ＩＣ"}},{"type":"Feature","geometry":{"type":"Point","coordinates":[130.432692,33.082085]},"properties":{"code":2941,"type":"IC","name":"黒崎ＩＣ"}},{"type":"Feature","geometry":{"type":"Point","coordinates":[130.431705,33.044141]},"properties":{"code":2941,"type":"IC","name":"健老ＩＣ"}},{"type":"Feature","geometry":{"type":"Point","coordinates":[130.517664,33.127812]},"properties":{"code":2944,"type":"PA","name":"山川ＰＡ"}},{"type":"Feature","geometry":{"type":"Point","coordinates":[130.545645,33.071872]},"properties":{"code":2941,"type":"IC","name":"南関ＩＣ"}},{"type":"Feature","geometry":{"type":"Point","coordinates":[130.584526,33.016041]},"properties":{"code":2944,"type":"PA","name":"玉名ＰＡ"}},{"type":"Feature","geometry":{"type":"Point","coordinates":[130.605941,32.987536]},"properties":{"code":2941,"type":"IC","name":"菊水ＩＣ"}},{"type":"Feature","geometry":{"type":"Point","coordinates":[130.695505,32.933236]},"properties":{"code":2941,"type":"IC","name":"植木ＩＣ"}},{"type":"Feature","geometry":{"type":"Point","coordinates":[130.717821,32.89775]},"properties":{"code":2945,"type":"スマートIC","name":"北熊本ＳＩＣ"}},{"type":"Feature","geometry":{"type":"Point","coordinates":[130.718851,32.895011]},"properties":{"code":2943,"type":"SA","name":"北熊本ＳＡ"}},{"type":"Feature","geometry":{"type":"Point","coordinates":[130.779662,32.834416]},"properties":{"code":2941,"type":"IC","name":"熊本ＩＣ"}},{"type":"Feature","geometry":{"type":"Point","coordinates":[130.77786,32.734332]},"properties":{"code":2941,"type":"IC","name":"御船ＩＣ"}},{"type":"Feature","geometry":{"type":"Point","coordinates":[130.756917,32.708372]},"properties":{"code":2944,"type":"PA","name":"緑川ＰＡ"}},{"type":"Feature","geometry":{"type":"Point","coordinates":[130.707951,32.64812]},"properties":{"code":2941,"type":"IC","name":"松橋ＩＣ"}},{"type":"Feature","geometry":{"type":"Point","coordinates":[130.742197,32.694469]},"properties":{"code":2945,"type":"スマートIC","name":"城南ＳＩＣ"}},{"type":"Feature","geometry":{"type":"Point","coordinates":[130.710526,32.577159]},"properties":{"code":2945,"type":"スマートIC","name":"宇城氷川ＳＩＣ"}},{"type":"Feature","geometry":{"type":"Point","coordinates":[130.602851,32.465417]},"properties":{"code":2941,"type":"IC","name":"八代南ＩＣ"}},{"type":"Feature","geometry":{"type":"Point","coordinates":[130.566931,32.431085]},"properties":{"code":2941,"type":"IC","name":"日奈久ＩＣ"}},{"type":"Feature","geometry":{"type":"Point","coordinates":[130.647655,32.512983]},"properties":{"code":2941,"type":"IC","name":"八代ＩＣ"}},{"type":"Feature","geometry":{"type":"Point","coordinates":[130.646281,32.504297]},"properties":{"code":2942,"type":"JCT","name":"八代ＪＣＴ"}},{"type":"Feature","geometry":{"type":"Point","coordinates":[130.681214,32.543232]},"properties":{"code":2943,"type":"SA","name":"宮原ＳＡ"}},{"type":"Feature","geometry":{"type":"Point","coordinates":[130.669069,32.442567]},"properties":{"code":2944,"type":"PA","name":"坂本ＰＡ"}},{"type":"Feature","geometry":{"type":"Point","coordinates":[130.767689,32.261298]},"properties":{"code":2943,"type":"SA","name":"山江ＳＡ"}},{"type":"Feature","geometry":{"type":"Point","coordinates":[130.515561,32.366913]},"properties":{"code":2941,"type":"IC","name":"田浦ＩＣ"}},{"type":"Feature","geometry":{"type":"Point","coordinates":[130.508823,32.297617]},"properties":{"code":2941,"type":"IC","name":"芦北ＩＣ"}},{"type":"Feature","geometry":{"type":"Point","coordinates":[130.467882,32.242171]},"properties":{"code":2941,"type":"IC","name":"津奈木ＩＣ"}},{"type":"Feature","geometry":{"type":"Point","coordinates":[130.770521,32.232406]},"properties":{"code":2941,"type":"IC","name":"人吉ＩＣ"}},{"type":"Feature","geometry":{"type":"Point","coordinates":[130.773654,32.202779]},"properties":{"code":2945,"type":"スマートIC","name":"人吉球磨ＳＩＣ"}},{"type":"Feature","geometry":{"type":"Point","coordinates":[130.755715,32.005711]},"properties":{"code":2944,"type":"PA","name":"吉松ＰＡ"}},{"type":"Feature","geometry":{"type":"Point","coordinates":[130.270772,32.075702]},"properties":{"code":2941,"type":"IC","name":"野田ＩＣ"}},{"type":"Feature","geometry":{"type":"Point","coordinates":[130.29901,32.084356]},"properties":{"code":2941,"type":"IC","name":"高尾野北ＩＣ"}},{"type":"Feature","geometry":{"type":"Point","coordinates":[130.320125,32.002581]},"properties":{"code":2941,"type":"IC","name":"中屋敷ＩＣ"}},{"type":"Feature","geometry":{"type":"Point","coordinates":[130.359735,31.953073]},"properties":{"code":2941,"type":"IC","name":"きららＩＣ"}},{"type":"Feature","geometry":{"type":"Point","coordinates":[130.331712,32.105043]},"properties":{"code":2941,"type":"IC","name":"出水ＩＣ"}},{"type":"Feature","geometry":{"type":"Point","coordinates":[130.422306,32.211058]},"properties":{"code":2941,"type":"IC","name":"水俣ＩＣ"}},{"type":"Feature","geometry":{"type":"Point","coordinates":[130.232449,32.061919]},"properties":{"code":2941,"type":"IC","name":"阿久根北ＩＣ"}},{"type":"Feature","geometry":{"type":"Point","coordinates":[130.224681,32.026597]},"properties":{"code":2941,"type":"IC","name":"阿久根ＩＣ"}},{"type":"Feature","geometry":{"type":"Point","coordinates":[130.249529,31.848107]},"properties":{"code":2941,"type":"IC","name":"薩摩川内水引ＩＣ"}},{"type":"Feature","geometry":{"type":"Point","coordinates":[130.29429,31.77444]},"properties":{"code":2941,"type":"IC","name":"薩摩川内都ＩＣ"}},{"type":"Feature","geometry":{"type":"Point","coordinates":[130.291071,31.725429]},"properties":{"code":2941,"type":"IC","name":"串木野ＩＣ"}},{"type":"Feature","geometry":{"type":"Point","coordinates":[130.322742,31.673179]},"properties":{"code":2941,"type":"IC","name":"市来ＩＣ"}},{"type":"Feature","geometry":{"type":"Point","coordinates":[130.260043,31.821455]},"properties":{"code":2941,"type":"IC","name":"薩摩川内高江ＩＣ"}},{"type":"Feature","geometry":{"type":"Point","coordinates":[130.390506,31.939053]},"properties":{"code":2941,"type":"IC","name":"さつま泊野ＩＣ"}},{"type":"Feature","geometry":{"type":"Point","coordinates":[130.686107,31.844936]},"properties":{"code":2944,"type":"PA","name":"溝辺ＰＡ"}},{"type":"Feature","geometry":{"type":"Point","coordinates":[130.720868,31.944406]},"properties":{"code":2941,"type":"IC","name":"栗野ＩＣ"}},{"type":"Feature","geometry":{"type":"Point","coordinates":[130.705118,31.897308]},"properties":{"code":2941,"type":"IC","name":"横川ＩＣ"}},{"type":"Feature","geometry":{"type":"Point","coordinates":[130.666366,31.747949]},"properties":{"code":2942,"type":"JCT","name":"加治木ＪＣＴ"}},{"type":"Feature","geometry":{"type":"Point","coordinates":[130.673747,31.744591]},"properties":{"code":2941,"type":"IC","name":"加治木ＩＣ"}},{"type":"Feature","geometry":{"type":"Point","coordinates":[130.61564,31.727291]},"properties":{"code":2943,"type":"SA","name":"桜島ＳＡ"}},{"type":"Feature","geometry":{"type":"Point","coordinates":[130.61564,31.726598]},"properties":{"code":2945,"type":"スマートIC","name":"桜島ＳＩＣ"}},{"type":"Feature","geometry":{"type":"Point","coordinates":[130.717478,31.789543]},"properties":{"code":2941,"type":"IC","name":"溝辺鹿児島空港ＩＣ"}},{"type":"Feature","geometry":{"type":"Point","coordinates":[130.698252,31.738752]},"properties":{"code":2941,"type":"IC","name":"隼人西ＩＣ"}},{"type":"Feature","geometry":{"type":"Point","coordinates":[130.732713,31.721305]},"properties":{"code":2941,"type":"IC","name":"隼人東ＩＣ"}},{"type":"Feature","geometry":{"type":"Point","coordinates":[130.779061,31.705533]},"properties":{"code":2941,"type":"IC","name":"国分ＩＣ"}},{"type":"Feature","geometry":{"type":"Point","coordinates":[130.58826,31.728897]},"properties":{"code":2941,"type":"IC","name":"姶良ＩＣ"}},{"type":"Feature","geometry":{"type":"Point","coordinates":[130.564613,31.673106]},"properties":{"code":2941,"type":"IC","name":"薩摩吉田ＩＣ"}},{"type":"Feature","geometry":{"type":"Point","coordinates":[130.460114,31.606756]},"properties":{"code":2941,"type":"IC","name":"松元ＩＣ"}},{"type":"Feature","geometry":{"type":"Point","coordinates":[130.507236,31.589978]},"properties":{"code":2941,"type":"IC","name":"鹿児島西ＩＣ"}},{"type":"Feature","geometry":{"type":"Point","coordinates":[130.514832,31.585701]},"properties":{"code":2941,"type":"IC","name":"鹿児島ＩＣ"}},{"type":"Feature","geometry":{"type":"Point","coordinates":[130.487494,31.551806]},"properties":{"code":2941,"type":"IC","name":"中山ＩＣ"}},{"type":"Feature","geometry":{"type":"Point","coordinates":[130.49994,31.567676]},"properties":{"code":2941,"type":"IC","name":"山田ＩＣ"}},{"type":"Feature","geometry":{"type":"Point","coordinates":[130.489855,31.526495]},"properties":{"code":2941,"type":"IC","name":"谷山ＩＣ"}},{"type":"Feature","geometry":{"type":"Point","coordinates":[130.524058,31.622581]},"properties":{"code":2941,"type":"IC","name":"鹿児島北ＩＣ"}},{"type":"Feature","geometry":{"type":"Point","coordinates":[130.476294,31.496055]},"properties":{"code":2941,"type":"IC","name":"錫山ＩＣ"}},{"type":"Feature","geometry":{"type":"Point","coordinates":[130.482087,31.450888]},"properties":{"code":2941,"type":"IC","name":"川辺ＩＣ"}},{"type":"Feature","geometry":{"type":"Point","coordinates":[130.502343,31.405077]},"properties":{"code":2941,"type":"IC","name":"知覧ＩＣ"}},{"type":"Feature","geometry":{"type":"Point","coordinates":[130.355873,31.64012]},"properties":{"code":2944,"type":"PA","name":"美山ＰＡ"}},{"type":"Feature","geometry":{"type":"Point","coordinates":[130.356903,31.639206]},"properties":{"code":2941,"type":"IC","name":"美山ＩＣ"}},{"type":"Feature","geometry":{"type":"Point","coordinates":[130.411577,31.619438]},"properties":{"code":2941,"type":"IC","name":"伊集院ＩＣ"}},{"type":"Feature","geometry":{"type":"Point","coordinates":[130.494146,31.335421]},"properties":{"code":2941,"type":"IC","name":"頴娃ＩＣ"}},{"type":"Feature","geometry":{"type":"Point","coordinates":[131.388373,31.622142]},"properties":{"code":2941,"type":"IC","name":"日南東郷ＩＣ"}},{"type":"Feature","geometry":{"type":"Point","coordinates":[130.999389,31.447008]},"properties":{"code":2941,"type":"IC","name":"大崎ＩＣ"}},{"type":"Feature","geometry":{"type":"Point","coordinates":[131.059041,31.467691]},"properties":{"code":2941,"type":"IC","name":"志布志有明ＩＣ"}},{"type":"Feature","geometry":{"type":"Point","coordinates":[131.08552,31.49159]},"properties":{"code":2941,"type":"IC","name":"志布志ＩＣ"}},{"type":"Feature","geometry":{"type":"Point","coordinates":[130.902443,31.451035]},"properties":{"code":2942,"type":"JCT","name":"鹿屋串良ＪＣＴ"}},{"type":"Feature","geometry":{"type":"Point","coordinates":[130.923944,31.497262]},"properties":{"code":2941,"type":"IC","name":"野方ＩＣ"}},{"type":"Feature","geometry":{"type":"Point","coordinates":[130.966129,31.591404]},"properties":{"code":2941,"type":"IC","name":"曽於弥五郎ＩＣ"}},{"type":"Feature","geometry":{"type":"Point","coordinates":[131.111956,31.782283]},"properties":{"code":2941,"type":"IC","name":"都城ＩＣ"}},{"type":"Feature","geometry":{"type":"Point","coordinates":[130.792751,31.73408]},"properties":{"code":2944,"type":"PA","name":"国分ＰＡ"}},{"type":"Feature","geometry":{"type":"Point","coordinates":[130.937333,31.678548]},"properties":{"code":2941,"type":"IC","name":"末吉財部ＩＣ"}},{"type":"Feature","geometry":{"type":"Point","coordinates":[131.017885,31.929365]},"properties":{"code":2941,"type":"IC","name":"高原ＩＣ"}},{"type":"Feature","geometry":{"type":"Point","coordinates":[131.032047,31.90168]},"properties":{"code":2944,"type":"PA","name":"日向高崎ＰＡ"}},{"type":"Feature","geometry":{"type":"Point","coordinates":[131.3025,31.821528]},"properties":{"code":2941,"type":"IC","name":"田野ＩＣ"}},{"type":"Feature","geometry":{"type":"Point","coordinates":[131.163154,31.795452]},"properties":{"code":2945,"type":"スマートIC","name":"山之口ＳＩＣ"}},{"type":"Feature","geometry":{"type":"Point","coordinates":[131.163325,31.794504]},"properties":{"code":2943,"type":"SA","name":"山之口ＳＡ"}},{"type":"Feature","geometry":{"type":"Point","coordinates":[131.379704,31.688043]},"properties":{"code":2941,"type":"IC","name":"日南北郷ＩＣ"}},{"type":"Feature","geometry":{"type":"Point","coordinates":[131.357174,31.93552]},"properties":{"code":2941,"type":"IC","name":"宮崎西ＩＣ"}},{"type":"Feature","geometry":{"type":"Point","coordinates":[131.365585,31.909512]},"properties":{"code":2944,"type":"PA","name":"宮崎ＰＡ"}},{"type":"Feature","geometry":{"type":"Point","coordinates":[131.358719,31.868446]},"properties":{"code":2941,"type":"IC","name":"清武ＩＣ"}},{"type":"Feature","geometry":{"type":"Point","coordinates":[131.357861,31.848326]},"properties":{"code":2942,"type":"JCT","name":"清武ＪＣＴ"}},{"type":"Feature","geometry":{"type":"Point","coordinates":[131.358032,31.837754]},"properties":{"code":2941,"type":"IC","name":"清武南ＩＣ"}},{"type":"Feature","geometry":{"type":"Point","coordinates":[131.398029,31.867462]},"properties":{"code":2944,"type":"PA","name":"清武ＰＡ"}},{"type":"Feature","geometry":{"type":"Point","coordinates":[131.415796,31.870597]},"properties":{"code":2941,"type":"IC","name":"宮崎ＩＣ"}},{"type":"Feature","geometry":{"type":"Point","coordinates":[127.970724,26.490048]},"properties":{"code":2941,"type":"IC","name":"宜野座ＩＣ"}},{"type":"Feature","geometry":{"type":"Point","coordinates":[127.788377,26.335884]},"properties":{"code":2941,"type":"IC","name":"沖縄南ＩＣ"}},{"type":"Feature","geometry":{"type":"Point","coordinates":[127.792025,26.301841]},"properties":{"code":2945,"type":"スマートIC","name":"喜舎場ＳＩＣ"}},{"type":"Feature","geometry":{"type":"Point","coordinates":[127.78091,26.275754]},"properties":{"code":2944,"type":"PA","name":"中城ＰＡ"}},{"type":"Feature","geometry":{"type":"Point","coordinates":[127.78842,26.290222]},"properties":{"code":2941,"type":"IC","name":"北中城ＩＣ"}},{"type":"Feature","geometry":{"type":"Point","coordinates":[127.671518,26.175506]},"properties":{"code":2941,"type":"IC","name":"豊見城・名嘉地ＩＣ"}},{"type":"Feature","geometry":{"type":"Point","coordinates":[127.69701,26.172116]},"properties":{"code":2941,"type":"IC","name":"豊見城ＩＣ"}},{"type":"Feature","geometry":{"type":"Point","coordinates":[127.726707,26.212011]},"properties":{"code":2941,"type":"IC","name":"那覇ＩＣ"}},{"type":"Feature","geometry":{"type":"Point","coordinates":[127.738853,26.220289]},"properties":{"code":2942,"type":"JCT","name":"西原ＪＣＴ"}},{"type":"Feature","geometry":{"type":"Point","coordinates":[127.739496,26.200268]},"properties":{"code":2941,"type":"IC","name":"南風原北ＩＣ"}},{"type":"Feature","geometry":{"type":"Point","coordinates":[127.750697,26.247774]},"properties":{"code":2941,"type":"IC","name":"西原ＩＣ"}},{"type":"Feature","geometry":{"type":"Point","coordinates":[127.724347,26.180975]},"properties":{"code":2941,"type":"IC","name":"南風原南ＩＣ"}},{"type":"Feature","geometry":{"type":"Point","coordinates":[127.817945,26.374069]},"properties":{"code":2941,"type":"IC","name":"沖縄北ＩＣ"}},{"type":"Feature","geometry":{"type":"Point","coordinates":[127.829061,26.438337]},"properties":{"code":2941,"type":"IC","name":"石川ＩＣ"}},{"type":"Feature","geometry":{"type":"Point","coordinates":[127.849016,26.454744]},"properties":{"code":2941,"type":"IC","name":"屋嘉ＩＣ"}},{"type":"Feature","geometry":{"type":"Point","coordinates":[127.870903,26.460085]},"properties":{"code":2943,"type":"SA","name":"伊芸ＳＡ"}},{"type":"Feature","geometry":{"type":"Point","coordinates":[127.958751,26.541045]},"properties":{"code":2941,"type":"IC","name":"許田ＩＣ"}},{"type":"Feature","geometry":{"type":"Point","coordinates":[127.901673,26.458548]},"properties":{"code":2941,"type":"IC","name":"金武ＩＣ"}}]}